Age,Gender,MaritalStatus,Education,EducationField,Department,JobRole,JobLevel,BusinessTravel,TotalWorkingYears,YearsAtCompany,YearsInCurrentRole,YearsSinceLastPromotion,YearsWithCurrManager,NumCompaniesWorked,TrainingTimesLastYear,JobSatisfaction,JobInvolvement,EnvironmentSatisfaction,RelationshipSatisfaction,WorkLifeBalance,Attrition,PromotionGapRatio,RoleStagnationIndex,TrainingIntensityScore,ManagerStabilityRatio,CareerCluster,CareerClusterName,PromotionGapScore,PromotionGapCategory,TrainingNeedScore,TrainingNeedIndicator,RetentionOpportunityIndex,RetentionOpportunityCategory,SuggestedAction
41,Female,Single,2,Life Sciences,Sales,Sales Executive,2,Travel_Rarely,8,6,4,0,5,8,0,4,3,2,1,1,1,0.0,0.6666666666666666,0.0,0.8333333333333334,1,Cluster 1,0.15555555555555556,Low,0.731111111111111,High,0.580788158400615,Medium,Training / Skill Development
49,Male,Married,1,Life Sciences,Research & Development,Research Scientist,2,Travel_Frequently,10,10,7,1,7,1,3,2,2,3,4,3,0,0.1,0.7,0.3,0.7,1,Cluster 1,0.25055555555555553,Low,0.735111111111111,High,0.5049307683857857,Medium,Training / Skill Development
37,Male,Single,2,Other,Research & Development,Laboratory Technician,1,Travel_Rarely,7,0,0,0,0,6,3,3,2,4,2,3,1,0.0,0.0,3.0,0.0,0,Cluster 0,0.0,Low,0.25,Low,0.14016312407315867,Low,Managerial / Team Review
33,Female,Married,4,Life Sciences,Research & Development,Research Scientist,1,Travel_Frequently,8,8,7,3,0,1,3,3,3,4,3,3,0,0.375,0.875,0.375,0.0,1,Cluster 1,0.39222222222222225,Medium,0.8096944444444444,High,0.599829433734278,Medium,Training / Skill Development
27,Male,Married,1,Medical,Research & Development,Laboratory Technician,1,Travel_Rarely,6,2,2,2,2,9,3,2,3,1,4,3,0,1.0,1.0,1.5,1.0,2,Cluster 2,0.47444444444444445,Medium,0.769888888888889,High,0.7160179052012962,High,Training / Skill Development
32,Male,Single,2,Life Sciences,Research & Development,Laboratory Technician,1,Travel_Frequently,8,7,7,3,6,0,2,4,3,4,3,2,0,0.42857142857142855,1.0,0.2857142857142857,0.8571428571428571,2,Cluster 2,0.4243650793650794,Medium,0.861063492063492,High,0.7680224756569294,High,Training / Skill Development
59,Female,Married,3,Medical,Research & Development,Laboratory Technician,1,Travel_Rarely,12,1,0,0,0,4,3,1,4,3,1,2,0,0.0,0.0,3.0,0.0,0,Cluster 0,0.0,Low,0.25,Low,0.14016312407315867,Low,Managerial / Team Review
30,Male,Divorced,1,Life Sciences,Research & Development,Laboratory Technician,1,Travel_Rarely,1,1,0,0,0,1,2,3,3,4,2,3,0,0.0,0.0,2.0,0.0,0,Cluster 0,0.0,Low,0.33333333333333337,Medium,0.18688416543087827,Low,Managerial / Team Review
38,Male,Single,3,Life Sciences,Research & Development,Manufacturing Director,3,Travel_Frequently,10,9,7,1,8,0,2,3,2,4,2,3,0,0.1111111111111111,0.7777777777777778,0.2222222222222222,0.8888888888888888,1,Cluster 1,0.265,Low,0.7678148148148148,High,0.5861847000238004,Medium,Training / Skill Development
36,Male,Married,3,Medical,Research & Development,Healthcare Representative,2,Travel_Rarely,17,7,7,7,7,6,3,3,3,3,2,2,0,1.0,1.0,0.42857142857142855,1.0,2,Cluster 2,0.6605555555555556,High,0.8963968253968253,High,0.8255083876687929,High,Training + Promotion Review
35,Male,Married,3,Medical,Research & Development,Laboratory Technician,1,Travel_Rarely,6,5,4,0,3,0,5,2,4,1,3,3,0,0.0,0.8,1.0,0.6,1,Cluster 1,0.17555555555555555,Low,0.6917777777777778,High,0.5571358268797715,Medium,Training / Skill Development
29,Female,Single,2,Life Sciences,Research & Development,Laboratory Technician,2,Travel_Rarely,10,9,5,0,8,0,3,3,2,4,4,3,0,0.0,0.5555555555555556,0.3333333333333333,0.8888888888888888,1,Cluster 1,0.1527777777777778,Low,0.6694444444444444,High,0.4811590322403472,Medium,Training / Skill Development
31,Male,Divorced,1,Life Sciences,Research & Development,Research Scientist,1,Travel_Rarely,5,5,2,4,3,1,1,3,3,1,4,2,0,0.8,0.4,0.2,0.6,2,Cluster 2,0.3811111111111111,Medium,0.6795555555555555,High,0.5168389630361948,Medium,Training / Skill Development
34,Male,Divorced,2,Medical,Research & Development,Laboratory Technician,1,Travel_Rarely,3,2,2,1,2,0,2,4,3,2,3,3,0,0.5,1.0,1.0,1.0,2,Cluster 2,0.32611111111111113,Low,0.7818888888888889,High,0.7401124018234744,High,Training / Skill Development
28,Male,Single,3,Life Sciences,Research & Development,Laboratory Technician,1,Travel_Rarely,6,4,2,0,3,5,4,3,2,3,2,3,1,0.0,0.5,1.0,0.75,1,Cluster 1,0.10277777777777777,Low,0.5872222222222222,Medium,0.4251720492118416,Medium,Career Development Discussion
29,Female,Divorced,4,Life Sciences,Research & Development,Manufacturing Director,3,Travel_Rarely,10,10,9,8,8,1,1,1,4,2,3,3,0,0.8,0.9,0.1,0.8,2,Cluster 2,0.6466666666666667,Medium,0.891,High,0.7421413741967376,High,Training / Skill Development
32,Male,Divorced,2,Life Sciences,Research & Development,Research Scientist,1,Travel_Rarely,7,6,2,0,5,0,5,2,4,1,4,2,0,0.0,0.3333333333333333,0.8333333333333334,0.8333333333333334,1,Cluster 1,0.07777777777777778,Low,0.5461111111111111,Medium,0.41106744658647765,Medium,Career Development Discussion
22,Male,Divorced,2,Medical,Research & Development,Laboratory Technician,1,Non-Travel,1,1,0,0,0,1,2,4,4,4,2,2,0,0.0,0.0,2.0,0.0,0,Cluster 0,0.0,Low,0.33333333333333337,Medium,0.2535508320975449,Low,Managerial / Team Review
53,Female,Married,4,Life Sciences,Sales,Manager,4,Travel_Rarely,31,25,8,3,7,2,3,4,2,1,3,3,0,0.12,0.32,0.12,0.28,3,Cluster 3,0.2591111111111111,Low,0.6378222222222222,Medium,0.42153439885758226,Medium,Managerial / Team Review
38,Male,Single,3,Life Sciences,Research & Development,Research Scientist,1,Travel_Rarely,6,3,2,1,2,5,3,4,3,4,3,3,0,0.3333333333333333,0.6666666666666666,1.0,0.6666666666666666,1,Cluster 1,0.2344444444444444,Low,0.6635555555555556,High,0.5769351897621794,Medium,Training / Skill Development
24,Female,Divorced,2,Other,Research & Development,Manufacturing Director,2,Non-Travel,5,4,2,1,3,0,5,3,4,1,4,2,0,0.25,0.5,1.25,0.75,1,Cluster 1,0.18861111111111112,Low,0.5835555555555556,Medium,0.5169996567254352,Medium,Career Development Discussion
36,Male,Single,4,Life Sciences,Sales,Sales Representative,1,Travel_Rarely,10,5,3,0,3,7,4,1,2,3,2,3,1,0.0,0.6,0.8,0.6,1,Cluster 1,0.13166666666666665,Low,0.6396666666666666,Medium,0.38559738012852196,Medium,Career Rotation
34,Female,Single,4,Life Sciences,Research & Development,Research Director,3,Travel_Rarely,13,12,6,2,11,0,4,2,3,1,3,3,0,0.16666666666666666,0.5,0.3333333333333333,0.9166666666666666,3,Cluster 3,0.24666666666666665,Low,0.6715555555555556,High,0.49855374306585376,Medium,Training / Skill Development
21,Male,Single,2,Life Sciences,Research & Development,Research Scientist,1,Travel_Rarely,0,0,0,0,0,1,6,4,3,3,4,3,0,0.0,0.0,6.0,0.0,0,Cluster 0,0.0,Low,0.0,Low,0.16666666666666669,Low,Managerial / Team Review
34,Male,Single,1,Medical,Research & Development,Research Scientist,1,Travel_Rarely,8,4,2,1,3,2,2,1,3,2,3,3,1,0.25,0.5,0.5,0.75,1,Cluster 1,0.18861111111111112,Low,0.6460555555555555,Medium,0.4270404377437249,Medium,Career Development Discussion
53,Female,Divorced,3,Other,Research & Development,Manager,5,Travel_Rarely,26,14,13,4,8,4,3,3,3,3,4,2,0,0.2857142857142857,0.9285714285714286,0.21428571428571427,0.5714285714285714,3,Cluster 3,0.48460317460317454,Medium,0.8576349206349205,High,0.7057811909077356,High,Training / Skill Development
32,Female,Single,1,Life Sciences,Research & Development,Research Scientist,1,Travel_Frequently,10,10,2,6,7,1,5,1,1,2,2,3,1,0.6,0.2,0.5,0.7,2,Cluster 2,0.34777777777777774,Medium,0.5878888888888889,Medium,0.3187791508760367,Low,Career Development Discussion
42,Male,Married,4,Marketing,Sales,Sales Executive,2,Travel_Rarely,10,9,7,4,2,0,2,2,3,3,4,3,0,0.4444444444444444,0.7777777777777778,0.2222222222222222,0.2222222222222222,1,Cluster 1,0.41833333333333333,Medium,0.7984814814814815,High,0.5704447099101079,Medium,Training / Skill Development
44,Female,Married,4,Medical,Research & Development,Healthcare Representative,3,Travel_Rarely,24,22,6,5,17,3,4,4,2,1,4,3,0,0.22727272727272727,0.2727272727272727,0.18181818181818182,0.7727272727272727,3,Cluster 3,0.2977272727272727,Low,0.6262121212121212,Medium,0.4687086010874938,Medium,Career Development Discussion
46,Female,Single,4,Marketing,Sales,Manager,5,Travel_Rarely,22,2,2,2,1,3,2,1,3,2,4,2,0,1.0,1.0,1.0,0.5,2,Cluster 2,0.47444444444444445,Medium,0.8115555555555556,High,0.639378425880156,Medium,Training / Skill Development
33,Male,Single,3,Medical,Research & Development,Laboratory Technician,1,Travel_Rarely,7,1,1,0,0,4,3,4,3,3,4,3,0,0.0,1.0,3.0,0.0,0,Cluster 0,0.1638888888888889,Low,0.5827777777777778,Medium,0.5594580381172076,Medium,Career Rotation
44,Male,Married,4,Other,Research & Development,Healthcare Representative,2,Travel_Rarely,9,4,2,1,3,2,5,4,3,4,4,4,0,0.25,0.5,1.25,0.75,1,Cluster 1,0.18861111111111112,Low,0.5835555555555556,Medium,0.5169996567254352,Medium,Career Development Discussion
30,Male,Single,2,Medical,Research & Development,Laboratory Technician,1,Travel_Rarely,10,10,0,1,8,1,5,3,2,4,1,3,0,0.1,0.0,0.5,0.8,1,Cluster 1,0.04833333333333333,Low,0.46799999999999997,Medium,0.26968536826495304,Low,Career Development Discussion
39,Male,Married,3,Technical Degree,Sales,Sales Representative,2,Travel_Rarely,19,1,0,0,0,3,6,4,3,4,3,4,1,0.0,0.0,6.0,0.0,0,Cluster 0,0.0,Low,0.0,Low,0.16666666666666669,Low,Managerial / Team Review
24,Male,Married,3,Medical,Research & Development,Research Scientist,1,Travel_Rarely,6,2,0,2,0,2,2,4,3,2,1,2,1,1.0,0.0,1.0,0.0,0,Cluster 0,0.29666666666666663,Low,0.47600000000000003,Medium,0.3321372549019608,Medium,Managerial / Team Review
43,Female,Divorced,2,Medical,Research & Development,Research Scientist,1,Travel_Rarely,6,5,3,1,4,1,3,3,4,4,4,2,0,0.2,0.6,0.6,0.8,1,Cluster 1,0.20500000000000002,Low,0.671,High,0.5659644916790245,Medium,Training / Skill Development
50,Male,Married,2,Marketing,Sales,Sales Representative,1,Travel_Rarely,3,3,2,0,2,1,2,3,2,1,3,3,1,0.0,0.6666666666666666,0.6666666666666666,0.6666666666666666,1,Cluster 1,0.12777777777777777,Low,0.6699999999999999,High,0.4793038391827319,Medium,Training / Skill Development
35,Female,Married,3,Marketing,Sales,Sales Representative,1,Travel_Rarely,2,2,2,2,2,1,3,4,3,4,1,3,0,1.0,1.0,1.5,1.0,2,Cluster 2,0.47444444444444445,Medium,0.769888888888889,High,0.7826845718679628,High,Training / Skill Development
36,Female,Married,4,Life Sciences,Research & Development,Research Scientist,1,Travel_Rarely,6,1,1,0,0,9,3,1,2,2,4,4,0,0.0,1.0,3.0,0.0,0,Cluster 0,0.1638888888888889,Low,0.5827777777777778,Medium,0.4261247047838743,Medium,Career Rotation
33,Female,Married,3,Life Sciences,Sales,Sales Executive,2,Travel_Frequently,10,5,3,1,3,2,3,1,4,3,1,3,0,0.2,0.6,0.6,0.6,1,Cluster 1,0.20500000000000002,Low,0.671,High,0.47929782501235785,Medium,Training / Skill Development
35,Male,Divorced,2,Other,Research & Development,Laboratory Technician,1,Travel_Rarely,1,1,0,0,0,1,3,4,3,3,3,3,0,0.0,0.0,3.0,0.0,0,Cluster 0,0.0,Low,0.25,Low,0.20682979073982535,Low,Managerial / Team Review
27,Female,Divorced,4,Life Sciences,Research & Development,Laboratory Technician,1,Travel_Rarely,1,1,0,0,0,1,6,1,3,4,4,3,0,0.0,0.0,6.0,0.0,0,Cluster 0,0.0,Low,0.0,Low,0.06666666666666668,Low,Managerial / Team Review
26,Male,Single,3,Life Sciences,Research & Development,Laboratory Technician,1,Travel_Rarely,1,1,0,0,1,1,2,3,1,1,3,2,1,0.0,0.0,2.0,1.0,0,Cluster 0,0.0,Low,0.33333333333333337,Medium,0.2202174987642116,Low,Career Development Discussion
27,Male,Single,3,Life Sciences,Sales,Sales Executive,3,Travel_Frequently,9,9,8,1,7,1,0,3,3,4,4,3,0,0.1111111111111111,0.8888888888888888,0.0,0.7777777777777778,1,Cluster 1,0.29555555555555557,Low,0.8257777777777777,High,0.6546632613829846,Medium,Training / Skill Development
30,Female,Single,2,Medical,Research & Development,Laboratory Technician,2,Travel_Frequently,12,12,8,3,7,1,2,4,3,3,4,3,0,0.25,0.6666666666666666,0.16666666666666666,0.5833333333333334,1,Cluster 1,0.3436111111111111,Medium,0.7548333333333334,High,0.6160158592848904,Medium,Training / Skill Development
41,Female,Married,3,Technical Degree,Research & Development,Research Director,5,Travel_Rarely,23,22,15,15,8,1,0,3,3,2,4,3,1,0.6818181818181818,0.6818181818181818,0.0,0.36363636363636365,3,Cluster 3,0.831060606060606,High,0.8707575757575758,High,0.7293590751808745,High,Training + Promotion Review
34,Male,Single,4,Marketing,Sales,Sales Executive,2,Non-Travel,10,9,5,8,7,0,2,3,3,2,3,3,0,0.8888888888888888,0.5555555555555556,0.2222222222222222,0.7777777777777778,2,Cluster 2,0.5616666666666666,Medium,0.7604814814814815,High,0.6406732483843209,Medium,Training / Skill Development
37,Male,Married,2,Life Sciences,Research & Development,Research Scientist,1,Travel_Rarely,8,1,0,0,0,4,1,2,3,2,1,3,0,0.0,0.0,1.0,0.0,0,Cluster 0,0.0,Low,0.4166666666666667,Medium,0.16693854012193113,Low,Managerial / Team Review
46,Male,Single,4,Marketing,Sales,Sales Executive,2,Travel_Frequently,14,9,6,0,8,4,4,4,3,1,3,3,0,0.0,0.6666666666666666,0.4444444444444444,0.8888888888888888,1,Cluster 1,0.18333333333333332,Low,0.6996296296296296,High,0.5896194687025137,Medium,Training / Skill Development
35,Male,Married,1,Life Sciences,Research & Development,Laboratory Technician,1,Travel_Rarely,1,1,0,0,1,1,2,4,4,4,4,3,0,0.0,0.0,2.0,1.0,0,Cluster 0,0.0,Low,0.33333333333333337,Medium,0.3535508320975449,Medium,Career Development Discussion
48,Male,Single,2,Life Sciences,Research & Development,Laboratory Technician,3,Travel_Rarely,23,1,0,0,0,9,2,3,2,1,4,3,1,0.0,0.0,2.0,0.0,0,Cluster 0,0.0,Low,0.33333333333333337,Medium,0.15355083209754491,Low,Managerial / Team Review
28,Male,Single,4,Technical Degree,Research & Development,Laboratory Technician,1,Travel_Rarely,2,2,2,2,2,1,3,3,3,3,3,2,1,1.0,1.0,1.5,1.0,2,Cluster 2,0.47444444444444445,Medium,0.769888888888889,High,0.7493512385346295,High,Training / Skill Development
44,Female,Divorced,5,Marketing,Sales,Sales Executive,2,Travel_Rarely,9,4,3,1,3,5,2,1,3,2,3,2,0,0.25,0.75,0.5,0.75,1,Cluster 1,0.24,Low,0.7313333333333334,High,0.5186571922886802,Medium,Training / Skill Development
35,Male,Married,2,Medical,Research & Development,Healthcare Representative,3,Non-Travel,10,4,0,2,3,2,3,1,2,3,3,3,0,0.5,0.0,0.75,0.75,1,Cluster 1,0.17166666666666666,Low,0.4718333333333333,Medium,0.23563453616740815,Low,Career Development Discussion
26,Female,Married,3,Marketing,Sales,Sales Executive,2,Travel_Rarely,5,2,2,0,0,7,2,4,2,3,3,2,0,0.0,1.0,1.0,0.0,1,Cluster 1,0.17777777777777776,Low,0.7522222222222222,High,0.5575130444334596,Medium,Training / Skill Development
33,Female,Single,2,Life Sciences,Research & Development,Research Director,3,Travel_Frequently,15,15,14,8,12,1,1,4,3,1,3,3,0,0.5333333333333333,0.9333333333333333,0.06666666666666667,0.8,3,Cluster 3,0.6544444444444444,Medium,0.9053333333333333,High,0.8217773933102653,High,Training / Skill Development
35,Male,Married,5,Life Sciences,Sales,Sales Executive,3,Travel_Frequently,9,9,8,1,8,1,3,1,3,2,4,2,0,0.1111111111111111,0.8888888888888888,0.3333333333333333,0.8888888888888888,1,Cluster 1,0.29555555555555557,Low,0.798,High,0.594645136485967,Medium,Training / Skill Development
35,Female,Married,4,Medical,Research & Development,Laboratory Technician,1,Travel_Rarely,4,2,2,2,2,3,3,1,3,3,3,3,0,1.0,1.0,1.5,1.0,2,Cluster 2,0.47444444444444445,Medium,0.769888888888889,High,0.6826845718679628,High,Training / Skill Development
31,Male,Divorced,4,Life Sciences,Research & Development,Laboratory Technician,2,Travel_Rarely,10,7,7,1,7,3,3,4,3,4,4,2,0,0.14285714285714285,1.0,0.42857142857142855,1.0,1,Cluster 1,0.30626984126984125,Low,0.8255396825396825,High,0.7411726298362482,High,Training / Skill Development
37,Male,Divorced,4,Life Sciences,Research & Development,Manufacturing Director,2,Travel_Rarely,7,7,5,0,7,1,2,3,2,1,3,4,0,0.0,0.7142857142857143,0.2857142857142857,1.0,1,Cluster 1,0.17658730158730157,Low,0.7257936507936508,High,0.5481481808409638,Medium,Training / Skill Development
32,Male,Married,3,Medical,Research & Development,Manufacturing Director,2,Travel_Rarely,9,9,8,7,8,1,3,4,3,1,2,3,0,0.7777777777777778,0.8888888888888888,0.3333333333333333,0.8888888888888888,2,Cluster 2,0.6022222222222222,Medium,0.8593333333333334,High,0.7964984895919152,High,Training / Skill Development
38,Female,Single,5,Life Sciences,Research & Development,Laboratory Technician,2,Travel_Frequently,10,10,3,9,9,1,2,4,3,4,4,3,0,0.9,0.3,0.2,0.9,2,Cluster 2,0.5216666666666667,Medium,0.6776666666666668,High,0.5970355083209754,Medium,Training / Skill Development
50,Female,Divorced,2,Medical,Research & Development,Research Director,5,Travel_Rarely,29,27,3,13,8,5,2,3,2,2,4,2,0,0.48148148148148145,0.1111111111111111,0.07407407407407407,0.2962962962962963,3,Cluster 3,0.48203703703703704,Medium,0.6235679012345678,Medium,0.4021962584598109,Medium,Managerial / Team Review
59,Female,Single,3,Life Sciences,Sales,Sales Executive,3,Travel_Rarely,28,21,16,7,9,7,3,1,3,1,4,2,0,0.3333333333333333,0.7619047619047619,0.14285714285714285,0.42857142857142855,3,Cluster 3,0.5831746031746031,Medium,0.8333015873015872,High,0.6088243611169958,Medium,Training / Skill Development
36,Female,Divorced,3,Technical Degree,Research & Development,Healthcare Representative,3,Travel_Rarely,17,17,14,12,8,1,2,3,3,3,2,3,0,0.7058823529411765,0.8235294117647058,0.11764705882352941,0.47058823529411764,3,Cluster 3,0.7744444444444444,High,0.8921437908496731,High,0.761932970189229,High,Training + Promotion Review
55,Female,Divorced,3,Medical,Research & Development,Manager,4,Travel_Rarely,21,5,0,0,2,2,2,3,3,4,3,3,0,0.0,0.0,0.4,0.4,1,Cluster 1,0.0,Low,0.4666666666666667,Medium,0.24830449826989623,Low,Career Development Discussion
36,Male,Single,3,Life Sciences,Research & Development,Manufacturing Director,2,Travel_Frequently,6,6,5,0,3,1,3,2,2,2,3,3,0,0.0,0.8333333333333334,0.5,0.5,1,Cluster 1,0.19444444444444445,Low,0.7472222222222221,High,0.5033764486186632,Medium,Training / Skill Development
45,Male,Divorced,3,Life Sciences,Research & Development,Research Scientist,3,Travel_Rarely,25,1,0,0,0,2,2,1,3,2,3,3,0,0.0,0.0,2.0,0.0,0,Cluster 0,0.0,Low,0.33333333333333337,Medium,0.12021749876421159,Low,Managerial / Team Review
35,Male,Married,3,Medical,Research & Development,Research Scientist,1,Travel_Frequently,5,3,2,1,2,4,2,1,3,2,4,2,0,0.3333333333333333,0.6666666666666666,0.6666666666666666,0.6666666666666666,1,Cluster 1,0.2344444444444444,Low,0.6913333333333332,High,0.48139775910364146,Medium,Training / Skill Development
36,Male,Married,3,Medical,Research & Development,Research Scientist,1,Travel_Rarely,2,1,0,0,0,0,0,3,2,4,1,2,1,0.0,0.0,0.0,0.0,0,Cluster 0,0.0,Low,0.5,Medium,0.18032624814631737,Low,Managerial / Team Review
59,Female,Single,1,Life Sciences,Sales,Sales Executive,2,Travel_Frequently,20,4,3,1,3,7,2,3,2,1,4,2,0,0.25,0.75,0.5,0.75,1,Cluster 1,0.24,Low,0.7313333333333334,High,0.5519905256220136,Medium,Training / Skill Development
29,Male,Married,3,Life Sciences,Research & Development,Research Scientist,1,Travel_Rarely,6,5,4,0,4,0,3,2,3,3,4,3,0,0.0,0.8,0.6,0.8,1,Cluster 1,0.17555555555555555,Low,0.725111111111111,High,0.5491575767561927,Medium,Training / Skill Development
31,Male,Single,4,Medical,Research & Development,Research Scientist,1,Travel_Rarely,1,1,1,1,0,1,4,2,3,3,2,3,0,1.0,1.0,4.0,0.0,0,Cluster 0,0.4372222222222222,Medium,0.5541111111111111,Medium,0.5701859998901522,Medium,Career Rotation
32,Male,Married,3,Life Sciences,Research & Development,Research Scientist,2,Travel_Rarely,10,10,4,0,9,1,3,2,3,2,2,3,0,0.0,0.4,0.3,0.9,1,Cluster 1,0.11555555555555555,Low,0.6181111111111111,Medium,0.4239677596528808,Medium,Career Development Discussion
36,Female,Married,3,Life Sciences,Research & Development,Laboratory Technician,1,Travel_Rarely,5,1,0,0,0,3,3,4,4,2,2,3,0,0.0,0.0,3.0,0.0,0,Cluster 0,0.0,Low,0.25,Low,0.24016312407315868,Low,Managerial / Team Review
31,Female,Single,4,Life Sciences,Research & Development,Manufacturing Director,2,Travel_Rarely,11,11,7,1,8,1,2,4,3,3,4,3,0,0.09090909090909091,0.6363636363636364,0.18181818181818182,0.7272727272727273,1,Cluster 1,0.2387373737373737,Low,0.7235050505050505,High,0.5863389530500257,Medium,Training / Skill Development
35,Male,Single,4,Marketing,Sales,Sales Executive,2,Travel_Rarely,16,15,13,2,8,0,2,1,2,3,2,3,0,0.13333333333333333,0.8666666666666667,0.13333333333333333,0.5333333333333333,3,Cluster 3,0.39055555555555554,Medium,0.8270000000000001,High,0.5533596144340088,Medium,Training / Skill Development
45,Male,Married,4,Other,Research & Development,Research Director,3,Travel_Rarely,17,0,0,0,0,4,3,1,3,4,2,4,0,0.0,0.0,3.0,0.0,0,Cluster 0,0.0,Low,0.25,Low,0.10682979073982535,Low,Managerial / Team Review
37,Male,Single,4,Medical,Research & Development,Research Director,3,Travel_Rarely,16,5,2,0,2,4,3,3,3,1,1,4,0,0.0,0.4,0.6,0.4,1,Cluster 1,0.08777777777777777,Low,0.5875555555555556,Medium,0.3940589333772725,Medium,Career Development Discussion
46,Male,Divorced,2,Medical,Human Resources,Human Resources,2,Travel_Rarely,16,4,2,0,2,8,2,2,3,2,4,3,0,0.0,0.5,0.5,0.5,1,Cluster 1,0.10277777777777777,Low,0.6288888888888888,Medium,0.4068659032240347,Medium,Career Development Discussion
30,Male,Married,1,Life Sciences,Research & Development,Laboratory Technician,2,Travel_Rarely,10,10,8,3,0,1,1,4,2,4,3,2,0,0.3,0.8,0.1,0.0,1,Cluster 1,0.3761111111111111,Medium,0.8068888888888889,High,0.575795380897457,Medium,Training / Skill Development
35,Male,Single,3,Medical,Research & Development,Research Scientist,1,Travel_Rarely,6,6,4,0,4,1,3,3,2,2,1,3,0,0.0,0.6666666666666666,0.5,0.6666666666666666,1,Cluster 1,0.15555555555555556,Low,0.6894444444444444,High,0.49076097105508865,Medium,Training / Skill Development
55,Male,Married,2,Life Sciences,Sales,Sales Executive,3,Travel_Rarely,24,1,0,1,0,3,4,4,3,1,4,3,0,1.0,0.0,4.0,0.0,0,Cluster 0,0.2733333333333333,Low,0.22133333333333335,Low,0.2842244191794365,Low,Managerial / Team Review
38,Female,Divorced,3,Medical,Research & Development,Research Scientist,2,Non-Travel,17,13,11,1,9,7,3,4,1,2,4,3,0,0.07692307692307693,0.8461538461538461,0.23076923076923078,0.6923076923076923,3,Cluster 3,0.32226495726495724,Low,0.7990683760683761,High,0.6058210472726043,Medium,Training / Skill Development
34,Male,Married,2,Medical,Research & Development,Manufacturing Director,2,Travel_Rarely,5,5,2,1,3,1,2,2,3,1,3,3,0,0.2,0.4,0.4,0.6,1,Cluster 1,0.1611111111111111,Low,0.6188888888888889,Medium,0.4077593782611083,Medium,Career Development Discussion
56,Male,Single,3,Life Sciences,Research & Development,Manufacturing Director,3,Travel_Rarely,37,6,4,0,2,4,3,4,1,4,1,2,0,0.0,0.6666666666666666,0.5,0.3333333333333333,1,Cluster 1,0.15555555555555556,Low,0.6894444444444444,High,0.4574276377217553,Medium,Training / Skill Development
23,Male,Divorced,1,Technical Degree,Sales,Sales Representative,1,Travel_Rarely,3,0,0,0,0,3,3,1,3,3,3,3,0,0.0,0.0,3.0,0.0,0,Cluster 0,0.0,Low,0.25,Low,0.10682979073982535,Low,Managerial / Team Review
51,Male,Married,4,Life Sciences,Research & Development,Laboratory Technician,1,Travel_Rarely,10,4,2,0,3,3,4,4,3,4,2,3,0,0.0,0.5,1.0,0.75,1,Cluster 1,0.10277777777777777,Low,0.5872222222222222,Medium,0.49183871587850825,Medium,Career Development Discussion
30,Male,Married,3,Life Sciences,Research & Development,Healthcare Representative,2,Travel_Rarely,11,11,10,10,8,1,3,4,2,3,1,3,0,0.9090909090909091,0.9090909090909091,0.2727272727272727,0.7272727272727273,2,Cluster 2,0.7358585858585859,High,0.8971717171717172,High,0.7982237850576951,High,Training + Promotion Review
46,Male,Single,2,Medical,Sales,Sales Executive,3,Travel_Rarely,9,9,8,4,7,1,3,4,2,3,4,3,1,0.4444444444444444,0.8888888888888888,0.3333333333333333,0.7777777777777778,2,Cluster 2,0.4488888888888889,Medium,0.8286666666666667,High,0.7011273685944965,High,Training / Skill Development
40,Male,Married,4,Life Sciences,Research & Development,Healthcare Representative,4,Travel_Frequently,22,22,3,11,11,1,3,2,2,3,4,2,0,0.5,0.13636363636363635,0.13636363636363635,0.5,3,Cluster 3,0.4437878787878788,Medium,0.6183030303030304,Medium,0.38322586467742176,Medium,Career Development Discussion
51,Male,Single,4,Marketing,Sales,Sales Executive,2,Travel_Rarely,11,10,7,1,0,0,2,4,3,3,4,1,0,0.1,0.7,0.2,0.0,1,Cluster 1,0.25055555555555553,Low,0.7434444444444445,High,0.5362695391882243,Medium,Training / Skill Development
30,Female,Divorced,2,Medical,Sales,Sales Executive,2,Travel_Rarely,11,11,8,2,7,1,4,2,2,3,2,2,0,0.18181818181818182,0.7272727272727273,0.36363636363636365,0.6363636363636364,1,Cluster 1,0.3123232323232323,Low,0.7503434343434343,High,0.5263627276222432,Medium,Training / Skill Development
46,Male,Married,3,Medical,Research & Development,Healthcare Representative,3,Travel_Frequently,21,10,9,9,5,2,5,1,2,3,3,2,0,0.9,0.9,0.5,0.5,3,Cluster 3,0.695,High,0.8673333333333333,High,0.6561725984511452,Medium,Training + Promotion Review
32,Male,Single,4,Medical,Sales,Sales Executive,2,Travel_Rarely,12,11,8,5,7,1,0,3,3,2,1,3,0,0.45454545454545453,0.7272727272727273,0.0,0.6363636363636364,2,Cluster 2,0.45050505050505046,Medium,0.8082828282828283,High,0.6437920480135012,Medium,Training / Skill Development
54,Female,Married,4,Technical Degree,Research & Development,Research Director,3,Travel_Rarely,16,4,3,0,3,9,5,3,3,1,1,1,0,0.0,0.75,1.25,0.75,1,Cluster 1,0.15416666666666665,Low,0.6516666666666667,Medium,0.5467752100840336,Medium,Career Rotation
24,Female,Married,2,Other,Sales,Sales Executive,2,Travel_Rarely,4,3,2,0,2,0,2,3,3,1,1,2,0,0.0,0.6666666666666666,0.6666666666666666,0.6666666666666666,1,Cluster 1,0.12777777777777777,Low,0.6699999999999999,High,0.5126371725160652,Medium,Training / Skill Development
28,Male,Married,3,Medical,Sales,Sales Executive,2,Non-Travel,5,5,4,0,4,1,3,3,3,2,2,4,0,0.0,0.8,0.6,0.8,1,Cluster 1,0.17555555555555555,Low,0.725111111111111,High,0.582490910089526,Medium,Training / Skill Development
58,Male,Single,4,Medical,Sales,Sales Executive,4,Travel_Rarely,38,37,10,1,8,0,1,3,3,4,3,2,0,0.02702702702702703,0.2702702702702703,0.02702702702702703,0.21621621621621623,3,Cluster 3,0.2095195195195195,Low,0.6207327327327327,Medium,0.3851006414224407,Medium,Managerial / Team Review
44,Male,Married,3,Medical,Research & Development,Laboratory Technician,2,Non-Travel,17,3,2,1,2,4,3,2,3,2,3,4,0,0.3333333333333333,0.6666666666666666,1.0,0.6666666666666666,1,Cluster 1,0.2344444444444444,Low,0.6635555555555556,High,0.5102685230955127,Medium,Training / Skill Development
37,Male,Divorced,4,Human Resources,Human Resources,Human Resources,1,Travel_Rarely,7,3,2,0,2,4,3,1,3,3,4,3,1,0.0,0.6666666666666666,1.0,0.6666666666666666,1,Cluster 1,0.12777777777777777,Low,0.6422222222222222,Medium,0.4415079365079365,Medium,Career Rotation
32,Male,Single,1,Life Sciences,Research & Development,Research Scientist,1,Travel_Rarely,1,1,0,0,0,1,2,1,3,4,4,3,0,0.0,0.0,2.0,0.0,0,Cluster 0,0.0,Low,0.33333333333333337,Medium,0.12021749876421159,Low,Managerial / Team Review
20,Female,Single,3,Life Sciences,Research & Development,Laboratory Technician,1,Travel_Frequently,1,1,0,1,0,1,5,4,2,4,2,3,1,1.0,0.0,5.0,0.0,0,Cluster 0,0.2733333333333333,Low,0.13800000000000004,Low,0.23750337782171693,Low,Managerial / Team Review
34,Female,Single,4,Other,Research & Development,Research Scientist,2,Travel_Rarely,16,16,13,2,10,1,3,3,3,1,3,3,0,0.125,0.8125,0.1875,0.625,3,Cluster 3,0.3803472222222222,Medium,0.8041944444444444,High,0.6422583450046685,Medium,Training / Skill Development
37,Male,Divorced,2,Life Sciences,Research & Development,Healthcare Representative,2,Non-Travel,17,1,0,0,0,5,2,4,2,3,4,4,0,0.0,0.0,2.0,0.0,0,Cluster 0,0.0,Low,0.33333333333333337,Medium,0.18688416543087824,Low,Managerial / Team Review
59,Female,Married,4,Human Resources,Human Resources,Manager,5,Non-Travel,30,3,2,2,2,9,3,4,2,3,4,3,0,0.6666666666666666,0.6666666666666666,1.0,0.6666666666666666,2,Cluster 2,0.3411111111111111,Medium,0.6848888888888889,High,0.5790291096830888,Medium,Training / Skill Development
50,Female,Married,3,Life Sciences,Research & Development,Research Director,5,Travel_Frequently,28,8,3,0,7,3,1,2,3,1,1,2,0,0.0,0.375,0.125,0.875,3,Cluster 3,0.09791666666666665,Low,0.6216666666666666,Medium,0.41049730186192124,Medium,Career Development Discussion
25,Male,Single,3,Marketing,Sales,Sales Executive,2,Travel_Rarely,6,6,4,0,3,1,1,3,2,3,4,3,1,0.0,0.6666666666666666,0.16666666666666666,0.5,1,Cluster 1,0.15555555555555556,Low,0.7172222222222222,High,0.4785568737298841,Medium,Training / Skill Development
25,Male,Married,1,Medical,Research & Development,Research Scientist,1,Travel_Rarely,2,2,2,2,1,1,2,4,2,4,3,3,0,1.0,1.0,1.0,0.5,2,Cluster 2,0.47444444444444445,Medium,0.8115555555555556,High,0.7060450925468227,High,Training / Skill Development
22,Female,Single,3,Medical,Research & Development,Laboratory Technician,1,Travel_Rarely,1,0,0,0,0,1,5,4,3,2,3,3,0,0.0,0.0,5.0,0.0,0,Cluster 0,0.0,Low,0.08333333333333337,Low,0.1800543746910529,Low,Managerial / Team Review
51,Female,Single,4,Medical,Research & Development,Healthcare Representative,3,Travel_Frequently,23,13,12,12,8,3,1,1,2,1,3,2,0,0.9230769230769231,0.9230769230769231,0.07692307692307693,0.6153846153846154,3,Cluster 3,0.8158974358974358,High,0.9336923076923077,High,0.7204102564102564,High,Training + Promotion Review
34,Male,Single,3,Life Sciences,Research & Development,Laboratory Technician,2,Travel_Frequently,9,9,7,0,6,1,3,3,1,1,4,3,1,0.0,0.7777777777777778,0.3333333333333333,0.6666666666666666,1,Cluster 1,0.21388888888888888,Low,0.7483333333333333,High,0.5121660625034328,Medium,Training / Skill Development
54,Female,Single,3,Human Resources,Human Resources,Manager,4,Non-Travel,23,5,3,4,4,2,3,4,4,4,3,3,0,0.8,0.6,0.6,0.8,2,Cluster 2,0.42499999999999993,Medium,0.715,High,0.6723665348492338,High,Training / Skill Development
24,Male,Married,1,Life Sciences,Research & Development,Laboratory Technician,1,Travel_Rarely,6,5,3,1,2,0,2,3,3,2,3,3,0,0.2,0.6,0.4,0.4,1,Cluster 1,0.20500000000000002,Low,0.6876666666666668,High,0.4953086999505685,Medium,Training / Skill Development
34,Female,Divorced,4,Life Sciences,Research & Development,Research Scientist,2,Travel_Rarely,12,1,0,0,0,6,3,2,2,3,3,3,0,0.0,0.0,3.0,0.0,0,Cluster 0,0.0,Low,0.25,Low,0.10682979073982535,Low,Managerial / Team Review
37,Male,Single,3,Life Sciences,Sales,Sales Executive,3,Travel_Rarely,12,5,3,1,3,2,3,4,3,3,1,3,0,0.2,0.6,0.6,0.6,1,Cluster 1,0.20500000000000002,Low,0.671,High,0.5459644916790245,Medium,Training / Skill Development
34,Female,Single,3,Medical,Research & Development,Manager,3,Travel_Rarely,14,11,10,5,8,2,6,1,2,3,4,3,0,0.45454545454545453,0.9090909090909091,0.5454545454545454,0.7272727272727273,3,Cluster 3,0.5055555555555555,Medium,0.8283838383838384,High,0.6180819315248381,Medium,Training / Skill Development
36,Female,Married,2,Technical Degree,Sales,Sales Executive,3,Travel_Frequently,10,9,7,2,8,0,6,4,3,2,3,3,0,0.2222222222222222,0.7777777777777778,0.6666666666666666,0.8888888888888888,1,Cluster 1,0.3161111111111111,Low,0.741,High,0.6638768330861756,High,Training / Skill Development
36,Female,Divorced,2,Life Sciences,Research & Development,Laboratory Technician,1,Travel_Rarely,7,1,0,0,0,5,2,4,3,1,1,3,0,0.0,0.0,2.0,0.0,0,Cluster 0,0.0,Low,0.33333333333333337,Medium,0.2202174987642116,Low,Managerial / Team Review
43,Male,Married,2,Life Sciences,Sales,Manager,4,Travel_Frequently,25,25,12,4,12,1,3,4,3,3,4,4,0,0.16,0.48,0.12,0.48,3,Cluster 3,0.372,Medium,0.7084,High,0.5600728950403691,Medium,Training / Skill Development
30,Male,Divorced,3,Life Sciences,Research & Development,Research Scientist,1,Travel_Frequently,10,10,7,0,9,1,2,3,1,1,3,2,0,0.0,0.7,0.2,0.9,1,Cluster 1,0.2022222222222222,Low,0.7337777777777778,High,0.5102165650573955,Medium,Training / Skill Development
33,Male,Married,2,Marketing,Sales,Sales Executive,2,Non-Travel,8,7,7,0,7,0,2,2,3,3,1,4,0,0.0,1.0,0.2857142857142857,1.0,1,Cluster 1,0.2472222222222222,Low,0.8256349206349205,High,0.656806977693038,Medium,Training / Skill Development
56,Female,Married,4,Life Sciences,Research & Development,Research Scientist,1,Travel_Rarely,7,5,4,4,3,9,2,2,3,2,1,3,1,0.8,0.8,0.4,0.6,2,Cluster 2,0.4688888888888889,Medium,0.8004444444444445,High,0.6292600648102379,Medium,Training / Skill Development
51,Male,Single,3,Life Sciences,Research & Development,Research Director,5,Travel_Rarely,23,20,18,15,15,7,5,3,3,1,3,3,0,0.75,0.9,0.25,0.75,3,Cluster 3,0.9225,High,0.9336666666666668,High,0.8600792140385567,High,Training + Promotion Review
31,Male,Married,4,Life Sciences,Sales,Sales Executive,2,Travel_Rarely,12,7,7,7,7,4,3,3,1,2,2,2,1,1.0,1.0,0.42857142857142855,1.0,2,Cluster 2,0.6605555555555556,High,0.8963968253968253,High,0.7588417210021262,High,Training + Promotion Review
26,Female,Married,3,Other,Research & Development,Research Scientist,1,Travel_Rarely,5,5,4,4,3,1,3,2,2,3,3,2,0,0.8,0.8,0.6,0.6,2,Cluster 2,0.4688888888888889,Medium,0.7837777777777777,High,0.5932491898720271,Medium,Training / Skill Development
58,Female,Married,4,Medical,Research & Development,Healthcare Representative,3,Travel_Rarely,40,40,10,15,6,1,3,4,3,4,4,2,1,0.375,0.25,0.075,0.15,3,Cluster 3,0.6201388888888889,Medium,0.6927777777777777,High,0.5415048127093974,Medium,Training / Skill Development
19,Male,Single,1,Marketing,Sales,Sales Representative,1,Travel_Rarely,0,0,0,0,0,1,2,3,3,4,4,2,1,0.0,0.0,2.0,0.0,0,Cluster 0,0.0,Low,0.33333333333333337,Medium,0.18688416543087827,Low,Managerial / Team Review
22,Male,Married,1,Technical Degree,Research & Development,Laboratory Technician,1,Travel_Rarely,3,2,1,2,1,0,2,4,3,3,3,3,0,1.0,0.5,1.0,0.5,2,Cluster 2,0.38555555555555554,Medium,0.6437777777777778,Medium,0.5607578403910584,Medium,Career Development Discussion
49,Female,Married,4,Medical,Research & Development,Manufacturing Director,2,Travel_Rarely,16,15,11,5,11,1,2,1,3,3,3,2,0,0.3333333333333333,0.7333333333333333,0.13333333333333333,0.7333333333333333,3,Cluster 3,0.46277777777777773,Medium,0.8014444444444444,High,0.5909207173065304,Medium,Training / Skill Development
43,Female,Single,3,Medical,Research & Development,Research Scientist,1,Travel_Frequently,18,3,2,1,2,4,2,3,4,2,4,3,0,0.3333333333333333,0.6666666666666666,0.6666666666666666,0.6666666666666666,1,Cluster 1,0.2344444444444444,Low,0.6913333333333332,High,0.5813977591036414,Medium,Training / Skill Development
50,Female,Single,3,Marketing,Sales,Sales Executive,3,Travel_Frequently,16,2,2,2,1,4,3,4,3,3,4,3,0,1.0,1.0,1.5,0.5,2,Cluster 2,0.47444444444444445,Medium,0.769888888888889,High,0.7326845718679629,High,Training / Skill Development
31,Female,Married,3,Life Sciences,Sales,Sales Executive,2,Travel_Rarely,4,2,2,2,2,3,2,3,1,2,3,3,1,1.0,1.0,1.0,1.0,2,Cluster 2,0.47444444444444445,Medium,0.8115555555555556,High,0.689378425880156,High,Training / Skill Development
41,Male,Divorced,1,Life Sciences,Sales,Sales Executive,3,Travel_Rarely,12,9,7,0,7,3,2,3,3,3,3,3,0,0.0,0.7777777777777778,0.2222222222222222,0.7777777777777778,1,Cluster 1,0.21388888888888888,Low,0.7575925925925926,High,0.5914313633950312,Medium,Training / Skill Development
26,Female,Married,1,Life Sciences,Human Resources,Human Resources,1,Travel_Rarely,8,8,7,5,7,1,3,3,3,3,4,3,0,0.625,0.875,0.375,0.875,2,Cluster 2,0.5013888888888889,Medium,0.8315277777777778,High,0.7235870132366672,High,Training / Skill Development
36,Male,Divorced,2,Medical,Research & Development,Manufacturing Director,2,Travel_Rarely,7,3,2,0,1,6,0,2,3,2,4,3,0,0.0,0.6666666666666666,0.0,0.3333333333333333,1,Cluster 1,0.12777777777777777,Low,0.7255555555555555,High,0.4548956445323227,Medium,Training / Skill Development
51,Male,Single,4,Life Sciences,Research & Development,Manufacturing Director,3,Travel_Frequently,18,4,2,0,3,2,2,4,1,1,4,3,1,0.0,0.5,0.5,0.75,1,Cluster 1,0.10277777777777777,Low,0.6288888888888888,Medium,0.43186590322403473,Medium,Career Development Discussion
39,Female,Married,4,Life Sciences,Sales,Sales Executive,2,Travel_Rarely,17,15,11,5,9,4,1,3,2,4,3,4,0,0.3333333333333333,0.7333333333333333,0.06666666666666667,0.6,3,Cluster 3,0.46277777777777773,Medium,0.8069999999999999,High,0.6118132311748227,Medium,Training / Skill Development
25,Male,Married,3,Life Sciences,Sales,Sales Executive,2,Travel_Rarely,6,2,2,2,2,2,3,3,2,1,4,3,0,1.0,1.0,1.5,1.0,2,Cluster 2,0.47444444444444445,Medium,0.769888888888889,High,0.7160179052012962,High,Training / Skill Development
30,Male,Married,3,Human Resources,Human Resources,Human Resources,2,Travel_Rarely,12,11,9,4,7,0,2,4,3,3,4,1,0,0.36363636363636365,0.8181818181818182,0.18181818181818182,0.6363636363636364,2,Cluster 2,0.43196969696969695,Medium,0.8166969696969697,High,0.6956438008358423,High,Training / Skill Development
32,Female,Single,3,Medical,Research & Development,Laboratory Technician,1,Travel_Rarely,10,5,4,0,4,7,2,1,3,1,1,4,1,0.0,0.8,0.4,0.8,1,Cluster 1,0.17555555555555555,Low,0.7417777777777778,High,0.5185017850277366,Medium,Training / Skill Development
45,Male,Single,3,Medical,Research & Development,Research Scientist,1,Travel_Rarely,9,6,5,0,3,5,2,4,3,3,2,2,0,0.0,0.8333333333333334,0.3333333333333333,0.5,1,Cluster 1,0.19444444444444445,Low,0.7611111111111111,High,0.6056077332893941,Medium,Training / Skill Development
38,Female,Single,5,Technical Degree,Research & Development,Research Scientist,2,Travel_Rarely,19,3,2,2,2,3,2,3,3,4,2,3,0,0.6666666666666666,0.6666666666666666,0.6666666666666666,0.6666666666666666,2,Cluster 2,0.3411111111111111,Medium,0.7126666666666666,High,0.5834916790245509,Medium,Training / Skill Development
30,Female,Single,3,Life Sciences,Research & Development,Research Scientist,1,Travel_Rarely,5,5,4,0,4,1,4,3,3,1,3,2,0,0.0,0.8,0.8,0.8,1,Cluster 1,0.17555555555555555,Low,0.7084444444444444,High,0.5798133684846487,Medium,Training / Skill Development
32,Male,Divorced,2,Medical,Sales,Sales Executive,2,Travel_Frequently,9,8,7,0,7,0,2,4,1,4,4,4,0,0.0,0.875,0.25,0.875,1,Cluster 1,0.22847222222222222,Low,0.7873611111111112,High,0.6012831946504091,Medium,Training / Skill Development
30,Female,Divorced,3,Technical Degree,Research & Development,Research Scientist,1,Travel_Rarely,8,3,2,2,2,5,3,1,3,4,4,3,0,0.6666666666666666,0.6666666666666666,1.0,0.6666666666666666,2,Cluster 2,0.3411111111111111,Medium,0.6848888888888889,High,0.5123624430164222,Medium,Training / Skill Development
30,Male,Single,1,Medical,Research & Development,Laboratory Technician,1,Travel_Rarely,6,5,3,1,2,0,3,4,2,2,4,3,0,0.2,0.6,0.6,0.4,1,Cluster 1,0.20500000000000002,Low,0.671,High,0.49263115834569116,Medium,Training / Skill Development
41,Male,Divorced,3,Life Sciences,Research & Development,Manager,4,Travel_Frequently,21,7,6,7,7,4,2,1,2,4,2,2,0,1.0,0.8571428571428571,0.2857142857142857,1.0,2,Cluster 2,0.6252380952380951,Medium,0.8583809523809524,High,0.6730915189605253,High,Training / Skill Development
41,Male,Married,4,Life Sciences,Research & Development,Laboratory Technician,1,Travel_Rarely,7,5,0,1,4,2,2,1,3,3,4,3,0,0.2,0.0,0.4,0.8,1,Cluster 1,0.07333333333333333,Low,0.48133333333333334,Medium,0.24599406821552153,Low,Career Development Discussion
19,Female,Single,1,Medical,Research & Development,Laboratory Technician,1,Travel_Rarely,1,1,0,0,0,1,3,2,3,2,4,3,0,0.0,0.0,3.0,0.0,0,Cluster 0,0.0,Low,0.25,Low,0.14016312407315867,Low,Managerial / Team Review
40,Female,Divorced,3,Medical,Research & Development,Research Scientist,2,Travel_Frequently,20,20,7,2,13,1,2,2,3,2,1,3,0,0.1,0.35,0.1,0.65,3,Cluster 3,0.22138888888888886,Low,0.6409444444444444,Medium,0.4218859916515626,Medium,Career Development Discussion
35,Male,Married,5,Marketing,Sales,Sales Executive,3,Travel_Rarely,10,10,8,0,6,1,3,2,3,3,1,3,0,0.0,0.8,0.3,0.6,1,Cluster 1,0.2311111111111111,Low,0.7612222222222222,High,0.5516255835667601,Medium,Training / Skill Development
53,Male,Married,2,Marketing,Sales,Sales Representative,2,Travel_Rarely,13,7,7,4,5,2,3,3,3,2,4,1,0,0.5714285714285714,1.0,0.42857142857142855,0.7142857142857143,2,Cluster 2,0.4834126984126984,Medium,0.8609682539682539,High,0.7381024135144253,High,Training / Skill Development
45,Male,Divorced,3,Life Sciences,Research & Development,Laboratory Technician,2,Travel_Rarely,20,17,9,0,15,8,2,2,3,2,3,1,0,0.0,0.5294117647058824,0.11764705882352941,0.8823529411764706,3,Cluster 3,0.20441176470588235,Low,0.6899019607843137,High,0.49274623690306574,Medium,Training / Skill Development
32,Female,Single,3,Marketing,Sales,Sales Executive,3,Travel_Frequently,9,9,8,3,7,1,2,4,3,2,4,3,0,0.3333333333333333,0.8888888888888888,0.2222222222222222,0.7777777777777778,1,Cluster 1,0.3977777777777778,Medium,0.8277037037037038,High,0.7189726661906592,High,Training / Skill Development
29,Male,Married,1,Technical Degree,Research & Development,Manufacturing Director,2,Non-Travel,10,10,7,0,9,1,1,3,3,4,1,3,0,0.0,0.7,0.1,0.9,1,Cluster 1,0.2022222222222222,Low,0.742111111111111,High,0.5782220025265008,Medium,Training / Skill Development
51,Male,Married,4,Medical,Research & Development,Manufacturing Director,2,Travel_Rarely,10,1,0,0,0,2,2,3,2,2,3,3,0,0.0,0.0,2.0,0.0,0,Cluster 0,0.0,Low,0.33333333333333337,Medium,0.15355083209754491,Low,Managerial / Team Review
58,Female,Married,3,Medical,Research & Development,Research Scientist,1,Travel_Rarely,9,1,0,0,0,4,3,2,2,2,2,2,0,0.0,0.0,3.0,0.0,0,Cluster 0,0.0,Low,0.25,Low,0.10682979073982535,Low,Managerial / Team Review
40,Male,Married,4,Marketing,Sales,Sales Executive,3,Travel_Rarely,15,12,11,2,11,7,2,4,2,3,1,2,0,0.16666666666666666,0.9166666666666666,0.16666666666666666,0.9166666666666666,3,Cluster 3,0.37861111111111106,Medium,0.8368333333333333,High,0.7021893639808865,High,Training / Skill Development
34,Female,Married,4,Marketing,Sales,Sales Representative,1,Travel_Frequently,6,4,3,1,2,6,3,3,3,3,4,3,0,0.25,0.75,0.75,0.5,1,Cluster 1,0.24,Low,0.7105,High,0.5569769319492502,Medium,Training / Skill Development
22,Male,Married,1,Medical,Research & Development,Research Scientist,1,Travel_Rarely,2,2,2,2,2,1,6,4,3,3,1,3,0,1.0,1.0,3.0,1.0,2,Cluster 2,0.47444444444444445,Medium,0.644888888888889,Medium,0.7626030098313835,High,Career Rotation
27,Male,Divorced,3,Medical,Research & Development,Research Scientist,1,Non-Travel,6,2,2,2,2,6,1,2,3,4,4,1,0,1.0,1.0,0.5,1.0,2,Cluster 2,0.47444444444444445,Medium,0.8532222222222222,High,0.7294056132256823,High,Training / Skill Development
28,Male,Married,3,Medical,Research & Development,Research Scientist,1,Travel_Rarely,5,5,2,0,2,1,2,4,3,3,3,1,0,0.0,0.4,0.4,0.4,1,Cluster 1,0.08777777777777777,Low,0.6042222222222222,Medium,0.430069808315483,Medium,Career Development Discussion
57,Male,Divorced,2,Life Sciences,Research & Development,Healthcare Representative,3,Travel_Rarely,12,5,3,1,4,3,2,4,4,3,2,1,0,0.2,0.6,0.4,0.8,1,Cluster 1,0.20500000000000002,Low,0.6876666666666668,High,0.6019753666172352,Medium,Training / Skill Development
27,Male,Divorced,3,Medical,Research & Development,Research Scientist,1,Non-Travel,1,1,1,0,1,1,2,3,2,3,4,2,0,0.0,1.0,2.0,1.0,1,Cluster 1,0.1638888888888889,Low,0.6661111111111111,High,0.6061790794749272,Medium,Training / Skill Development
50,Female,Single,3,Life Sciences,Research & Development,Manager,5,Travel_Rarely,21,5,4,4,4,3,5,2,3,3,2,3,0,0.8,0.8,1.0,0.8,2,Cluster 2,0.4688888888888889,Medium,0.7504444444444445,High,0.641227439995606,Medium,Training / Skill Development
41,Male,Divorced,3,Life Sciences,Research & Development,Research Scientist,1,Travel_Rarely,13,9,8,1,8,4,2,3,3,1,1,3,0,0.1111111111111111,0.8888888888888888,0.2222222222222222,0.8888888888888888,1,Cluster 1,0.29555555555555557,Low,0.8072592592592593,High,0.6627993262664542,High,Training / Skill Development
30,Female,Married,3,Life Sciences,Sales,Sales Executive,3,Travel_Rarely,12,10,9,7,4,2,2,4,3,2,3,3,0,0.7,0.9,0.2,0.4,2,Cluster 2,0.5983333333333334,Medium,0.8730000000000001,High,0.7514162959301368,High,Training / Skill Development
38,Female,Single,4,Life Sciences,Sales,Sales Executive,2,Travel_Rarely,12,8,3,0,7,4,2,4,2,1,3,4,0,0.0,0.375,0.25,0.875,1,Cluster 1,0.09791666666666665,Low,0.61125,Medium,0.44215717169220625,Medium,Career Development Discussion
32,Male,Single,5,Life Sciences,Research & Development,Research Scientist,1,Travel_Rarely,8,5,4,1,4,3,2,3,3,3,1,3,0,0.2,0.8,0.4,0.8,1,Cluster 1,0.24888888888888888,Low,0.7564444444444445,High,0.6095246883066953,Medium,Training / Skill Development
27,Male,Married,3,Technical Degree,Research & Development,Research Scientist,1,Travel_Rarely,6,5,2,1,1,0,3,2,3,3,4,2,0,0.2,0.4,0.6,0.2,1,Cluster 1,0.1611111111111111,Low,0.6022222222222223,Medium,0.3650818366562312,Medium,Managerial / Team Review
19,Female,Single,1,Technical Degree,Sales,Sales Representative,1,Travel_Frequently,1,0,0,0,0,0,5,1,1,3,1,4,1,0.0,0.0,5.0,0.0,0,Cluster 0,0.0,Low,0.08333333333333337,Low,0.01338770802438623,Low,Managerial / Team Review
36,Male,Single,2,Medical,Research & Development,Laboratory Technician,1,Travel_Frequently,13,8,7,7,2,4,3,2,3,4,3,2,0,0.875,0.875,0.375,0.25,2,Cluster 2,0.6105555555555555,Medium,0.853361111111111,High,0.664011259405723,High,Training / Skill Development
30,Male,Divorced,3,Medical,Research & Development,Laboratory Technician,2,Non-Travel,12,12,9,6,10,1,4,1,3,3,3,3,0,0.5,0.75,0.3333333333333333,0.8333333333333334,3,Cluster 3,0.5025,Medium,0.7977222222222222,High,0.6164060663481078,Medium,Training / Skill Development
45,Female,Divorced,2,Life Sciences,Sales,Sales Executive,2,Travel_Rarely,9,5,4,0,3,4,3,1,3,3,1,4,0,0.0,0.8,0.6,0.6,1,Cluster 1,0.17555555555555555,Low,0.725111111111111,High,0.49582424342285936,Medium,Training / Skill Development
56,Female,Divorced,3,Life Sciences,Research & Development,Research Scientist,1,Travel_Rarely,19,2,2,2,2,4,3,1,3,3,3,3,0,1.0,1.0,1.5,1.0,2,Cluster 2,0.47444444444444445,Medium,0.769888888888889,High,0.6826845718679628,High,Training / Skill Development
33,Male,Single,3,Life Sciences,Research & Development,Research Scientist,1,Travel_Rarely,4,3,1,0,2,0,2,4,3,3,1,4,0,0.0,0.3333333333333333,0.6666666666666666,0.6666666666666666,1,Cluster 1,0.06388888888888888,Low,0.5572222222222222,Medium,0.42535247432306256,Medium,Career Development Discussion
19,Male,Single,3,Life Sciences,Research & Development,Laboratory Technician,1,Travel_Rarely,1,1,0,1,0,1,3,4,2,2,3,2,1,1.0,0.0,3.0,0.0,0,Cluster 0,0.2733333333333333,Low,0.30466666666666664,Low,0.26427879387048936,Low,Managerial / Team Review
46,Female,Divorced,2,Marketing,Sales,Sales Executive,3,Travel_Rarely,24,24,13,15,7,1,2,1,3,2,3,3,0,0.625,0.5416666666666666,0.08333333333333333,0.2916666666666667,3,Cluster 3,0.7680555555555555,High,0.8091666666666667,High,0.5916613115834568,Medium,Training + Promotion Review
38,Female,Single,2,Life Sciences,Research & Development,Laboratory Technician,1,Travel_Rarely,2,2,2,2,1,1,3,4,3,3,3,3,0,1.0,1.0,1.5,0.5,2,Cluster 2,0.47444444444444445,Medium,0.769888888888889,High,0.7326845718679629,High,Training / Skill Development
31,Female,Married,1,Medical,Research & Development,Research Scientist,1,Travel_Rarely,7,4,2,0,2,8,0,4,3,3,3,3,0,0.0,0.5,0.0,0.5,1,Cluster 1,0.10277777777777777,Low,0.6705555555555556,High,0.4802264239028945,Medium,Training / Skill Development
34,Female,Single,2,Medical,Research & Development,Research Scientist,1,Travel_Rarely,9,3,2,1,2,2,3,2,3,4,4,3,0,0.3333333333333333,0.6666666666666666,1.0,0.6666666666666666,1,Cluster 1,0.2344444444444444,Low,0.6635555555555556,High,0.5102685230955127,Medium,Training / Skill Development
41,Female,Single,2,Marketing,Sales,Sales Representative,1,Travel_Rarely,4,4,3,0,2,1,5,2,3,2,4,2,1,0.0,0.75,1.25,0.5,1,Cluster 1,0.15416666666666665,Low,0.6516666666666667,Medium,0.4884418767507003,Medium,Career Rotation
50,Male,Married,3,Medical,Research & Development,Laboratory Technician,1,Travel_Rarely,5,3,2,0,2,2,2,3,2,3,4,2,0,0.0,0.6666666666666666,0.6666666666666666,0.6666666666666666,1,Cluster 1,0.12777777777777777,Low,0.6699999999999999,High,0.4793038391827319,Medium,Training / Skill Development
53,Female,Divorced,2,Medical,Research & Development,Manufacturing Director,2,Travel_Rarely,5,4,2,1,3,1,3,1,4,4,3,3,0,0.25,0.5,0.75,0.75,1,Cluster 1,0.18861111111111112,Low,0.6252222222222222,Medium,0.4570268440709617,Medium,Career Development Discussion
33,Female,Married,3,Medical,Research & Development,Research Scientist,1,Travel_Rarely,8,8,7,1,6,1,5,2,3,4,4,3,0,0.125,0.875,0.625,0.75,1,Cluster 1,0.2830555555555555,Low,0.7670277777777778,High,0.6018915938924588,Medium,Training / Skill Development
40,Female,Married,1,Medical,Research & Development,Manager,5,Travel_Rarely,21,20,8,9,9,1,2,3,3,4,2,3,0,0.45,0.4,0.1,0.45,3,Cluster 3,0.4936111111111111,Medium,0.7103888888888888,High,0.5405424150052177,Medium,Training / Skill Development
55,Male,Single,4,Medical,Research & Development,Research Director,5,Travel_Rarely,36,24,15,2,15,8,3,2,4,3,4,3,0,0.08333333333333333,0.625,0.125,0.625,3,Cluster 3,0.3695833333333333,Medium,0.7509999999999999,High,0.5836083580491019,Medium,Training / Skill Development
34,Male,Married,1,Life Sciences,Research & Development,Manufacturing Director,2,Travel_Frequently,10,10,9,1,9,1,2,3,2,4,3,2,0,0.1,0.9,0.2,0.9,1,Cluster 1,0.30833333333333335,Low,0.8150000000000001,High,0.6384317844784972,Medium,Training / Skill Development
51,Female,Single,3,Medical,Research & Development,Healthcare Representative,4,Travel_Rarely,21,7,7,1,0,3,6,2,3,4,3,3,0,0.14285714285714285,1.0,0.8571428571428571,0.0,1,Cluster 1,0.30626984126984125,Low,0.7898253968253969,High,0.5687683740162732,Medium,Training / Skill Development
52,Male,Married,4,Life Sciences,Research & Development,Manager,5,Travel_Rarely,34,33,18,11,9,0,5,3,2,3,1,3,0,0.3333333333333333,0.5454545454545454,0.15151515151515152,0.2727272727272727,3,Cluster 3,0.6718181818181818,High,0.7853737373737373,High,0.5913540696135852,Medium,Training + Promotion Review
27,Female,Single,3,Medical,Research & Development,Research Scientist,1,Travel_Rarely,7,7,7,0,3,1,2,2,3,4,4,2,0,0.0,1.0,0.2857142857142857,0.42857142857142855,1,Cluster 1,0.2472222222222222,Low,0.8256349206349205,High,0.5996641205501808,Medium,Training / Skill Development
35,Male,Married,2,Life Sciences,Research & Development,Manufacturing Director,2,Travel_Rarely,8,1,0,0,1,3,1,3,2,2,1,3,1,0.0,0.0,1.0,1.0,1,Cluster 1,0.0,Low,0.4166666666666667,Medium,0.26693854012193113,Low,Career Development Discussion
43,Male,Divorced,3,Medical,Research & Development,Research Scientist,1,Non-Travel,7,5,4,2,2,4,3,4,4,4,4,4,0,0.4,0.8,0.6,0.4,1,Cluster 1,0.3222222222222222,Low,0.7544444444444444,High,0.6578700499807766,Medium,Training / Skill Development
45,Male,Married,2,Medical,Research & Development,Manager,4,Non-Travel,22,20,8,11,8,9,1,4,2,1,4,3,0,0.55,0.4,0.05,0.4,3,Cluster 3,0.5652777777777778,Medium,0.7288888888888889,High,0.5600144861866315,Medium,Training / Skill Development
37,Male,Married,3,Life Sciences,Research & Development,Research Scientist,1,Travel_Rarely,8,8,7,1,7,1,3,1,4,2,1,2,0,0.125,0.875,0.375,0.875,1,Cluster 1,0.2830555555555555,Low,0.787861111111111,High,0.6177385208985554,Medium,Training / Skill Development
35,Female,Single,3,Medical,Research & Development,Laboratory Technician,2,Travel_Frequently,10,6,2,1,2,5,5,2,3,2,4,3,0,0.16666666666666666,0.3333333333333333,0.8333333333333334,0.3333333333333333,1,Cluster 1,0.14277777777777775,Low,0.5591111111111111,Medium,0.3493225957049486,Medium,Career Development Discussion
42,Female,Divorced,2,Medical,Research & Development,Manufacturing Director,2,Non-Travel,11,5,3,0,2,2,5,3,3,3,2,3,0,0.0,0.6,1.0,0.4,1,Cluster 1,0.13166666666666665,Low,0.623,Medium,0.4629198385236447,Medium,Career Rotation
38,Male,Married,4,Life Sciences,Research & Development,Manufacturing Director,2,Travel_Rarely,14,1,0,0,0,9,3,3,3,4,2,3,0,0.0,0.0,3.0,0.0,0,Cluster 0,0.0,Low,0.25,Low,0.17349645740649203,Low,Managerial / Team Review
38,Male,Married,3,Technical Degree,Research & Development,Manufacturing Director,2,Travel_Rarely,9,7,7,1,7,3,3,4,3,4,1,1,0,0.14285714285714285,1.0,0.42857142857142855,1.0,1,Cluster 1,0.30626984126984125,Low,0.8255396825396825,High,0.7411726298362482,High,Training / Skill Development
27,Male,Married,1,Technical Degree,Research & Development,Manufacturing Director,2,Travel_Frequently,6,2,2,2,0,5,1,1,2,3,3,3,0,1.0,1.0,0.5,0.0,2,Cluster 2,0.47444444444444445,Medium,0.8532222222222222,High,0.5627389465590157,Medium,Training / Skill Development
49,Male,Divorced,4,Life Sciences,Research & Development,Manufacturing Director,2,Non-Travel,7,7,7,1,7,1,0,4,3,4,1,3,0,0.14285714285714285,1.0,0.0,1.0,1,Cluster 1,0.30626984126984125,Low,0.8612539682539683,High,0.7469102189895566,High,Training / Skill Development
34,Male,Divorced,4,Medical,Research & Development,Research Scientist,1,Travel_Frequently,5,5,3,2,0,1,4,3,3,4,4,4,0,0.4,0.6,0.8,0.0,1,Cluster 1,0.2783333333333333,Low,0.6689999999999999,High,0.47430985335310594,Medium,Training / Skill Development
40,Male,Married,2,Medical,Research & Development,Laboratory Technician,2,Travel_Rarely,15,7,2,3,7,8,2,4,3,3,3,4,0,0.42857142857142855,0.2857142857142857,0.2857142857142857,1.0,1,Cluster 1,0.24777777777777774,Low,0.6114603174603175,Medium,0.5106611978124583,Medium,Career Development Discussion
38,Male,Married,1,Medical,Research & Development,Healthcare Representative,2,Travel_Rarely,17,1,0,0,0,7,2,1,3,2,2,3,1,0.0,0.0,2.0,0.0,0,Cluster 0,0.0,Low,0.33333333333333337,Medium,0.12021749876421159,Low,Managerial / Team Review
29,Female,Married,3,Marketing,Sales,Sales Executive,3,Travel_Rarely,10,10,4,1,9,1,3,4,3,2,4,2,1,0.1,0.4,0.3,0.9,1,Cluster 1,0.1638888888888889,Low,0.6277777777777778,Medium,0.5066874004503762,Medium,Career Development Discussion
22,Male,Divorced,3,Life Sciences,Research & Development,Research Scientist,1,Travel_Rarely,4,4,2,2,2,1,2,2,4,4,1,2,0,0.5,0.5,0.5,0.5,1,Cluster 1,0.27444444444444444,Low,0.6632222222222222,High,0.49721497226341516,Medium,Training / Skill Development
36,Female,Single,1,Medical,Research & Development,Laboratory Technician,1,Travel_Frequently,8,8,1,1,7,1,2,4,3,2,1,3,0,0.125,0.125,0.25,0.875,1,Cluster 1,0.08722222222222221,Low,0.5341111111111112,Medium,0.39738961663096606,Medium,Career Development Discussion
40,Male,Married,5,Life Sciences,Research & Development,Healthcare Representative,2,Non-Travel,5,3,2,0,2,9,5,4,2,4,4,1,0,0.0,0.6666666666666666,1.6666666666666667,0.6666666666666666,1,Cluster 1,0.12777777777777777,Low,0.5866666666666667,Medium,0.49924946449167895,Medium,Career Rotation
46,Male,Divorced,4,Medical,Research & Development,Healthcare Representative,3,Travel_Rarely,17,4,2,0,3,7,3,1,3,4,3,3,0,0.0,0.5,0.75,0.75,1,Cluster 1,0.10277777777777777,Low,0.6080555555555556,Medium,0.3951856428846048,Medium,Career Development Discussion
32,Male,Married,4,Medical,Sales,Sales Executive,3,Travel_Rarely,14,14,8,9,8,1,2,4,1,4,3,2,1,0.6428571428571429,0.5714285714285714,0.14285714285714285,0.5714285714285714,3,Cluster 3,0.5675396825396826,Medium,0.7730317460317461,High,0.5944513844753588,Medium,Training / Skill Development
30,Male,Single,1,Life Sciences,Research & Development,Manufacturing Director,3,Non-Travel,12,11,8,5,8,1,2,3,2,3,3,3,0,0.45454545454545453,0.7272727272727273,0.18181818181818182,0.7272727272727273,3,Cluster 3,0.45050505050505046,Medium,0.7931313131313131,High,0.6171154950393705,Medium,Training / Skill Development
27,Female,Single,3,Life Sciences,Sales,Sales Executive,2,Travel_Frequently,7,7,7,0,7,1,2,3,3,4,4,3,0,0.0,1.0,0.2857142857142857,1.0,1,Cluster 1,0.2472222222222222,Low,0.8256349206349205,High,0.6901403110263713,High,Training / Skill Development
51,Male,Married,4,Life Sciences,Research & Development,Research Director,3,Travel_Rarely,16,10,9,4,7,5,5,2,2,2,4,1,0,0.4,0.9,0.5,0.7,3,Cluster 3,0.45333333333333337,Medium,0.819,High,0.6292410611303344,Medium,Training / Skill Development
30,Female,Single,3,Technical Degree,Research & Development,Research Scientist,1,Travel_Rarely,8,5,2,0,4,5,5,1,3,4,3,3,1,0.0,0.4,1.0,0.8,1,Cluster 1,0.08777777777777777,Low,0.5542222222222222,Medium,0.36203718350085135,Medium,Career Development Discussion
41,Female,Single,3,Life Sciences,Sales,Manager,3,Travel_Rarely,16,1,0,0,0,3,3,4,3,4,3,3,0,0.0,0.0,3.0,0.0,0,Cluster 0,0.0,Low,0.25,Low,0.20682979073982535,Low,Managerial / Team Review
30,Female,Single,4,Marketing,Sales,Sales Executive,2,Travel_Frequently,9,6,3,0,1,5,5,1,2,3,3,2,1,0.0,0.5,0.8333333333333334,0.16666666666666666,1,Cluster 1,0.11666666666666667,Low,0.6038888888888889,Medium,0.3070162574833855,Low,Managerial / Team Review
29,Male,Single,3,Technical Degree,Research & Development,Research Scientist,1,Travel_Rarely,7,6,2,1,5,0,1,3,3,3,4,2,1,0.16666666666666666,0.3333333333333333,0.16666666666666666,0.8333333333333334,1,Cluster 1,0.14277777777777775,Low,0.6146666666666667,Medium,0.4415810677212061,Medium,Career Development Discussion
45,Female,Single,3,Medical,Sales,Sales Executive,3,Non-Travel,23,19,7,12,8,6,2,4,2,4,4,3,0,0.631578947368421,0.3684210526315789,0.10526315789473684,0.42105263157894735,3,Cluster 3,0.5903801169590642,Medium,0.7198304093567252,High,0.560300446907349,Medium,Training / Skill Development
54,Female,Married,3,Marketing,Sales,Sales Executive,2,Travel_Rarely,16,6,2,0,5,2,4,1,3,4,4,3,0,0.0,0.3333333333333333,0.6666666666666666,0.8333333333333334,1,Cluster 1,0.07777777777777778,Low,0.5599999999999999,Medium,0.3466320645905421,Medium,Career Development Discussion
36,Male,Single,2,Life Sciences,Research & Development,Laboratory Technician,2,Travel_Rarely,16,13,11,3,7,8,3,2,3,4,4,4,0,0.23076923076923078,0.8461538461538461,0.23076923076923078,0.5384615384615384,3,Cluster 3,0.40739316239316237,Medium,0.8160940170940172,High,0.618710105158202,Medium,Training / Skill Development
33,Female,Married,4,Medical,Research & Development,Research Scientist,1,Travel_Rarely,7,3,2,1,1,6,3,2,2,3,4,3,0,0.3333333333333333,0.6666666666666666,1.0,0.3333333333333333,1,Cluster 1,0.2344444444444444,Low,0.6635555555555556,High,0.44360185642884603,Medium,Training / Skill Development
37,Male,Divorced,3,Other,Research & Development,Research Director,3,Travel_Frequently,10,10,8,0,7,1,1,4,3,2,3,3,0,0.0,0.8,0.1,0.7,1,Cluster 1,0.2311111111111111,Low,0.7778888888888889,High,0.6309697918383039,Medium,Training / Skill Development
38,Male,Divorced,3,Life Sciences,Sales,Sales Executive,3,Travel_Rarely,17,16,10,5,13,0,6,3,3,1,3,2,0,0.3125,0.625,0.375,0.8125,3,Cluster 3,0.42743055555555554,Medium,0.7417361111111112,High,0.618224257840391,Medium,Training / Skill Development
31,Male,Married,4,Medical,Research & Development,Manufacturing Director,2,Non-Travel,6,5,4,1,4,0,2,3,1,3,4,3,0,0.2,0.8,0.4,0.8,1,Cluster 1,0.24888888888888888,Low,0.7564444444444445,High,0.5428580216400286,Medium,Training / Skill Development
59,Male,Married,3,Life Sciences,Research & Development,Research Scientist,1,Travel_Rarely,7,1,0,0,0,3,6,4,2,3,1,3,0,0.0,0.0,6.0,0.0,0,Cluster 0,0.0,Low,0.0,Low,0.13333333333333333,Low,Managerial / Team Review
37,Male,Divorced,4,Marketing,Sales,Sales Representative,1,Travel_Frequently,13,9,8,5,8,4,2,4,3,1,3,3,0,0.5555555555555556,0.8888888888888888,0.2222222222222222,0.8888888888888888,2,Cluster 2,0.5,Medium,0.8481481481481482,High,0.7640348950037531,High,Training / Skill Development
29,Female,Married,1,Medical,Sales,Sales Executive,3,Travel_Frequently,11,11,10,4,1,1,5,4,3,2,4,3,0,0.36363636363636365,0.9090909090909091,0.45454545454545453,0.09090909090909091,1,Cluster 1,0.4594949494949495,Medium,0.8267474747474748,High,0.6736978335006015,High,Training / Skill Development
35,Female,Single,3,Marketing,Sales,Sales Executive,3,Travel_Frequently,10,10,7,0,8,1,3,3,3,3,1,4,0,0.0,0.7,0.3,0.8,1,Cluster 1,0.2022222222222222,Low,0.7254444444444443,High,0.5655444609216235,Medium,Training / Skill Development
29,Male,Single,1,Medical,Research & Development,Research Scientist,1,Travel_Rarely,4,4,3,0,1,1,3,4,2,3,3,2,1,0.0,0.75,0.75,0.25,1,Cluster 1,0.15416666666666665,Low,0.6933333333333334,High,0.5034690640962267,Medium,Training / Skill Development
52,Female,Single,3,Life Sciences,Research & Development,Laboratory Technician,1,Travel_Rarely,6,2,2,2,2,7,3,4,2,3,2,2,0,1.0,1.0,1.5,1.0,2,Cluster 2,0.47444444444444445,Medium,0.769888888888889,High,0.7493512385346295,High,Training / Skill Development
42,Male,Married,2,Technical Degree,Research & Development,Manager,5,Travel_Rarely,22,22,17,11,15,1,3,4,3,3,4,3,0,0.5,0.7727272727272727,0.13636363636363635,0.6818181818181818,3,Cluster 3,0.7336868686868687,High,0.8671919191919192,High,0.787452910219346,High,Training + Promotion Review
59,Male,Married,2,Medical,Human Resources,Human Resources,1,Travel_Rarely,7,2,2,2,2,8,2,3,3,2,4,2,0,1.0,1.0,1.0,1.0,2,Cluster 2,0.47444444444444445,Medium,0.8115555555555556,High,0.7560450925468226,High,Training / Skill Development
50,Female,Divorced,4,Medical,Sales,Manager,5,Travel_Rarely,32,7,0,0,6,3,3,4,3,4,3,2,0,0.0,0.0,0.42857142857142855,0.8571428571428571,1,Cluster 1,0.0,Low,0.4642857142857143,Medium,0.3269696113739613,Low,Career Development Discussion
33,Male,Married,3,Medical,Research & Development,Laboratory Technician,1,Travel_Rarely,8,5,4,0,4,5,2,4,3,3,3,1,1,0.0,0.8,0.4,0.8,1,Cluster 1,0.17555555555555555,Low,0.7417777777777778,High,0.6185017850277366,Medium,Training / Skill Development
43,Female,Married,3,Marketing,Sales,Manager,4,Travel_Rarely,22,17,13,1,9,5,3,4,3,4,3,3,0,0.058823529411764705,0.7647058823529411,0.17647058823529413,0.5294117647058824,3,Cluster 3,0.33330065359477123,Medium,0.7813660130718953,High,0.6363029103221449,Medium,Training / Skill Development
33,Female,Married,2,Life Sciences,Research & Development,Laboratory Technician,1,Travel_Rarely,13,9,7,1,7,7,3,1,3,1,1,4,1,0.1111111111111111,0.7777777777777778,0.3333333333333333,0.7777777777777778,1,Cluster 1,0.265,Low,0.7585555555555555,High,0.5402527324655353,Medium,Training / Skill Development
52,Male,Single,4,Life Sciences,Sales,Manager,5,Non-Travel,33,33,7,15,12,1,2,3,2,1,4,4,0,0.45454545454545453,0.21212121212121213,0.06060606060606061,0.36363636363636365,3,Cluster 3,0.5926767676767677,Medium,0.6771212121212122,High,0.47597818271693704,Medium,Training / Skill Development
32,Female,Married,2,Life Sciences,Sales,Sales Representative,1,Travel_Rarely,6,4,3,1,2,2,5,2,3,3,1,3,0,0.25,0.75,1.25,0.5,1,Cluster 1,0.24,Low,0.6688333333333334,High,0.5169497446037239,Medium,Training / Skill Development
32,Male,Single,3,Life Sciences,Research & Development,Laboratory Technician,1,Travel_Rarely,4,3,2,1,2,0,2,3,2,4,4,1,1,0.3333333333333333,0.6666666666666666,0.6666666666666666,0.6666666666666666,1,Cluster 1,0.2344444444444444,Low,0.6913333333333332,High,0.5147310924369748,Medium,Training / Skill Development
39,Female,Divorced,4,Medical,Research & Development,Laboratory Technician,1,Travel_Rarely,7,3,2,1,2,7,1,3,3,3,3,3,0,0.3333333333333333,0.6666666666666666,0.3333333333333333,0.6666666666666666,1,Cluster 1,0.2344444444444444,Low,0.719111111111111,High,0.5525269951117702,Medium,Training / Skill Development
32,Male,Married,4,Marketing,Sales,Sales Executive,2,Non-Travel,4,3,2,2,2,0,2,4,3,3,1,3,0,0.6666666666666666,0.6666666666666666,0.6666666666666666,0.6666666666666666,2,Cluster 2,0.3411111111111111,Medium,0.7126666666666666,High,0.6168250123578842,Medium,Training / Skill Development
41,Male,Divorced,2,Life Sciences,Research & Development,Research Scientist,2,Travel_Rarely,17,1,0,0,0,2,2,1,3,3,1,2,0,0.0,0.0,2.0,0.0,0,Cluster 0,0.0,Low,0.33333333333333337,Medium,0.12021749876421159,Low,Managerial / Team Review
40,Male,Divorced,2,Technical Degree,Research & Development,Research Scientist,2,Travel_Rarely,9,9,8,4,7,1,3,4,3,1,1,3,0,0.4444444444444444,0.8888888888888888,0.3333333333333333,0.7777777777777778,2,Cluster 2,0.4488888888888889,Medium,0.8286666666666667,High,0.7344607019278299,High,Training / Skill Development
45,Male,Married,3,Other,Research & Development,Manager,5,Travel_Rarely,25,24,0,1,7,0,2,4,4,3,3,3,0,0.041666666666666664,0.0,0.08333333333333333,0.2916666666666667,3,Cluster 3,0.033749999999999995,Low,0.49980555555555556,Medium,0.3195866768275938,Low,Managerial / Team Review
31,Male,Divorced,4,Medical,Research & Development,Research Director,3,Travel_Frequently,9,2,2,2,2,9,3,3,3,2,1,3,0,1.0,1.0,1.5,1.0,2,Cluster 2,0.47444444444444445,Medium,0.769888888888889,High,0.7493512385346295,High,Training / Skill Development
33,Female,Married,4,Life Sciences,Research & Development,Research Scientist,1,Travel_Rarely,2,2,2,0,2,1,2,4,2,3,3,2,0,0.0,1.0,1.0,1.0,1,Cluster 1,0.17777777777777776,Low,0.7522222222222222,High,0.6575130444334596,Medium,Training / Skill Development
34,Male,Married,4,Life Sciences,Research & Development,Manufacturing Director,2,Travel_Rarely,13,11,9,5,9,6,3,1,2,4,2,3,0,0.45454545454545453,0.8181818181818182,0.2727272727272727,0.8181818181818182,3,Cluster 3,0.478030303030303,Medium,0.8183333333333334,High,0.5945733534055333,Medium,Training / Skill Development
37,Female,Married,2,Medical,Research & Development,Research Scientist,1,Travel_Rarely,17,3,1,0,2,2,2,1,2,3,1,2,0,0.0,0.3333333333333333,0.6666666666666666,0.6666666666666666,1,Cluster 1,0.06388888888888888,Low,0.5572222222222222,Medium,0.2920191409897292,Low,Career Development Discussion
45,Male,Married,4,Life Sciences,Research & Development,Manufacturing Director,2,Travel_Frequently,9,3,2,0,2,4,1,3,4,1,4,3,0,0.0,0.6666666666666666,0.3333333333333333,0.6666666666666666,1,Cluster 1,0.12777777777777777,Low,0.6977777777777777,High,0.5504330751908606,Medium,Training / Skill Development
37,Male,Divorced,3,Medical,Research & Development,Manufacturing Director,3,Travel_Frequently,17,1,0,0,0,6,5,3,3,1,2,3,1,0.0,0.0,5.0,0.0,0,Cluster 0,0.0,Low,0.08333333333333337,Low,0.14672104135771957,Low,Managerial / Team Review
39,Female,Single,4,Technical Degree,Research & Development,Healthcare Representative,3,Travel_Frequently,20,19,6,11,8,0,1,3,3,3,4,3,0,0.5789473684210527,0.3157894736842105,0.05263157894736842,0.42105263157894735,3,Cluster 3,0.5321052631578947,Medium,0.6967719298245614,High,0.5259556937326014,Medium,Training / Skill Development
29,Male,Single,3,Life Sciences,Research & Development,Research Scientist,1,Travel_Rarely,6,6,5,1,5,1,1,4,3,3,1,3,0,0.16666666666666666,0.8333333333333334,0.16666666666666666,0.8333333333333334,1,Cluster 1,0.2594444444444445,Low,0.788,High,0.6627608337452628,High,Training / Skill Development
42,Female,Single,2,Life Sciences,Research & Development,Research Scientist,2,Travel_Rarely,10,3,2,0,2,3,1,1,4,4,3,3,0,0.0,0.6666666666666666,0.3333333333333333,0.6666666666666666,1,Cluster 1,0.12777777777777777,Low,0.6977777777777777,High,0.48376640852419395,Medium,Training / Skill Development
29,Male,Divorced,2,Marketing,Sales,Sales Executive,2,Travel_Rarely,10,3,2,0,2,2,2,4,3,4,4,3,0,0.0,0.6666666666666666,0.6666666666666666,0.6666666666666666,1,Cluster 1,0.12777777777777777,Low,0.6699999999999999,High,0.5459705058493985,Medium,Training / Skill Development
25,Female,Married,3,Life Sciences,Research & Development,Manufacturing Director,2,Travel_Rarely,5,4,2,1,2,0,3,3,3,1,4,3,0,0.25,0.5,0.75,0.5,1,Cluster 1,0.18861111111111112,Low,0.6252222222222222,Medium,0.46536017740429503,Medium,Career Development Discussion
42,Female,Divorced,3,Medical,Research & Development,Laboratory Technician,1,Travel_Rarely,10,9,6,7,8,0,4,1,2,4,3,3,0,0.7777777777777778,0.6666666666666666,0.4444444444444444,0.8888888888888888,2,Cluster 2,0.5411111111111111,Medium,0.7711851851851852,High,0.57511504732612,Medium,Training / Skill Development
40,Male,Divorced,2,Medical,Research & Development,Research Director,5,Travel_Rarely,22,21,7,3,9,0,5,3,3,1,4,3,0,0.14285714285714285,0.3333333333333333,0.23809523809523808,0.42857142857142855,3,Cluster 3,0.2529365079365079,Low,0.6307460317460318,Medium,0.43673568643143534,Medium,Career Development Discussion
51,Male,Married,3,Life Sciences,Research & Development,Research Scientist,1,Travel_Rarely,1,1,0,0,0,1,0,4,3,3,2,2,0,0.0,0.0,0.0,0.0,0,Cluster 0,0.0,Low,0.5,Medium,0.24699291481298405,Low,Managerial / Team Review
31,Male,Single,2,Medical,Research & Development,Laboratory Technician,1,Travel_Frequently,6,5,4,1,4,0,2,2,2,3,2,4,1,0.2,0.8,0.4,0.8,1,Cluster 1,0.24888888888888888,Low,0.7564444444444445,High,0.5428580216400286,Medium,Training / Skill Development
32,Male,Married,3,Life Sciences,Research & Development,Laboratory Technician,1,Travel_Frequently,5,5,1,0,3,1,3,2,4,2,3,1,0,0.0,0.2,0.6,0.6,1,Cluster 1,0.04388888888888889,Low,0.5187777777777778,Medium,0.3398429450211457,Medium,Career Development Discussion
38,Male,Married,2,Life Sciences,Sales,Sales Executive,2,Non-Travel,13,8,7,7,5,3,0,4,2,4,4,3,0,0.875,0.875,0.0,0.625,2,Cluster 2,0.6105555555555555,Medium,0.884611111111111,High,0.7398649832482012,High,Training / Skill Development
32,Male,Single,1,Technical Degree,Research & Development,Laboratory Technician,2,Travel_Rarely,9,6,2,0,4,4,5,1,2,4,4,3,0,0.0,0.3333333333333333,0.8333333333333334,0.6666666666666666,1,Cluster 1,0.07777777777777778,Low,0.5461111111111111,Medium,0.294400779919811,Low,Career Development Discussion
46,Female,Married,3,Technical Degree,Sales,Manager,4,Travel_Rarely,28,7,7,7,7,3,2,2,1,3,2,2,0,1.0,1.0,0.2857142857142857,1.0,3,Cluster 3,0.6605555555555556,High,0.9083015873015872,High,0.7274209173865624,High,Training + Promotion Review
28,Male,Single,4,Life Sciences,Research & Development,Laboratory Technician,1,Travel_Rarely,5,0,0,0,0,2,5,3,3,1,3,1,1,0.0,0.0,5.0,0.0,0,Cluster 0,0.0,Low,0.08333333333333337,Low,0.14672104135771957,Low,Managerial / Team Review
29,Male,Married,3,Medical,Sales,Sales Executive,2,Travel_Rarely,10,0,0,0,0,2,2,2,2,1,2,3,0,0.0,0.0,2.0,0.0,0,Cluster 0,0.0,Low,0.33333333333333337,Medium,0.12021749876421156,Low,Managerial / Team Review
31,Male,Married,3,Medical,Research & Development,Healthcare Representative,2,Travel_Rarely,10,9,0,7,8,0,2,4,2,2,2,3,0,0.7777777777777778,0.0,0.2222222222222222,0.8888888888888888,2,Cluster 2,0.35777777777777775,Medium,0.5530370370370371,Medium,0.41840233609783783,Medium,Career Development Discussion
25,Male,Divorced,2,Life Sciences,Research & Development,Healthcare Representative,2,Non-Travel,6,6,3,1,5,1,2,1,4,2,4,3,0,0.16666666666666666,0.5,0.3333333333333333,0.8333333333333334,1,Cluster 1,0.18166666666666664,Low,0.6585555555555556,Medium,0.46863192728071623,Medium,Career Development Discussion
45,Male,Married,2,Medical,Research & Development,Healthcare Representative,4,Travel_Rarely,21,20,7,4,10,0,2,4,3,3,2,3,0,0.2,0.35,0.1,0.5,3,Cluster 3,0.2930555555555555,Low,0.6552777777777777,Medium,0.49735534409842364,Medium,Career Development Discussion
36,Male,Married,3,Life Sciences,Research & Development,Laboratory Technician,1,Travel_Rarely,16,15,13,10,11,0,4,4,3,4,3,3,0,0.6666666666666666,0.8666666666666667,0.26666666666666666,0.7333333333333333,3,Cluster 3,0.7105555555555555,High,0.8798888888888889,High,0.811189679793486,High,Training + Promotion Review
55,Male,Single,3,Medical,Research & Development,Manager,5,Travel_Rarely,37,36,10,4,13,0,2,1,3,4,3,3,0,0.1111111111111111,0.2777777777777778,0.05555555555555555,0.3611111111111111,3,Cluster 3,0.3016666666666667,Low,0.6390370370370371,Medium,0.36538511744567104,Medium,Career Development Discussion
47,Male,Married,4,Life Sciences,Research & Development,Manager,3,Non-Travel,10,10,7,9,9,1,2,2,3,1,4,2,1,0.9,0.7,0.2,0.9,2,Cluster 2,0.6372222222222221,Medium,0.8207777777777778,High,0.688026665568188,High,Training / Skill Development
28,Male,Married,3,Medical,Research & Development,Research Scientist,1,Travel_Rarely,5,5,2,0,4,1,3,4,3,4,4,2,0,0.0,0.4,0.6,0.8,1,Cluster 1,0.08777777777777777,Low,0.5875555555555556,Medium,0.46739226671060585,Medium,Career Development Discussion
37,Male,Married,4,Medical,Sales,Sales Executive,2,Travel_Rarely,7,5,4,0,1,4,5,4,3,3,2,4,0,0.0,0.8,1.0,0.2,1,Cluster 1,0.17555555555555555,Low,0.6917777777777778,High,0.5504691602131049,Medium,Training / Skill Development
21,Male,Single,2,Medical,Research & Development,Research Scientist,1,Travel_Rarely,3,3,2,1,0,1,4,3,2,4,1,4,0,0.3333333333333333,0.6666666666666666,1.3333333333333333,0.0,0,Cluster 0,0.2344444444444444,Low,0.6357777777777778,Medium,0.4391392870873839,Medium,Career Rotation
37,Female,Divorced,4,Medical,Research & Development,Research Director,3,Non-Travel,15,5,2,0,2,2,2,4,3,1,1,3,0,0.0,0.4,0.4,0.4,1,Cluster 1,0.08777777777777777,Low,0.6042222222222222,Medium,0.430069808315483,Medium,Career Development Discussion
35,Female,Divorced,3,Life Sciences,Research & Development,Manager,3,Travel_Rarely,10,7,7,6,2,7,6,2,4,2,2,2,0,0.8571428571428571,1.0,0.8571428571428571,0.2857142857142857,2,Cluster 2,0.6015079365079364,Medium,0.848873015873016,High,0.7287307118926002,High,Training / Skill Development
38,Female,Divorced,2,Medical,Sales,Sales Executive,2,Travel_Rarely,8,8,0,7,7,1,3,1,4,1,3,3,0,0.875,0.0,0.375,0.875,2,Cluster 2,0.38208333333333333,Medium,0.5451666666666667,Medium,0.38970738589553466,Medium,Career Development Discussion
26,Female,Divorced,3,Life Sciences,Research & Development,Manufacturing Director,2,Travel_Frequently,6,6,5,1,4,1,6,2,3,3,1,1,0,0.16666666666666666,0.8333333333333334,1.0,0.6666666666666666,1,Cluster 1,0.2594444444444445,Low,0.7185555555555556,High,0.5682710770582743,Medium,Training / Skill Development
50,Male,Divorced,1,Life Sciences,Research & Development,Research Director,5,Travel_Rarely,28,10,4,1,6,3,4,2,3,1,1,2,0,0.1,0.4,0.4,0.6,3,Cluster 3,0.1638888888888889,Low,0.6194444444444445,Medium,0.4086819629812709,Medium,Career Development Discussion
53,Male,Married,4,Medical,Research & Development,Research Director,4,Travel_Rarely,21,5,3,1,3,3,5,3,3,3,4,2,0,0.2,0.6,1.0,0.6,1,Cluster 1,0.20500000000000002,Low,0.6376666666666667,Medium,0.5072760751359368,Medium,Career Rotation
42,Male,Married,1,Life Sciences,Sales,Sales Executive,2,Travel_Rarely,20,20,16,11,6,1,3,3,3,2,3,3,0,0.55,0.8,0.15,0.3,3,Cluster 3,0.7363888888888889,High,0.8747777777777779,High,0.7247852337013236,High,Training + Promotion Review
29,Male,Single,2,Life Sciences,Sales,Sales Executive,2,Travel_Frequently,10,10,7,0,9,1,3,4,3,2,1,2,0,0.0,0.7,0.3,0.9,1,Cluster 1,0.2022222222222222,Low,0.7254444444444443,High,0.6088777942549568,Medium,Training / Skill Development
55,Male,Married,2,Technical Degree,Research & Development,Laboratory Technician,2,Travel_Rarely,12,10,7,0,8,3,4,4,3,2,4,3,0,0.0,0.7,0.4,0.8,1,Cluster 1,0.2022222222222222,Low,0.717111111111111,High,0.5975390234525182,Medium,Training / Skill Development
26,Male,Married,2,Medical,Research & Development,Healthcare Representative,2,Travel_Frequently,5,5,3,3,3,1,3,1,3,1,3,3,0,0.6,0.6,0.6,0.6,2,Cluster 2,0.3516666666666667,Medium,0.7003333333333334,High,0.4946769649036086,Medium,Training / Skill Development
37,Female,Single,3,Life Sciences,Research & Development,Research Scientist,1,Travel_Rarely,17,17,12,5,7,1,3,4,3,4,2,3,0,0.29411764705882354,0.7058823529411765,0.17647058823529413,0.4117647058823529,3,Cluster 3,0.4627450980392157,Medium,0.7896078431372549,High,0.6499897259942039,Medium,Training / Skill Development
44,Male,Divorced,3,Life Sciences,Research & Development,Laboratory Technician,1,Travel_Frequently,19,1,0,0,0,3,0,3,3,4,4,1,1,0.0,0.0,0.0,0.0,0,Cluster 0,0.0,Low,0.5,Medium,0.21365958147965072,Low,Managerial / Team Review
38,Male,Divorced,4,Life Sciences,Research & Development,Healthcare Representative,2,Travel_Rarely,10,2,2,1,2,9,2,4,3,4,2,3,0,0.5,1.0,1.0,1.0,2,Cluster 2,0.32611111111111113,Low,0.7818888888888889,High,0.7401124018234744,High,Training / Skill Development
26,Male,Divorced,4,Medical,Research & Development,Laboratory Technician,1,Travel_Rarely,5,3,2,0,2,2,2,2,3,1,4,3,1,0.0,0.6666666666666666,0.6666666666666666,0.6666666666666666,1,Cluster 1,0.12777777777777777,Low,0.6699999999999999,High,0.4793038391827319,Medium,Training / Skill Development
28,Female,Single,2,Life Sciences,Research & Development,Research Scientist,1,Travel_Rarely,5,5,3,0,2,1,3,4,3,4,4,3,0,0.0,0.6,0.6,0.4,1,Cluster 1,0.13166666666666665,Low,0.6563333333333333,Medium,0.5016082550667326,Medium,Career Rotation
49,Female,Single,4,Life Sciences,Research & Development,Research Director,5,Travel_Frequently,22,3,2,1,2,9,4,1,3,3,4,3,0,0.3333333333333333,0.6666666666666666,1.3333333333333333,0.6666666666666666,1,Cluster 1,0.2344444444444444,Low,0.6357777777777778,Medium,0.47247262042071725,Medium,Career Rotation
36,Male,Single,3,Technical Degree,Research & Development,Research Scientist,2,Travel_Rarely,10,8,0,7,7,4,2,2,3,3,4,3,0,0.875,0.0,0.25,0.875,2,Cluster 2,0.38208333333333333,Medium,0.5555833333333333,Medium,0.391380849398583,Medium,Career Development Discussion
31,Female,Divorced,3,Marketing,Sales,Sales Representative,1,Travel_Frequently,2,2,2,2,2,1,5,2,3,4,3,2,0,1.0,1.0,2.5,1.0,2,Cluster 2,0.47444444444444445,Medium,0.6865555555555556,High,0.7026301971769099,High,Training / Skill Development
26,Male,Single,4,Marketing,Sales,Sales Executive,2,Travel_Rarely,8,8,7,7,4,1,0,4,2,4,2,3,1,0.875,0.875,0.0,0.5,2,Cluster 2,0.6105555555555555,Medium,0.884611111111111,High,0.7273649832482012,High,Training / Skill Development
37,Male,Married,3,Medical,Research & Development,Research Scientist,1,Travel_Frequently,4,4,2,1,2,1,3,4,3,2,3,2,0,0.25,0.5,0.75,0.5,1,Cluster 1,0.18861111111111112,Low,0.6252222222222222,Medium,0.49869351073762835,Medium,Career Development Discussion
42,Female,Married,3,Marketing,Sales,Sales Executive,4,Travel_Frequently,23,20,4,4,8,5,2,2,3,3,4,4,0,0.2,0.2,0.1,0.4,3,Cluster 3,0.2288888888888889,Low,0.5974444444444444,Medium,0.354647608062833,Medium,Career Development Discussion
18,Male,Single,3,Life Sciences,Research & Development,Laboratory Technician,1,Travel_Rarely,0,0,0,0,0,1,2,3,3,3,3,3,1,0.0,0.0,2.0,0.0,0,Cluster 0,0.0,Low,0.33333333333333337,Medium,0.18688416543087827,Low,Managerial / Team Review
35,Male,Married,3,Marketing,Sales,Sales Executive,3,Travel_Rarely,12,11,9,6,9,0,3,2,3,3,3,2,0,0.5454545454545454,0.8181818181818182,0.2727272727272727,0.8181818181818182,3,Cluster 3,0.524090909090909,Medium,0.8275454545454546,High,0.6765381521592594,High,Training / Skill Development
36,Male,Married,4,Life Sciences,Research & Development,Laboratory Technician,1,Travel_Frequently,4,1,0,0,0,4,2,4,4,3,4,3,0,0.0,0.0,2.0,0.0,0,Cluster 0,0.0,Low,0.33333333333333337,Medium,0.2535508320975449,Low,Managerial / Team Review
51,Male,Divorced,3,Medical,Research & Development,Manufacturing Director,2,Travel_Rarely,13,4,1,1,2,5,3,2,1,4,4,3,0,0.25,0.25,0.75,0.5,1,Cluster 1,0.13722222222222222,Low,0.5399444444444444,Medium,0.2737434228593398,Low,Career Development Discussion
41,Male,Single,4,Life Sciences,Sales,Manager,4,Travel_Rarely,22,22,10,0,4,1,2,2,3,4,2,3,0,0.0,0.45454545454545453,0.09090909090909091,0.18181818181818182,3,Cluster 3,0.20707070707070707,Low,0.6702020202020202,High,0.40160902150521527,Medium,Training / Skill Development
18,Female,Single,3,Medical,Sales,Sales Representative,1,Travel_Rarely,0,0,0,0,0,1,2,3,2,4,1,3,0,0.0,0.0,2.0,0.0,0,Cluster 0,0.0,Low,0.33333333333333337,Medium,0.15355083209754491,Low,Managerial / Team Review
28,Male,Single,2,Medical,Research & Development,Healthcare Representative,2,Travel_Rarely,9,8,3,0,7,0,2,1,4,2,3,3,0,0.0,0.375,0.25,0.875,1,Cluster 1,0.09791666666666665,Low,0.61125,Medium,0.4088238383588729,Medium,Career Development Discussion
31,Male,Married,3,Technical Degree,Sales,Sales Executive,2,Travel_Rarely,10,8,7,7,7,4,3,4,4,2,2,2,0,0.875,0.875,0.375,0.875,2,Cluster 2,0.6105555555555555,Medium,0.853361111111111,High,0.826511259405723,High,Training / Skill Development
39,Male,Divorced,3,Medical,Research & Development,Healthcare Representative,3,Travel_Rarely,19,18,10,3,7,0,5,4,4,3,1,2,0,0.16666666666666666,0.5555555555555556,0.2777777777777778,0.3888888888888889,3,Cluster 3,0.3338888888888889,Medium,0.7102962962962963,High,0.5920553175518573,Medium,Training / Skill Development
36,Female,Married,4,Life Sciences,Research & Development,Laboratory Technician,2,Non-Travel,11,9,8,0,8,7,3,2,3,2,3,3,0,0.0,0.8888888888888888,0.3333333333333333,0.8888888888888888,1,Cluster 1,0.24444444444444444,Low,0.7877777777777778,High,0.6110029109683088,Medium,Training / Skill Development
32,Male,Married,3,Life Sciences,Sales,Sales Executive,2,Travel_Rarely,13,13,8,4,8,1,3,3,2,4,3,2,0,0.3076923076923077,0.6153846153846154,0.23076923076923078,0.6153846153846154,3,Cluster 3,0.37367521367521367,Medium,0.7401196581196582,High,0.5463892501193539,Medium,Training / Skill Development
38,Female,Married,2,Life Sciences,Research & Development,Research Director,3,Travel_Rarely,19,10,8,0,1,3,2,2,2,1,3,3,0,0.0,0.8,0.2,0.1,1,Cluster 1,0.2311111111111111,Low,0.7695555555555555,High,0.4696310210358653,Medium,Training / Skill Development
58,Male,Divorced,4,Life Sciences,Research & Development,Healthcare Representative,2,Non-Travel,12,5,3,1,2,2,2,3,1,4,4,3,0,0.2,0.6,0.4,0.4,1,Cluster 1,0.20500000000000002,Low,0.6876666666666668,High,0.4286420332839018,Medium,Training / Skill Development
31,Male,Married,4,Technical Degree,Research & Development,Research Scientist,1,Travel_Rarely,6,5,2,0,3,0,4,4,3,3,3,3,0,0.0,0.4,0.8,0.6,1,Cluster 1,0.08777777777777777,Low,0.5708888888888889,Medium,0.4447147251057285,Medium,Career Development Discussion
31,Male,Married,3,Human Resources,Human Resources,Human Resources,2,Travel_Rarely,9,2,2,1,0,3,1,1,2,1,4,3,0,0.5,1.0,0.5,0.0,1,Cluster 1,0.32611111111111113,Low,0.8235555555555555,High,0.5134729225023342,Medium,Training / Skill Development
45,Male,Divorced,3,Life Sciences,Research & Development,Laboratory Technician,3,Travel_Frequently,24,24,9,9,11,1,2,1,3,1,1,3,0,0.375,0.375,0.08333333333333333,0.4583333333333333,3,Cluster 3,0.485,Medium,0.7025555555555556,High,0.4646173037842588,Medium,Training / Skill Development
31,Male,Divorced,4,Life Sciences,Research & Development,Research Scientist,1,Travel_Rarely,3,2,2,2,2,0,2,4,3,3,2,1,0,1.0,1.0,1.0,1.0,2,Cluster 2,0.47444444444444445,Medium,0.8115555555555556,High,0.7893784258801559,High,Training / Skill Development
33,Female,Married,4,Life Sciences,Research & Development,Manager,3,Travel_Frequently,12,10,6,8,8,6,2,2,3,4,2,3,0,0.8,0.6,0.2,0.8,2,Cluster 2,0.5599999999999999,Medium,0.7753333333333333,High,0.6225592354588894,Medium,Training / Skill Development
39,Male,Married,1,Medical,Research & Development,Manager,4,Travel_Rarely,21,21,9,11,10,1,3,1,3,3,4,3,0,0.5238095238095238,0.42857142857142855,0.14285714285714285,0.47619047619047616,3,Cluster 3,0.5769047619047619,Medium,0.7320476190476191,High,0.5121052774050797,Medium,Training / Skill Development
43,Female,Single,4,Life Sciences,Research & Development,Laboratory Technician,1,Travel_Frequently,9,8,7,1,7,0,5,4,3,3,1,3,0,0.125,0.875,0.625,0.875,1,Cluster 1,0.2830555555555555,Low,0.7670277777777778,High,0.6810582605591256,High,Training / Skill Development
49,Female,Single,2,Technical Degree,Research & Development,Healthcare Representative,4,Travel_Rarely,25,7,1,0,7,7,2,3,2,3,4,3,0,0.0,0.14285714285714285,0.2857142857142857,1.0,1,Cluster 1,0.03531746031746032,Low,0.5261111111111111,Medium,0.3308305871368155,Medium,Career Development Discussion
52,Male,Married,4,Medical,Research & Development,Research Scientist,2,Travel_Rarely,11,8,2,7,7,2,3,2,2,3,1,2,1,0.875,0.25,0.375,0.875,2,Cluster 2,0.4473611111111111,Medium,0.6332222222222221,Medium,0.45260373070796944,Medium,Career Development Discussion
27,Female,Single,3,Life Sciences,Research & Development,Research Scientist,1,Travel_Rarely,4,4,3,1,2,1,2,2,3,3,2,2,0,0.25,0.75,0.5,0.5,1,Cluster 1,0.24,Low,0.7313333333333334,High,0.5269905256220135,Medium,Training / Skill Development
32,Female,Married,2,Technical Degree,Sales,Sales Executive,2,Travel_Rarely,13,13,12,11,9,1,2,2,2,3,4,3,0,0.8461538461538461,0.9230769230769231,0.15384615384615385,0.6923076923076923,3,Cluster 3,0.7733333333333334,High,0.9187692307692308,High,0.7462692371066073,High,Training + Promotion Review
27,Male,Single,3,Life Sciences,Sales,Sales Executive,2,Travel_Rarely,5,5,4,0,4,1,3,3,3,4,1,3,0,0.0,0.8,0.6,0.8,1,Cluster 1,0.17555555555555555,Low,0.725111111111111,High,0.582490910089526,Medium,Training / Skill Development
31,Male,Divorced,3,Marketing,Sales,Sales Executive,2,Travel_Rarely,13,7,7,1,7,4,3,4,3,4,4,3,0,0.14285714285714285,1.0,0.42857142857142855,1.0,1,Cluster 1,0.30626984126984125,Low,0.8255396825396825,High,0.7411726298362482,High,Training / Skill Development
32,Female,Single,4,Medical,Research & Development,Research Scientist,2,Travel_Rarely,10,7,7,0,7,7,0,4,4,1,3,2,0,0.0,1.0,0.0,1.0,1,Cluster 1,0.2472222222222222,Low,0.8494444444444444,High,0.7606320371285769,High,Training / Skill Development
28,Male,Married,4,Medical,Research & Development,Research Scientist,1,Travel_Rarely,5,3,2,2,2,5,4,4,1,1,4,2,1,0.6666666666666666,0.6666666666666666,1.3333333333333333,0.6666666666666666,2,Cluster 2,0.3411111111111111,Medium,0.6571111111111111,Medium,0.5412332070082935,Medium,Career Rotation
30,Female,Married,2,Medical,Research & Development,Research Scientist,2,Travel_Rarely,11,10,8,1,9,1,2,4,3,4,4,3,0,0.1,0.8,0.2,0.9,1,Cluster 1,0.2794444444444444,Low,0.7792222222222223,High,0.6656839951666942,High,Training / Skill Development
31,Female,Married,2,Life Sciences,Research & Development,Manufacturing Director,3,Travel_Frequently,10,10,9,8,9,1,2,3,2,3,1,3,0,0.8,0.9,0.2,0.9,2,Cluster 2,0.6466666666666667,Medium,0.8826666666666667,High,0.7508026033942989,High,Training / Skill Development
39,Male,Married,2,Medical,Research & Development,Manager,5,Travel_Frequently,21,21,9,13,3,1,2,4,2,3,1,3,0,0.6190476190476191,0.42857142857142855,0.09523809523809523,0.14285714285714285,3,Cluster 3,0.6473809523809524,Medium,0.7501111111111112,High,0.5694834129730323,Medium,Training / Skill Development
39,Female,Married,2,Medical,Sales,Sales Executive,2,Travel_Rarely,12,1,0,0,0,4,3,3,3,4,1,2,1,0.0,0.0,3.0,0.0,0,Cluster 0,0.0,Low,0.25,Low,0.17349645740649203,Low,Managerial / Team Review
33,Male,Single,3,Marketing,Sales,Sales Executive,2,Travel_Frequently,9,7,7,0,1,3,6,4,2,2,3,2,0,0.0,1.0,0.8571428571428571,0.14285714285714285,1,Cluster 1,0.2472222222222222,Low,0.778015873015873,High,0.5967759064410078,Medium,Training / Skill Development
47,Male,Married,5,Life Sciences,Research & Development,Research Director,5,Travel_Rarely,21,3,2,1,1,4,2,3,3,4,2,3,0,0.3333333333333333,0.6666666666666666,0.6666666666666666,0.3333333333333333,1,Cluster 1,0.2344444444444444,Low,0.6913333333333332,High,0.5147310924369748,Medium,Training / Skill Development
43,Female,Divorced,4,Life Sciences,Research & Development,Laboratory Technician,2,Travel_Frequently,9,9,7,0,0,1,3,3,2,3,2,4,0,0.0,0.7777777777777778,0.3333333333333333,0.0,1,Cluster 1,0.21388888888888888,Low,0.7483333333333333,High,0.47883272917009945,Medium,Training / Skill Development
27,Male,Married,1,Marketing,Sales,Sales Executive,2,Non-Travel,6,5,4,1,4,0,0,2,3,3,4,3,0,0.2,0.8,0.0,0.8,1,Cluster 1,0.24888888888888888,Low,0.7897777777777778,High,0.5815464381831165,Medium,Training / Skill Development
54,Female,Single,4,Life Sciences,Research & Development,Research Scientist,2,Travel_Frequently,20,4,3,0,3,3,4,3,3,4,4,2,0,0.0,0.75,1.0,0.75,1,Cluster 1,0.15416666666666665,Low,0.6725,High,0.5501221370901301,Medium,Training / Skill Development
43,Female,Married,3,Life Sciences,Research & Development,Healthcare Representative,3,Travel_Rarely,10,1,0,0,0,8,1,1,3,3,1,2,0,0.0,0.0,1.0,0.0,0,Cluster 0,0.0,Low,0.4166666666666667,Medium,0.1336052067885978,Low,Managerial / Team Review
45,Male,Married,4,Other,Research & Development,Research Scientist,2,Travel_Rarely,12,10,9,9,8,9,3,4,3,4,1,3,0,0.9,0.9,0.3,0.8,2,Cluster 2,0.695,High,0.884,High,0.8221834733893557,High,Training + Promotion Review
40,Male,Married,2,Medical,Sales,Sales Executive,2,Travel_Rarely,6,4,3,0,2,2,2,4,1,2,3,2,0,0.0,0.75,0.5,0.5,1,Cluster 1,0.15416666666666665,Low,0.7141666666666667,High,0.4984826577689899,Medium,Training / Skill Development
29,Male,Married,4,Other,Research & Development,Laboratory Technician,1,Travel_Rarely,7,7,7,0,7,1,4,1,1,2,4,2,1,0.0,1.0,0.5714285714285714,1.0,1,Cluster 1,0.2472222222222222,Low,0.8018253968253968,High,0.5529819182574991,Medium,Training / Skill Development
29,Male,Single,5,Other,Research & Development,Laboratory Technician,1,Travel_Rarely,4,3,2,2,2,0,2,4,2,2,3,3,0,0.6666666666666666,0.6666666666666666,0.6666666666666666,0.6666666666666666,2,Cluster 2,0.3411111111111111,Medium,0.7126666666666666,High,0.5834916790245509,Medium,Training / Skill Development
30,Female,Divorced,3,Marketing,Sales,Sales Executive,2,Travel_Rarely,10,10,9,1,2,1,2,3,2,4,3,3,0,0.1,0.9,0.2,0.2,1,Cluster 1,0.30833333333333335,Low,0.8150000000000001,High,0.5684317844784973,Medium,Training / Skill Development
27,Female,Married,4,Marketing,Sales,Sales Executive,2,Travel_Rarely,8,8,7,0,7,1,3,2,3,2,1,3,0,0.0,0.875,0.375,0.875,1,Cluster 1,0.22847222222222222,Low,0.7769444444444444,High,0.5996097311473609,Medium,Training / Skill Development
37,Male,Divorced,2,Medical,Research & Development,Manufacturing Director,2,Travel_Rarely,8,6,2,0,4,7,2,4,3,4,3,2,0,0.0,0.3333333333333333,0.3333333333333333,0.6666666666666666,1,Cluster 1,0.07777777777777778,Low,0.5877777777777777,Medium,0.4344279672653375,Medium,Career Development Discussion
38,Male,Divorced,2,Life Sciences,Research & Development,Research Director,3,Travel_Rarely,12,11,10,2,9,0,3,4,2,3,2,3,0,0.18181818181818182,0.9090909090909091,0.2727272727272727,0.8181818181818182,3,Cluster 3,0.36737373737373735,Medium,0.8234747474747475,High,0.6849296374521288,High,Training / Skill Development
31,Female,Single,4,Medical,Research & Development,Manufacturing Director,3,Travel_Rarely,11,11,9,4,10,1,2,4,3,3,3,2,0,0.36363636363636365,0.8181818181818182,0.18181818181818182,0.9090909090909091,3,Cluster 3,0.43196969696969695,Medium,0.8166969696969697,High,0.7229165281085697,High,Training / Skill Development
29,Female,Divorced,1,Marketing,Sales,Sales Executive,2,Travel_Rarely,7,7,7,1,7,1,2,2,2,4,1,3,0,0.14285714285714285,1.0,0.2857142857142857,1.0,1,Cluster 1,0.30626984126984125,Low,0.8374444444444443,High,0.6430851595540177,Medium,Training / Skill Development
35,Male,Single,4,Technical Degree,Research & Development,Manufacturing Director,3,Travel_Rarely,17,16,6,0,13,0,5,2,3,3,4,3,0,0.0,0.375,0.3125,0.8125,3,Cluster 3,0.13958333333333334,Low,0.614375,Medium,0.4155758774097874,Medium,Career Development Discussion
23,Male,Divorced,1,Life Sciences,Research & Development,Research Scientist,1,Travel_Rarely,4,4,2,0,2,1,2,4,3,3,3,2,0,0.0,0.5,0.5,0.5,1,Cluster 1,0.10277777777777777,Low,0.6288888888888888,Medium,0.47353256989070136,Medium,Career Development Discussion
41,Male,Single,3,Medical,Research & Development,Manufacturing Director,2,Travel_Rarely,8,5,4,1,2,6,3,2,2,4,4,3,0,0.2,0.8,0.6,0.4,1,Cluster 1,0.24888888888888888,Low,0.7397777777777778,High,0.5001804800351513,Medium,Training / Skill Development
47,Male,Single,1,Medical,Sales,Sales Representative,2,Travel_Frequently,5,0,0,0,0,3,3,3,3,2,1,3,0,0.0,0.0,3.0,0.0,0,Cluster 0,0.0,Low,0.25,Low,0.17349645740649203,Low,Managerial / Team Review
42,Female,Single,5,Life Sciences,Research & Development,Research Director,4,Travel_Rarely,16,1,0,0,0,2,2,4,3,1,2,3,0,0.0,0.0,2.0,0.0,0,Cluster 0,0.0,Low,0.33333333333333337,Medium,0.2202174987642116,Low,Managerial / Team Review
29,Male,Married,3,Life Sciences,Sales,Sales Executive,2,Non-Travel,4,4,3,0,2,1,3,3,3,4,1,2,0,0.0,0.75,0.75,0.5,1,Cluster 1,0.15416666666666665,Low,0.6933333333333334,High,0.5284690640962267,Medium,Training / Skill Development
42,Male,Divorced,1,Technical Degree,Human Resources,Human Resources,1,Travel_Rarely,4,3,2,1,0,0,5,3,3,3,3,3,0,0.3333333333333333,0.6666666666666666,1.6666666666666667,0.0,0,Cluster 0,0.2344444444444444,Low,0.608,Medium,0.4680100510792552,Medium,Career Rotation
32,Female,Married,3,Medical,Research & Development,Laboratory Technician,1,Travel_Rarely,8,8,0,0,7,1,4,2,3,3,3,3,0,0.0,0.0,0.5,0.875,1,Cluster 1,0.0,Low,0.4583333333333333,Medium,0.26113239413412426,Low,Career Development Discussion
48,Female,Married,1,Medical,Sales,Manager,3,Travel_Rarely,15,0,0,0,0,3,3,3,3,1,2,1,0,0.0,0.0,3.0,0.0,0,Cluster 0,0.0,Low,0.25,Low,0.17349645740649203,Low,Managerial / Team Review
37,Male,Divorced,3,Medical,Research & Development,Research Scientist,2,Travel_Rarely,13,7,7,6,7,4,2,1,4,3,1,3,0,0.8571428571428571,1.0,0.2857142857142857,1.0,2,Cluster 2,0.6015079365079364,Medium,0.8964920634920635,High,0.7744760688589161,High,Training / Skill Development
30,Female,Married,2,Technical Degree,Sales,Sales Executive,2,Non-Travel,4,2,2,2,2,7,2,3,3,4,2,4,0,1.0,1.0,1.0,1.0,2,Cluster 2,0.47444444444444445,Medium,0.8115555555555556,High,0.7560450925468226,High,Training / Skill Development
26,Male,Married,3,Life Sciences,Sales,Sales Executive,2,Travel_Rarely,8,8,7,7,7,1,3,3,3,3,2,3,0,0.875,0.875,0.375,0.875,2,Cluster 2,0.6105555555555555,Medium,0.853361111111111,High,0.7598445927390564,High,Training / Skill Development
42,Male,Single,4,Other,Research & Development,Healthcare Representative,2,Travel_Rarely,14,1,0,0,0,3,6,4,2,1,2,3,0,0.0,0.0,6.0,0.0,0,Cluster 0,0.0,Low,0.0,Low,0.13333333333333333,Low,Managerial / Team Review
21,Female,Single,1,Technical Degree,Sales,Sales Representative,1,Travel_Frequently,3,3,2,1,2,1,3,2,2,1,3,3,1,0.3333333333333333,0.6666666666666666,1.0,0.6666666666666666,1,Cluster 1,0.2344444444444444,Low,0.6635555555555556,High,0.47693518976217936,Medium,Training / Skill Development
36,Female,Single,5,Medical,Sales,Sales Executive,2,Non-Travel,7,1,0,0,0,4,6,4,3,4,2,3,0,0.0,0.0,6.0,0.0,0,Cluster 0,0.0,Low,0.0,Low,0.16666666666666669,Low,Managerial / Team Review
36,Male,Married,4,Medical,Sales,Sales Executive,3,Travel_Frequently,16,13,9,1,12,4,2,4,2,1,1,3,0,0.07692307692307693,0.6923076923076923,0.15384615384615385,0.9230769230769231,3,Cluster 3,0.2714102564102564,Low,0.7491538461538462,High,0.6004944611328694,Medium,Training / Skill Development
57,Male,Married,4,Medical,Research & Development,Healthcare Representative,2,Travel_Rarely,15,3,2,1,2,2,2,3,3,4,3,3,0,0.3333333333333333,0.6666666666666666,0.6666666666666666,0.6666666666666666,1,Cluster 1,0.2344444444444444,Low,0.6913333333333332,High,0.5480644257703081,Medium,Training / Skill Development
40,Female,Married,4,Life Sciences,Research & Development,Laboratory Technician,1,Travel_Rarely,10,7,7,1,7,3,3,3,4,4,3,3,0,0.14285714285714285,1.0,0.42857142857142855,1.0,1,Cluster 1,0.30626984126984125,Low,0.8255396825396825,High,0.7411726298362482,High,Training / Skill Development
21,Male,Single,2,Medical,Sales,Sales Representative,1,Non-Travel,3,3,2,2,2,1,3,4,3,1,3,2,0,0.6666666666666666,0.6666666666666666,1.0,0.6666666666666666,2,Cluster 2,0.3411111111111111,Medium,0.6848888888888889,High,0.6123624430164222,Medium,Training / Skill Development
33,Female,Single,3,Marketing,Sales,Sales Representative,1,Travel_Rarely,1,1,0,0,0,1,2,3,3,4,2,3,1,0.0,0.0,2.0,0.0,0,Cluster 0,0.0,Low,0.33333333333333337,Medium,0.18688416543087827,Low,Managerial / Team Review
37,Female,Married,3,Medical,Research & Development,Laboratory Technician,1,Travel_Rarely,17,5,4,0,3,6,3,1,3,3,2,3,0,0.0,0.8,0.6,0.6,1,Cluster 1,0.17555555555555555,Low,0.725111111111111,High,0.49582424342285936,Medium,Training / Skill Development
46,Female,Married,4,Medical,Research & Development,Manufacturing Director,2,Non-Travel,7,1,0,0,0,2,2,3,3,3,3,4,0,0.0,0.0,2.0,0.0,0,Cluster 0,0.0,Low,0.33333333333333337,Medium,0.18688416543087827,Low,Managerial / Team Review
41,Male,Single,3,Marketing,Sales,Sales Executive,2,Travel_Frequently,8,8,7,7,7,1,5,2,3,1,3,3,1,0.875,0.875,0.625,0.875,2,Cluster 2,0.6105555555555555,Medium,0.8325277777777778,High,0.7231643323996265,High,Training / Skill Development
50,Male,Single,3,Technical Degree,Research & Development,Healthcare Representative,3,Travel_Rarely,20,4,3,1,3,6,2,4,2,4,4,3,0,0.25,0.75,0.5,0.75,1,Cluster 1,0.24,Low,0.7313333333333334,High,0.5853238589553469,Medium,Training / Skill Development
40,Male,Married,2,Marketing,Sales,Sales Executive,2,Travel_Rarely,8,6,4,1,0,2,6,3,2,3,1,3,1,0.16666666666666666,0.6666666666666666,1.0,0.0,1,Cluster 1,0.22055555555555556,Low,0.6607777777777778,High,0.4389889328280332,Medium,Training / Skill Development
31,Male,Single,4,Life Sciences,Research & Development,Research Scientist,1,Travel_Rarely,3,2,2,2,2,0,5,2,2,3,4,3,0,1.0,1.0,2.5,1.0,2,Cluster 2,0.47444444444444445,Medium,0.6865555555555556,High,0.6692968638435766,High,Training / Skill Development
21,Female,Single,3,Life Sciences,Sales,Sales Representative,1,Travel_Rarely,1,1,0,0,0,1,0,2,4,3,4,3,1,0.0,0.0,0.0,0.0,0,Cluster 0,0.0,Low,0.5,Medium,0.2136595814796507,Low,Managerial / Team Review
29,Male,Single,3,Life Sciences,Research & Development,Research Scientist,1,Travel_Rarely,6,3,2,1,2,9,4,4,3,4,4,3,0,0.3333333333333333,0.6666666666666666,1.3333333333333333,0.6666666666666666,1,Cluster 1,0.2344444444444444,Low,0.6357777777777778,Medium,0.5724726204207172,Medium,Career Rotation
35,Male,Single,4,Life Sciences,Research & Development,Healthcare Representative,2,Travel_Rarely,10,1,1,0,0,9,5,2,2,3,3,3,0,0.0,1.0,5.0,0.0,0,Cluster 0,0.1638888888888889,Low,0.41611111111111115,Medium,0.4326826220684352,Medium,Career Rotation
27,Male,Divorced,2,Medical,Research & Development,Laboratory Technician,1,Travel_Rarely,5,5,2,0,4,1,2,2,3,4,2,3,0,0.0,0.4,0.4,0.8,1,Cluster 1,0.08777777777777777,Low,0.6042222222222222,Medium,0.4034031416488164,Medium,Career Development Discussion
28,Male,Single,4,Life Sciences,Sales,Sales Executive,2,Travel_Rarely,7,7,5,0,7,1,1,4,3,2,4,3,0,0.0,0.7142857142857143,0.14285714285714285,1.0,1,Cluster 1,0.17658730158730157,Low,0.7376984126984126,High,0.6167273772253999,Medium,Training / Skill Development
49,Male,Single,3,Other,Research & Development,Healthcare Representative,3,Travel_Rarely,26,5,2,0,0,8,2,3,2,2,3,3,0,0.0,0.4,0.4,0.0,1,Cluster 1,0.08777777777777777,Low,0.6042222222222222,Medium,0.32340314164881634,Low,Managerial / Team Review
51,Female,Married,2,Life Sciences,Sales,Sales Executive,2,Travel_Rarely,18,7,7,0,7,4,2,4,3,3,3,2,0,0.0,1.0,0.2857142857142857,1.0,1,Cluster 1,0.2472222222222222,Low,0.8256349206349205,High,0.7234736443597046,High,Training / Skill Development
36,Female,Married,3,Life Sciences,Research & Development,Research Scientist,1,Travel_Rarely,6,2,2,2,2,4,3,3,3,4,2,3,0,1.0,1.0,1.5,1.0,2,Cluster 2,0.47444444444444445,Medium,0.769888888888889,High,0.7493512385346295,High,Training / Skill Development
34,Male,Single,3,Marketing,Sales,Sales Executive,2,Non-Travel,9,5,2,0,4,8,3,4,4,1,2,2,1,0.0,0.4,0.6,0.8,1,Cluster 1,0.08777777777777777,Low,0.5875555555555556,Medium,0.5007256000439392,Medium,Career Development Discussion
55,Female,Single,3,Life Sciences,Research & Development,Manager,4,Travel_Rarely,30,5,4,1,2,2,2,4,3,3,3,3,0,0.2,0.8,0.4,0.4,1,Cluster 1,0.24888888888888888,Low,0.7564444444444445,High,0.6028580216400286,Medium,Training / Skill Development
24,Female,Divorced,4,Marketing,Sales,Sales Executive,2,Travel_Rarely,5,5,2,0,3,1,2,3,3,4,4,4,0,0.0,0.4,0.4,0.6,1,Cluster 1,0.08777777777777777,Low,0.6042222222222222,Medium,0.4167364749821497,Medium,Career Development Discussion
30,Male,Married,1,Technical Degree,Sales,Sales Representative,1,Travel_Rarely,1,1,0,0,0,1,3,2,3,3,1,3,0,0.0,0.0,3.0,0.0,0,Cluster 0,0.0,Low,0.25,Low,0.14016312407315867,Low,Managerial / Team Review
26,Male,Single,1,Technical Degree,Research & Development,Research Scientist,1,Travel_Frequently,7,6,4,0,4,0,2,1,3,3,3,3,1,0.0,0.6666666666666666,0.3333333333333333,0.6666666666666666,1,Cluster 1,0.15555555555555556,Low,0.7033333333333333,High,0.4596589223924864,Medium,Training / Skill Development
22,Female,Married,3,Medical,Research & Development,Research Scientist,1,Travel_Rarely,2,2,1,1,2,1,1,2,3,1,4,3,0,0.5,0.5,0.5,1.0,1,Cluster 1,0.23722222222222222,Low,0.6557777777777777,Medium,0.5015190036799033,Medium,Career Development Discussion
36,Male,Married,2,Medical,Sales,Sales Executive,3,Travel_Rarely,10,10,9,9,0,1,2,3,2,2,2,3,0,0.9,0.9,0.2,0.0,2,Cluster 2,0.695,High,0.8923333333333334,High,0.6768555775251277,High,Training + Promotion Review
30,Male,Single,3,Technical Degree,Research & Development,Research Scientist,1,Travel_Frequently,3,1,0,0,0,9,4,4,3,3,3,3,1,0.0,0.0,4.0,0.0,0,Cluster 0,0.0,Low,0.16666666666666669,Low,0.19344208271543914,Low,Managerial / Team Review
37,Female,Divorced,3,Life Sciences,Research & Development,Laboratory Technician,1,Travel_Rarely,18,18,7,12,17,1,2,1,3,4,3,2,0,0.6666666666666666,0.3888888888888889,0.1111111111111111,0.9444444444444444,3,Cluster 3,0.6022222222222222,Medium,0.7278518518518519,High,0.5559312169312169,Medium,Training / Skill Development
40,Female,Divorced,2,Marketing,Sales,Sales Executive,2,Travel_Rarely,8,5,4,1,3,7,5,2,3,4,3,3,0,0.2,0.8,1.0,0.6,1,Cluster 1,0.24888888888888888,Low,0.7064444444444445,High,0.5481587301587302,Medium,Training / Skill Development
42,Female,Divorced,4,Life Sciences,Research & Development,Laboratory Technician,1,Travel_Rarely,8,5,2,1,2,3,5,1,3,2,2,3,0,0.2,0.4,1.0,0.4,1,Cluster 1,0.1611111111111111,Low,0.5688888888888889,Medium,0.3463934201131432,Medium,Career Development Discussion
37,Male,Single,4,Life Sciences,Research & Development,Manufacturing Director,2,Travel_Rarely,18,1,0,0,1,2,2,2,3,3,4,2,0,0.0,0.0,2.0,1.0,1,Cluster 1,0.0,Low,0.33333333333333337,Medium,0.2535508320975449,Low,Career Development Discussion
43,Male,Divorced,3,Life Sciences,Research & Development,Research Director,4,Travel_Rarely,25,25,10,3,9,1,3,2,2,1,3,3,0,0.12,0.4,0.12,0.36,3,Cluster 3,0.29888888888888887,Low,0.6697777777777778,High,0.39993480529466685,Medium,Training / Skill Development
40,Female,Married,3,Medical,Research & Development,Laboratory Technician,2,Travel_Rarely,20,1,0,0,0,6,3,3,2,2,2,3,0,0.0,0.0,3.0,0.0,0,Cluster 0,0.0,Low,0.25,Low,0.14016312407315867,Low,Managerial / Team Review
54,Male,Married,2,Medical,Research & Development,Research Director,5,Travel_Rarely,24,4,2,1,2,4,4,1,3,1,3,2,0,0.25,0.5,1.0,0.5,1,Cluster 1,0.18861111111111112,Low,0.6043888888888889,Medium,0.39534658373153175,Medium,Career Development Discussion
34,Female,Married,4,Marketing,Sales,Sales Executive,2,Non-Travel,6,3,2,1,2,9,3,3,3,3,1,3,0,0.3333333333333333,0.6666666666666666,1.0,0.6666666666666666,1,Cluster 1,0.2344444444444444,Low,0.6635555555555556,High,0.5436018564288461,Medium,Training / Skill Development
31,Female,Married,2,Medical,Research & Development,Manufacturing Director,2,Travel_Rarely,13,13,10,3,12,1,5,1,3,2,2,1,0,0.23076923076923078,0.7692307692307693,0.38461538461538464,0.9230769230769231,3,Cluster 3,0.38196581196581203,Medium,0.7751111111111111,High,0.5903953297759525,Medium,Training / Skill Development
43,Male,Married,3,Medical,Research & Development,Laboratory Technician,1,Travel_Frequently,8,3,2,1,2,7,1,4,3,4,1,3,0,0.3333333333333333,0.6666666666666666,0.3333333333333333,0.6666666666666666,1,Cluster 1,0.2344444444444444,Low,0.719111111111111,High,0.5858603284451035,Medium,Training / Skill Development
43,Female,Divorced,4,Other,Research & Development,Healthcare Representative,2,Travel_Rarely,8,5,2,0,2,4,3,3,3,3,4,3,0,0.0,0.4,0.6,0.4,1,Cluster 1,0.08777777777777777,Low,0.5875555555555556,Medium,0.3940589333772725,Medium,Career Development Discussion
25,Female,Single,2,Life Sciences,Sales,Sales Executive,2,Travel_Rarely,5,5,4,1,3,1,3,4,2,2,2,3,0,0.2,0.8,0.6,0.6,1,Cluster 1,0.24888888888888888,Low,0.7397777777777778,High,0.5868471467018179,Medium,Training / Skill Development
37,Female,Married,5,Medical,Research & Development,Research Scientist,2,Non-Travel,15,13,11,10,7,3,2,3,3,2,1,3,0,0.7692307692307693,0.8461538461538461,0.15384615384615385,0.5384615384615384,3,Cluster 3,0.7053418803418803,High,0.8820940170940171,High,0.7520311186314647,High,Training + Promotion Review
31,Male,Married,2,Life Sciences,Research & Development,Laboratory Technician,1,Travel_Rarely,4,4,2,3,2,1,3,1,2,4,3,3,0,0.75,0.5,0.75,0.5,2,Cluster 2,0.36027777777777775,Medium,0.6595555555555556,Medium,0.4223759131103421,Medium,Career Development Discussion
39,Male,Divorced,1,Life Sciences,Research & Development,Manager,5,Travel_Frequently,21,21,8,1,6,1,3,3,3,2,3,3,0,0.047619047619047616,0.38095238095238093,0.14285714285714285,0.2857142857142857,3,Cluster 3,0.20349206349206347,Low,0.643079365079365,Medium,0.42150278150475873,Medium,Managerial / Team Review
56,Female,Married,3,Life Sciences,Sales,Sales Executive,4,Travel_Frequently,36,7,7,7,7,9,0,1,4,3,4,2,0,1.0,1.0,0.0,1.0,3,Cluster 3,0.6605555555555556,High,0.9321111111111111,High,0.797912643488768,High,Training + Promotion Review
30,Female,Single,3,Technical Degree,Sales,Sales Executive,2,Travel_Rarely,6,5,4,4,4,0,6,3,3,2,2,3,0,0.8,0.8,1.2,0.8,2,Cluster 2,0.4688888888888889,Medium,0.7337777777777779,High,0.6718832317240622,High,Training / Skill Development
41,Male,Married,3,Marketing,Sales,Sales Executive,3,Travel_Rarely,10,10,7,0,7,1,2,1,4,2,3,3,0,0.0,0.7,0.2,0.7,1,Cluster 1,0.2022222222222222,Low,0.7337777777777778,High,0.5235498983907289,Medium,Training / Skill Development
28,Male,Divorced,2,Medical,Research & Development,Laboratory Technician,2,Travel_Rarely,10,10,0,1,8,1,2,1,3,3,4,3,0,0.1,0.0,0.2,0.8,1,Cluster 1,0.04833333333333333,Low,0.493,Medium,0.2403683473389356,Low,Career Development Discussion
25,Male,Married,3,Medical,Research & Development,Laboratory Technician,1,Travel_Rarely,6,2,2,0,2,5,5,1,3,1,3,3,1,0.0,1.0,2.5,1.0,1,Cluster 1,0.17777777777777776,Low,0.6272222222222222,Medium,0.5707648157302136,Medium,Career Rotation
52,Male,Married,3,Medical,Research & Development,Manufacturing Director,3,Travel_Rarely,28,5,4,0,4,2,4,3,2,4,3,3,0,0.0,0.8,0.8,0.8,1,Cluster 1,0.17555555555555555,Low,0.7084444444444444,High,0.5464800351513154,Medium,Training / Skill Development
45,Male,Married,2,Life Sciences,Research & Development,Research Scientist,1,Travel_Rarely,8,2,2,0,2,3,3,4,3,1,4,2,0,0.0,1.0,1.5,1.0,1,Cluster 1,0.17777777777777776,Low,0.7105555555555556,High,0.6841525237545999,High,Training / Skill Development
52,Female,Married,2,Life Sciences,Research & Development,Manager,4,Travel_Rarely,31,5,2,1,4,2,2,4,3,4,4,1,0,0.2,0.4,0.4,0.8,1,Cluster 1,0.1611111111111111,Low,0.6188888888888889,Medium,0.494426044927775,Medium,Career Development Discussion
42,Female,Divorced,2,Life Sciences,Research & Development,Research Scientist,2,Travel_Frequently,19,5,4,0,2,2,3,3,3,1,2,3,0,0.0,0.8,0.6,0.4,1,Cluster 1,0.17555555555555555,Low,0.725111111111111,High,0.542490910089526,Medium,Training / Skill Development
30,Female,Single,3,Life Sciences,Research & Development,Manufacturing Director,2,Travel_Rarely,11,5,4,0,2,2,2,4,1,3,3,3,0,0.0,0.8,0.4,0.4,1,Cluster 1,0.17555555555555555,Low,0.7417777777777778,High,0.5118351183610699,Medium,Training / Skill Development
60,Female,Married,3,Life Sciences,Research & Development,Manager,5,Travel_Rarely,33,29,8,11,10,5,5,1,3,1,4,1,0,0.3793103448275862,0.27586206896551724,0.1724137931034483,0.3448275862068966,3,Cluster 3,0.5039846743295019,Medium,0.6691877394636014,High,0.428817025660839,Medium,Training / Skill Development
46,Female,Divorced,3,Medical,Research & Development,Manufacturing Director,2,Travel_Rarely,19,10,7,0,8,2,5,3,3,3,3,2,0,0.0,0.7,0.5,0.8,1,Cluster 1,0.2022222222222222,Low,0.7087777777777777,High,0.5628669193167463,Medium,Training / Skill Development
42,Female,Married,4,Technical Degree,Research & Development,Healthcare Representative,2,Travel_Frequently,7,6,5,0,4,0,4,4,2,4,4,4,0,0.0,0.8333333333333334,0.6666666666666666,0.6666666666666666,1,Cluster 1,0.19444444444444445,Low,0.7333333333333333,High,0.5844784972812654,Medium,Training / Skill Development
24,Female,Single,1,Technical Degree,Sales,Sales Representative,1,Travel_Rarely,6,5,3,1,4,1,4,2,3,1,2,3,1,0.2,0.6,0.8,0.8,1,Cluster 1,0.20500000000000002,Low,0.6543333333333333,Medium,0.49662028340748066,Medium,Career Rotation
34,Female,Divorced,2,Marketing,Sales,Sales Representative,1,Travel_Frequently,3,2,2,1,0,0,3,3,1,4,4,2,1,0.5,1.0,1.5,0.0,1,Cluster 1,0.32611111111111113,Low,0.7402222222222222,High,0.5334185478112814,Medium,Training / Skill Development
38,Male,Married,2,Life Sciences,Research & Development,Laboratory Technician,1,Travel_Frequently,1,1,0,0,0,1,3,4,3,4,3,3,0,0.0,0.0,3.0,0.0,0,Cluster 0,0.0,Low,0.25,Low,0.20682979073982535,Low,Managerial / Team Review
40,Female,Married,4,Life Sciences,Sales,Manager,5,Travel_Rarely,21,20,15,1,12,0,2,3,3,3,4,3,0,0.05,0.75,0.1,0.6,3,Cluster 3,0.35666666666666663,Medium,0.7879999999999999,High,0.6144275004119295,Medium,Training / Skill Development
26,Female,Divorced,3,Life Sciences,Research & Development,Research Scientist,1,Travel_Rarely,3,3,2,0,2,1,3,4,3,1,2,1,0,0.0,0.6666666666666666,1.0,0.6666666666666666,1,Cluster 1,0.12777777777777777,Low,0.6422222222222222,Medium,0.5415079365079365,Medium,Career Rotation
30,Male,Married,3,Life Sciences,Research & Development,Laboratory Technician,1,Non-Travel,9,5,3,1,4,4,3,4,3,3,3,1,0,0.2,0.6,0.6,0.8,1,Cluster 1,0.20500000000000002,Low,0.671,High,0.5659644916790245,Medium,Training / Skill Development
29,Male,Married,4,Medical,Research & Development,Research Director,3,Travel_Rarely,10,10,2,0,7,1,2,3,2,2,3,3,0,0.0,0.2,0.2,0.7,1,Cluster 1,0.057777777777777775,Low,0.5548888888888889,Medium,0.32647761849837975,Low,Career Development Discussion
29,Female,Married,5,Technical Degree,Research & Development,Research Scientist,1,Travel_Rarely,6,2,2,1,1,5,2,2,2,3,2,4,1,0.5,1.0,1.0,0.5,1,Cluster 1,0.32611111111111113,Low,0.7818888888888889,High,0.5901124018234745,Medium,Training / Skill Development
19,Male,Single,2,Technical Degree,Human Resources,Human Resources,1,Travel_Rarely,1,1,0,0,0,1,3,4,2,1,3,4,1,0.0,0.0,3.0,0.0,0,Cluster 0,0.0,Low,0.25,Low,0.173496457406492,Low,Managerial / Team Review
30,Female,Married,4,Other,Sales,Sales Executive,3,Non-Travel,10,9,8,7,8,0,3,1,3,3,3,3,0,0.7777777777777778,0.8888888888888888,0.3333333333333333,0.8888888888888888,2,Cluster 2,0.6022222222222222,Medium,0.8593333333333334,High,0.6964984895919152,High,Training / Skill Development
57,Male,Divorced,3,Marketing,Sales,Manager,4,Travel_Rarely,32,1,0,0,0,3,3,4,2,1,3,2,0,0.0,0.0,3.0,0.0,0,Cluster 0,0.0,Low,0.25,Low,0.173496457406492,Low,Managerial / Team Review
50,Male,Married,4,Life Sciences,Research & Development,Manager,4,Travel_Rarely,28,27,10,15,7,0,2,3,2,2,2,3,0,0.5555555555555556,0.37037037037037035,0.07407407407407407,0.25925925925925924,3,Cluster 3,0.6833333333333333,High,0.741604938271605,High,0.5426592031147971,Medium,Training + Promotion Review
30,Female,Single,3,Medical,Research & Development,Laboratory Technician,1,Non-Travel,12,11,7,6,7,0,2,4,3,3,3,2,0,0.5454545454545454,0.6363636363636364,0.18181818181818182,0.6363636363636364,2,Cluster 2,0.46904040404040404,Medium,0.7695656565656566,High,0.6537387043944137,Medium,Training / Skill Development
60,Female,Married,3,Marketing,Sales,Sales Executive,3,Travel_Frequently,22,18,13,13,11,4,5,1,2,3,4,4,0,0.7222222222222222,0.7222222222222222,0.2777777777777778,0.6111111111111112,3,Cluster 3,0.7727777777777778,High,0.8480740740740741,High,0.6430785503743982,Medium,Training + Promotion Review
47,Female,Divorced,2,Medical,Research & Development,Manufacturing Director,2,Travel_Rarely,20,5,0,0,4,5,2,4,3,1,3,3,0,0.0,0.0,0.4,0.8,1,Cluster 1,0.0,Low,0.4666666666666667,Medium,0.32163783160322956,Low,Career Development Discussion
46,Male,Married,3,Life Sciences,Research & Development,Research Director,4,Travel_Rarely,26,3,2,0,1,6,2,3,3,1,3,1,0,0.0,0.6666666666666666,0.6666666666666666,0.3333333333333333,1,Cluster 1,0.12777777777777777,Low,0.6699999999999999,High,0.4793038391827319,Medium,Training / Skill Development
35,Male,Single,3,Life Sciences,Research & Development,Laboratory Technician,1,Travel_Rarely,6,5,4,4,3,0,2,3,1,4,3,3,0,0.8,0.8,0.4,0.6,2,Cluster 2,0.4688888888888889,Medium,0.8004444444444445,High,0.5959267314769046,Medium,Training / Skill Development
54,Female,Single,4,Life Sciences,Research & Development,Laboratory Technician,2,Travel_Rarely,19,1,0,0,0,7,3,3,3,3,3,3,0,0.0,0.0,3.0,0.0,0,Cluster 0,0.0,Low,0.25,Low,0.17349645740649203,Low,Managerial / Team Review
34,Male,Divorced,4,Life Sciences,Research & Development,Research Scientist,1,Travel_Rarely,14,7,3,5,7,3,3,3,2,4,3,3,0,0.7142857142857143,0.42857142857142855,0.42857142857142855,1.0,2,Cluster 2,0.4011904761904762,Medium,0.6730952380952381,High,0.5356344302426853,Medium,Training / Skill Development
46,Female,Married,3,Marketing,Sales,Sales Executive,3,Travel_Rarely,15,3,2,1,2,2,3,4,2,3,3,3,0,0.3333333333333333,0.6666666666666666,1.0,0.6666666666666666,1,Cluster 1,0.2344444444444444,Low,0.6635555555555556,High,0.5436018564288461,Medium,Training / Skill Development
31,Male,Divorced,1,Life Sciences,Research & Development,Manufacturing Director,3,Travel_Rarely,13,13,8,0,8,1,6,2,3,3,4,4,0,0.0,0.6153846153846154,0.46153846153846156,0.6153846153846154,1,Cluster 1,0.20341880341880342,Low,0.6868376068376069,High,0.4867524324963771,Medium,Training / Skill Development
33,Male,Married,1,Medical,Research & Development,Manager,3,Travel_Rarely,15,7,6,7,7,7,2,3,3,2,4,4,1,1.0,0.8571428571428571,0.2857142857142857,1.0,2,Cluster 2,0.6252380952380951,Medium,0.8583809523809524,High,0.7730915189605253,High,Training / Skill Development
33,Male,Divorced,1,Medical,Research & Development,Laboratory Technician,1,Travel_Rarely,8,4,3,1,3,7,2,4,1,1,1,3,1,0.25,0.75,0.5,0.75,1,Cluster 1,0.24,Low,0.7313333333333334,High,0.5519905256220136,Medium,Training / Skill Development
30,Male,Single,1,Marketing,Sales,Sales Representative,1,Travel_Rarely,4,3,2,1,2,0,3,2,3,4,1,3,0,0.3333333333333333,0.6666666666666666,1.0,0.6666666666666666,1,Cluster 1,0.2344444444444444,Low,0.6635555555555556,High,0.5102685230955127,Medium,Training / Skill Development
35,Male,Married,3,Life Sciences,Research & Development,Healthcare Representative,3,Travel_Rarely,10,8,7,0,0,4,2,3,3,4,3,3,0,0.0,0.875,0.25,0.0,1,Cluster 1,0.22847222222222222,Low,0.7873611111111112,High,0.5471165279837426,Medium,Training / Skill Development
31,Male,Married,3,Life Sciences,Research & Development,Healthcare Representative,3,Travel_Frequently,12,1,0,0,0,3,2,3,3,1,1,3,1,0.0,0.0,2.0,0.0,0,Cluster 0,0.0,Low,0.33333333333333337,Medium,0.18688416543087827,Low,Managerial / Team Review
34,Female,Divorced,3,Human Resources,Human Resources,Human Resources,3,Travel_Frequently,11,3,2,0,2,9,2,1,3,2,3,3,1,0.0,0.6666666666666666,0.6666666666666666,0.6666666666666666,1,Cluster 1,0.12777777777777777,Low,0.6699999999999999,High,0.44597050584939857,Medium,Training / Skill Development
42,Male,Married,2,Other,Research & Development,Laboratory Technician,1,Travel_Frequently,8,2,2,2,0,4,4,3,3,2,4,3,0,1.0,1.0,2.0,0.0,2,Cluster 2,0.47444444444444445,Medium,0.7282222222222222,High,0.6426573845224364,Medium,Training / Skill Development
36,Male,Single,4,Medical,Sales,Sales Executive,3,Non-Travel,10,10,3,9,7,1,3,4,3,2,4,2,0,0.9,0.3,0.3,0.7,2,Cluster 2,0.5216666666666667,Medium,0.6693333333333333,High,0.5756967375185368,Medium,Training / Skill Development
22,Male,Single,1,Technical Degree,Research & Development,Laboratory Technician,1,Travel_Frequently,4,2,2,1,2,5,3,3,2,3,3,3,1,0.5,1.0,1.5,1.0,2,Cluster 2,0.32611111111111113,Low,0.7402222222222222,High,0.6667518811446147,High,Training / Skill Development
48,Female,Married,5,Marketing,Sales,Sales Executive,2,Travel_Rarely,14,9,7,6,7,2,2,4,3,2,1,3,0,0.6666666666666666,0.7777777777777778,0.2222222222222222,0.7777777777777778,2,Cluster 2,0.5205555555555555,Medium,0.818925925925926,High,0.7266180498343128,High,Training / Skill Development
55,Female,Single,5,Life Sciences,Sales,Manager,4,Travel_Rarely,37,10,9,7,7,3,2,2,3,1,4,3,0,0.7,0.9,0.2,0.7,3,Cluster 3,0.5983333333333334,Medium,0.8730000000000001,High,0.7147496292634701,High,Training / Skill Development
41,Male,Single,2,Life Sciences,Sales,Sales Executive,2,Non-Travel,16,14,3,1,10,7,3,4,3,4,4,3,0,0.07142857142857142,0.21428571428571427,0.21428571428571427,0.7142857142857143,1,Cluster 1,0.11499999999999999,Low,0.5694285714285715,Medium,0.4176467881270155,Medium,Career Development Discussion
35,Male,Married,3,Marketing,Sales,Sales Executive,2,Travel_Rarely,15,11,9,6,9,9,2,3,3,2,3,3,0,0.5454545454545454,0.8181818181818182,0.18181818181818182,0.8181818181818182,3,Cluster 3,0.524090909090909,Medium,0.8351212121212122,High,0.7110885498584459,High,Training / Skill Development
40,Female,Single,3,Life Sciences,Research & Development,Manufacturing Director,4,Travel_Rarely,22,20,6,5,13,7,3,3,3,2,3,3,0,0.25,0.3,0.15,0.65,3,Cluster 3,0.30749999999999994,Low,0.639,Medium,0.4682402784643269,Medium,Career Development Discussion
39,Female,Married,1,Life Sciences,Research & Development,Laboratory Technician,1,Travel_Frequently,8,8,3,0,7,1,3,3,3,3,1,3,0,0.0,0.375,0.375,0.875,1,Cluster 1,0.09791666666666665,Low,0.6008333333333333,Medium,0.44048370818915805,Medium,Career Development Discussion
31,Male,Single,1,Life Sciences,Sales,Sales Executive,2,Travel_Rarely,10,6,5,0,5,4,2,4,3,2,3,4,0,0.0,0.8333333333333334,0.3333333333333333,0.8333333333333334,1,Cluster 1,0.19444444444444445,Low,0.7611111111111111,High,0.6389410666227274,Medium,Training / Skill Development
42,Male,Married,3,Medical,Research & Development,Manufacturing Director,3,Travel_Rarely,10,10,9,5,8,1,5,1,3,4,4,2,0,0.5,0.9,0.5,0.8,2,Cluster 2,0.5016666666666667,Medium,0.8286666666666667,High,0.6552940352611634,Medium,Training / Skill Development
45,Male,Married,3,Other,Sales,Sales Executive,2,Travel_Rarely,9,8,7,3,7,0,3,2,3,4,2,4,0,0.375,0.875,0.375,0.875,2,Cluster 2,0.39222222222222225,Medium,0.8096944444444444,High,0.6539961004009447,Medium,Training / Skill Development
26,Female,Divorced,4,Life Sciences,Human Resources,Human Resources,1,Travel_Frequently,8,7,7,1,0,0,2,3,3,2,2,2,1,0.14285714285714285,1.0,0.2857142857142857,0.0,1,Cluster 1,0.30626984126984125,Low,0.8374444444444443,High,0.6097518262206844,Medium,Training / Skill Development
29,Male,Divorced,3,Technical Degree,Research & Development,Manufacturing Director,2,Travel_Rarely,8,3,2,1,2,4,2,4,3,4,2,4,0,0.3333333333333333,0.6666666666666666,0.6666666666666666,0.6666666666666666,1,Cluster 1,0.2344444444444444,Low,0.6913333333333332,High,0.5813977591036414,Medium,Training / Skill Development
33,Female,Divorced,5,Medical,Research & Development,Research Director,4,Travel_Rarely,10,6,1,0,5,4,2,3,4,1,3,3,0,0.0,0.16666666666666666,0.3333333333333333,0.8333333333333334,1,Cluster 1,0.03888888888888889,Low,0.53,Medium,0.3884791563684298,Medium,Career Development Discussion
31,Male,Divorced,3,Life Sciences,Sales,Manager,3,Travel_Rarely,10,5,4,0,1,9,3,4,2,3,3,2,0,0.0,0.8,0.6,0.2,1,Cluster 1,0.17555555555555555,Low,0.725111111111111,High,0.522490910089526,Medium,Training / Skill Development
18,Male,Single,3,Marketing,Sales,Sales Representative,1,Travel_Frequently,0,0,0,0,0,1,3,2,3,2,4,3,1,0.0,0.0,3.0,0.0,0,Cluster 0,0.0,Low,0.25,Low,0.14016312407315867,Low,Managerial / Team Review
40,Male,Divorced,3,Other,Sales,Sales Executive,3,Non-Travel,20,1,0,0,1,3,2,1,1,3,3,3,0,0.0,0.0,2.0,1.0,1,Cluster 1,0.0,Low,0.33333333333333337,Medium,0.15355083209754491,Low,Career Development Discussion
41,Female,Single,4,Other,Research & Development,Healthcare Representative,2,Non-Travel,10,8,7,0,7,2,3,3,2,1,1,3,0,0.0,0.875,0.375,0.875,1,Cluster 1,0.22847222222222222,Low,0.7769444444444444,High,0.5996097311473609,Medium,Training / Skill Development
26,Male,Divorced,2,Medical,Sales,Sales Executive,2,Travel_Rarely,8,0,0,0,0,5,5,3,3,1,1,3,0,0.0,0.0,5.0,0.0,0,Cluster 0,0.0,Low,0.08333333333333337,Low,0.14672104135771957,Low,Managerial / Team Review
35,Female,Single,3,Medical,Sales,Sales Executive,2,Travel_Rarely,5,5,4,0,3,1,3,3,3,1,4,3,0,0.0,0.8,0.6,0.6,1,Cluster 1,0.17555555555555555,Low,0.725111111111111,High,0.562490910089526,Medium,Training / Skill Development
34,Male,Single,4,Life Sciences,Sales,Sales Executive,2,Travel_Rarely,10,10,7,5,7,1,3,4,4,4,4,3,0,0.5,0.7,0.3,0.7,2,Cluster 2,0.44388888888888883,Medium,0.7737777777777777,High,0.7024759982424341,High,Training / Skill Development
26,Male,Single,3,Technical Degree,Research & Development,Laboratory Technician,1,Travel_Rarely,1,1,0,0,0,1,3,4,1,3,2,1,1,0.0,0.0,3.0,0.0,0,Cluster 0,0.0,Low,0.25,Low,0.14016312407315867,Low,Managerial / Team Review
37,Female,Single,3,Technical Degree,Research & Development,Manufacturing Director,3,Travel_Rarely,12,6,5,1,2,4,3,4,3,2,4,4,0,0.16666666666666666,0.8333333333333334,0.5,0.3333333333333333,1,Cluster 1,0.2594444444444445,Low,0.7602222222222221,High,0.6082982644038007,Medium,Training / Skill Development
46,Female,Married,1,Medical,Research & Development,Healthcare Representative,3,Travel_Frequently,28,2,2,1,2,5,3,3,3,1,4,2,0,0.5,1.0,1.5,1.0,2,Cluster 2,0.32611111111111113,Low,0.7402222222222222,High,0.700085214477948,High,Training / Skill Development
41,Female,Married,5,Life Sciences,Sales,Manager,4,Travel_Rarely,22,18,16,11,8,7,2,1,3,2,2,3,0,0.6111111111111112,0.8888888888888888,0.1111111111111111,0.4444444444444444,3,Cluster 3,0.7649999999999999,High,0.9104074074074074,High,0.7090925559766389,High,Training + Promotion Review
37,Male,Divorced,4,Medical,Sales,Sales Executive,3,Non-Travel,9,9,5,7,7,1,6,2,3,1,4,3,0,0.7777777777777778,0.5555555555555556,0.6666666666666666,0.7777777777777778,2,Cluster 2,0.5105555555555555,Medium,0.7132222222222222,High,0.5844142637447135,Medium,Training / Skill Development
52,Male,Divorced,2,Technical Degree,Research & Development,Research Scientist,2,Travel_Rarely,18,10,9,6,9,3,3,1,3,4,2,3,0,0.6,0.9,0.3,0.9,3,Cluster 3,0.55,Medium,0.855,High,0.6840245509968693,High,Training / Skill Development
32,Male,Married,4,Other,Sales,Sales Executive,2,Non-Travel,6,4,2,1,2,8,2,3,4,4,4,3,1,0.25,0.5,0.5,0.5,1,Cluster 1,0.18861111111111112,Low,0.6460555555555555,Medium,0.5020404377437249,Medium,Career Development Discussion
24,Male,Married,3,Medical,Sales,Sales Representative,1,Travel_Frequently,3,2,2,2,1,0,3,4,3,4,3,3,0,1.0,1.0,1.5,0.5,2,Cluster 2,0.47444444444444445,Medium,0.769888888888889,High,0.7326845718679629,High,Training / Skill Development
38,Female,Married,3,Medical,Research & Development,Healthcare Representative,2,Travel_Rarely,18,1,0,0,0,3,4,3,3,3,3,3,0,0.0,0.0,4.0,0.0,0,Cluster 0,0.0,Low,0.16666666666666669,Low,0.1601087493821058,Low,Managerial / Team Review
37,Female,Married,4,Life Sciences,Research & Development,Manufacturing Director,2,Travel_Rarely,8,6,5,4,3,6,2,2,3,2,2,2,0,0.6666666666666666,0.8333333333333334,0.3333333333333333,0.5,2,Cluster 2,0.45444444444444443,Medium,0.8131111111111111,High,0.6252949964299446,Medium,Training / Skill Development
49,Male,Divorced,4,Life Sciences,Research & Development,Research Director,5,Travel_Rarely,31,31,9,0,9,1,5,3,2,4,3,3,0,0.0,0.2903225806451613,0.16129032258064516,0.2903225806451613,3,Cluster 3,0.1685483870967742,Low,0.6073655913978495,Medium,0.34975221777515564,Medium,Managerial / Team Review
24,Male,Married,3,Medical,Research & Development,Research Scientist,1,Travel_Rarely,6,6,5,1,4,1,3,4,4,2,2,3,0,0.16666666666666666,0.8333333333333334,0.5,0.6666666666666666,1,Cluster 1,0.2594444444444445,Low,0.7602222222222221,High,0.6749649310704674,High,Training / Skill Development
26,Male,Married,2,Marketing,Sales,Sales Executive,2,Travel_Rarely,6,5,3,1,4,1,5,2,3,1,4,4,0,0.2,0.6,1.0,0.8,1,Cluster 1,0.20500000000000002,Low,0.6376666666666667,Medium,0.49394274180260345,Medium,Career Rotation
24,Male,Married,2,Other,Research & Development,Laboratory Technician,1,Travel_Rarely,1,1,0,0,0,1,2,2,2,4,4,3,0,0.0,0.0,2.0,0.0,0,Cluster 0,0.0,Low,0.33333333333333337,Medium,0.12021749876421156,Low,Managerial / Team Review
50,Male,Married,3,Medical,Human Resources,Manager,5,Travel_Frequently,32,32,5,10,7,1,2,2,3,1,3,3,0,0.3125,0.15625,0.0625,0.21875,3,Cluster 3,0.40434027777777776,Medium,0.6225347222222223,Medium,0.38225134048717524,Medium,Managerial / Team Review
25,Male,Married,1,Medical,Sales,Sales Representative,1,Travel_Rarely,7,7,4,0,6,1,1,3,3,2,3,3,0,0.0,0.5714285714285714,0.14285714285714285,0.8571428571428571,1,Cluster 1,0.14126984126984127,Low,0.6877777777777778,High,0.5147789311803153,Medium,Training / Skill Development
24,Female,Married,3,Life Sciences,Research & Development,Laboratory Technician,1,Travel_Frequently,6,6,3,1,2,1,4,3,3,1,4,3,1,0.16666666666666666,0.5,0.6666666666666666,0.3333333333333333,1,Cluster 1,0.18166666666666664,Low,0.6307777777777778,Medium,0.44750269127258746,Medium,Career Development Discussion
30,Male,Married,4,Life Sciences,Sales,Sales Representative,1,Travel_Frequently,1,1,0,0,0,1,2,1,2,2,3,4,1,0.0,0.0,2.0,0.0,0,Cluster 0,0.0,Low,0.33333333333333337,Medium,0.08688416543087824,Low,Managerial / Team Review
34,Male,Married,2,Life Sciences,Research & Development,Research Scientist,1,Travel_Rarely,6,6,5,1,3,1,3,4,2,2,4,3,0,0.16666666666666666,0.8333333333333334,0.5,0.5,1,Cluster 1,0.2594444444444445,Low,0.7602222222222221,High,0.591631597737134,Medium,Training / Skill Development
31,Male,Divorced,4,Medical,Sales,Sales Executive,2,Travel_Rarely,9,3,1,1,2,2,2,1,3,2,3,1,1,0.3333333333333333,0.3333333333333333,0.6666666666666666,0.6666666666666666,1,Cluster 1,0.17055555555555554,Low,0.5785555555555555,Medium,0.36077972757730536,Medium,Career Development Discussion
35,Male,Single,2,Other,Research & Development,Laboratory Technician,2,Travel_Rarely,9,3,2,0,2,4,3,4,2,1,4,3,0,0.0,0.6666666666666666,1.0,0.6666666666666666,1,Cluster 1,0.12777777777777777,Low,0.6422222222222222,Medium,0.5081746031746032,Medium,Career Rotation
31,Male,Divorced,4,Medical,Sales,Sales Executive,2,Travel_Rarely,13,7,7,5,7,4,4,4,4,1,4,4,0,0.7142857142857143,1.0,0.5714285714285714,1.0,2,Cluster 2,0.5424603174603174,Medium,0.8608730158730159,High,0.8510394942290641,High,Training / Skill Development
27,Female,Divorced,4,Medical,Research & Development,Research Scientist,1,Travel_Rarely,6,5,3,0,3,0,5,3,2,1,3,2,0,0.0,0.6,1.0,0.6,1,Cluster 1,0.13166666666666665,Low,0.623,Medium,0.4495865051903114,Medium,Career Rotation
37,Male,Married,3,Marketing,Sales,Sales Executive,2,Travel_Rarely,17,3,0,1,0,4,3,3,3,4,3,2,0,0.3333333333333333,0.0,1.0,0.0,0,Cluster 0,0.10666666666666666,Low,0.438,Medium,0.23569912670950735,Low,Managerial / Team Review
20,Female,Single,3,Life Sciences,Research & Development,Research Scientist,1,Travel_Rarely,1,1,0,0,0,1,0,2,2,4,4,4,0,0.0,0.0,0.0,0.0,0,Cluster 0,0.0,Low,0.5,Medium,0.14699291481298402,Low,Managerial / Team Review
42,Female,Married,4,Life Sciences,Research & Development,Healthcare Representative,2,Travel_Rarely,10,10,2,2,2,1,4,4,3,3,2,3,0,0.2,0.2,0.4,0.2,1,Cluster 1,0.15444444444444444,Low,0.5575555555555555,Medium,0.37257269182182673,Medium,Managerial / Team Review
43,Male,Divorced,4,Other,Research & Development,Research Director,4,Travel_Rarely,21,1,0,0,0,4,3,4,2,2,3,2,0,0.0,0.0,3.0,0.0,0,Cluster 0,0.0,Low,0.25,Low,0.173496457406492,Low,Managerial / Team Review
38,Female,Single,1,Life Sciences,Research & Development,Research Scientist,1,Travel_Rarely,8,0,0,0,0,3,3,1,3,3,4,2,0,0.0,0.0,3.0,0.0,0,Cluster 0,0.0,Low,0.25,Low,0.10682979073982535,Low,Managerial / Team Review
43,Male,Divorced,5,Medical,Research & Development,Laboratory Technician,2,Travel_Frequently,10,8,7,4,7,3,3,3,3,4,2,3,0,0.5,0.875,0.375,0.875,2,Cluster 2,0.44680555555555557,Medium,0.8206111111111111,High,0.7054582234854726,High,Training / Skill Development
48,Female,Married,4,Life Sciences,Research & Development,Manager,4,Travel_Rarely,21,3,2,0,2,7,3,1,2,4,1,1,0,0.0,0.6666666666666666,1.0,0.6666666666666666,1,Cluster 1,0.12777777777777777,Low,0.6422222222222222,Medium,0.40817460317460313,Medium,Career Rotation
44,Female,Single,4,Life Sciences,Human Resources,Human Resources,2,Travel_Rarely,10,2,2,0,2,4,1,3,2,1,2,4,0,0.0,1.0,0.5,1.0,1,Cluster 1,0.17777777777777776,Low,0.7938888888888889,High,0.6308735651123194,Medium,Training / Skill Development
34,Female,Divorced,3,Technical Degree,Sales,Sales Representative,1,Travel_Rarely,8,8,2,0,6,1,3,3,3,3,4,3,0,0.0,0.25,0.375,0.75,1,Cluster 1,0.06527777777777777,Low,0.5568055555555556,Medium,0.37986886911627393,Medium,Career Development Discussion
27,Male,Divorced,1,Marketing,Sales,Sales Representative,1,Travel_Rarely,5,4,3,0,2,0,3,1,3,3,2,3,1,0.0,0.75,0.75,0.5,1,Cluster 1,0.15416666666666665,Low,0.6933333333333334,High,0.4618023974295601,Medium,Training / Skill Development
21,Male,Single,1,Technical Degree,Sales,Sales Representative,1,Travel_Rarely,3,3,2,1,2,1,2,3,3,3,3,3,0,0.3333333333333333,0.6666666666666666,0.6666666666666666,0.6666666666666666,1,Cluster 1,0.2344444444444444,Low,0.6913333333333332,High,0.5480644257703081,Medium,Training / Skill Development
44,Male,Married,4,Other,Research & Development,Manager,5,Travel_Rarely,26,2,2,0,1,4,2,4,3,4,1,4,0,0.0,1.0,1.0,0.5,1,Cluster 1,0.17777777777777776,Low,0.7522222222222222,High,0.640846377766793,Medium,Training / Skill Development
22,Male,Married,1,Medical,Research & Development,Research Scientist,1,Travel_Rarely,3,2,2,2,2,0,3,3,3,1,4,3,0,1.0,1.0,1.5,1.0,2,Cluster 2,0.47444444444444445,Medium,0.769888888888889,High,0.7493512385346295,High,Training / Skill Development
33,Male,Divorced,4,Marketing,Sales,Sales Executive,2,Travel_Rarely,6,5,0,1,2,0,3,3,3,3,4,3,0,0.2,0.0,0.6,0.4,1,Cluster 1,0.07333333333333333,Low,0.4646666666666667,Medium,0.26998319327731096,Low,Career Development Discussion
32,Female,Married,4,Life Sciences,Research & Development,Research Scientist,2,Travel_Rarely,6,6,4,0,5,1,2,4,3,1,4,2,0,0.0,0.6666666666666666,0.3333333333333333,0.8333333333333334,1,Cluster 1,0.15555555555555556,Low,0.7033333333333333,High,0.576325589059153,Medium,Training / Skill Development
30,Female,Divorced,3,Medical,Research & Development,Research Scientist,1,Travel_Frequently,1,1,0,0,0,1,2,3,3,3,3,3,0,0.0,0.0,2.0,0.0,0,Cluster 0,0.0,Low,0.33333333333333337,Medium,0.18688416543087827,Low,Managerial / Team Review
53,Female,Single,1,Medical,Sales,Sales Executive,2,Travel_Rarely,18,14,7,8,10,7,2,1,3,4,4,4,0,0.5714285714285714,0.5,0.14285714285714285,0.7142857142857143,3,Cluster 3,0.5017460317460317,Medium,0.7384444444444445,High,0.5322519909924754,Medium,Training / Skill Development
34,Male,Married,5,Life Sciences,Research & Development,Research Scientist,1,Travel_Rarely,10,10,9,8,8,1,4,4,3,2,4,2,0,0.8,0.9,0.4,0.8,2,Cluster 2,0.6466666666666667,Medium,0.8660000000000001,High,0.8047917284560883,High,Training / Skill Development
45,Female,Married,4,Life Sciences,Sales,Sales Executive,2,Travel_Frequently,5,1,1,0,0,2,4,1,3,1,4,3,1,0.0,1.0,4.0,0.0,0,Cluster 0,0.1638888888888889,Low,0.49944444444444447,Medium,0.4460703300928215,Medium,Career Rotation
26,Female,Married,3,Life Sciences,Research & Development,Laboratory Technician,1,Travel_Rarely,3,3,2,0,2,1,2,4,3,3,3,3,0,0.0,0.6666666666666666,0.6666666666666666,0.6666666666666666,1,Cluster 1,0.12777777777777777,Low,0.6699999999999999,High,0.5459705058493985,Medium,Training / Skill Development
37,Male,Married,3,Other,Research & Development,Manufacturing Director,3,Travel_Rarely,10,10,7,7,8,1,2,3,3,3,3,3,0,0.7,0.7,0.2,0.8,2,Cluster 2,0.5405555555555556,Medium,0.8014444444444445,High,0.6792540506398637,High,Training / Skill Development
29,Female,Married,2,Medical,Sales,Sales Executive,2,Travel_Rarely,6,6,0,1,2,1,5,3,3,2,1,2,0,0.16666666666666666,0.0,0.8333333333333334,0.3333333333333333,0,Cluster 0,0.065,Low,0.4435555555555556,Medium,0.2574249739111331,Low,Career Development Discussion
35,Male,Single,4,Life Sciences,Research & Development,Research Scientist,2,Travel_Rarely,17,17,11,11,8,1,3,4,1,2,2,3,0,0.6470588235294118,0.6470588235294118,0.17647058823529413,0.47058823529411764,3,Cluster 3,0.6682679738562091,High,0.8130653594771242,High,0.6399249012176959,Medium,Training + Promotion Review
33,Male,Divorced,3,Life Sciences,Research & Development,Healthcare Representative,2,Travel_Frequently,15,13,11,4,7,3,2,4,3,3,3,1,0,0.3076923076923077,0.8461538461538461,0.15384615384615385,0.5384615384615384,3,Cluster 3,0.44995726495726496,Medium,0.831017094017094,High,0.7005434321541587,High,Training / Skill Development
54,Male,Married,4,Medical,Human Resources,Human Resources,3,Travel_Rarely,16,9,7,7,1,2,1,2,3,3,3,4,0,0.7777777777777778,0.7777777777777778,0.1111111111111111,0.1111111111111111,2,Cluster 2,0.5716666666666667,Medium,0.8384074074074075,High,0.6117477984657914,Medium,Training / Skill Development
36,Male,Divorced,2,Medical,Research & Development,Manufacturing Director,2,Travel_Rarely,13,3,2,0,2,2,2,2,2,2,3,3,0,0.0,0.6666666666666666,0.6666666666666666,0.6666666666666666,1,Cluster 1,0.12777777777777777,Low,0.6699999999999999,High,0.4459705058493985,Medium,Training / Skill Development
27,Male,Single,4,Medical,Research & Development,Research Scientist,1,Travel_Rarely,5,4,2,1,1,0,0,4,2,1,4,3,0,0.25,0.5,0.0,0.25,1,Cluster 1,0.18861111111111112,Low,0.6877222222222222,High,0.45040095842258476,Medium,Training / Skill Development
20,Male,Single,1,Medical,Research & Development,Research Scientist,1,Travel_Rarely,1,1,0,1,1,1,5,3,3,4,4,3,1,1.0,0.0,5.0,1.0,0,Cluster 0,0.2733333333333333,Low,0.13800000000000004,Low,0.3375033778217169,Medium,Career Development Discussion
33,Male,Single,3,Life Sciences,Research & Development,Research Scientist,1,Travel_Frequently,10,10,8,9,7,1,3,1,3,1,1,3,1,0.9,0.8,0.3,0.7,2,Cluster 2,0.6661111111111111,High,0.8482222222222222,High,0.6727690174108859,High,Training + Promotion Review
35,Male,Married,3,Life Sciences,Research & Development,Laboratory Technician,1,Non-Travel,1,1,0,0,0,1,3,3,2,3,3,3,0,0.0,0.0,3.0,0.0,0,Cluster 0,0.0,Low,0.25,Low,0.14016312407315867,Low,Managerial / Team Review
23,Male,Married,3,Medical,Research & Development,Research Scientist,1,Travel_Rarely,5,3,2,0,2,2,3,1,4,1,1,4,0,0.0,0.6666666666666666,1.0,0.6666666666666666,1,Cluster 1,0.12777777777777777,Low,0.6422222222222222,Medium,0.47484126984126984,Medium,Career Rotation
25,Male,Married,3,Life Sciences,Sales,Sales Executive,2,Travel_Rarely,4,3,2,1,2,0,4,2,4,4,3,3,0,0.3333333333333333,0.6666666666666666,1.3333333333333333,0.6666666666666666,1,Cluster 1,0.2344444444444444,Low,0.6357777777777778,Medium,0.5391392870873839,Medium,Career Rotation
38,Female,Single,4,Marketing,Sales,Sales Executive,2,Travel_Rarely,8,7,7,0,5,0,2,4,2,4,1,3,0,0.0,1.0,0.2857142857142857,0.7142857142857143,1,Cluster 1,0.2472222222222222,Low,0.8256349206349205,High,0.6615688824549427,High,Training / Skill Development
29,Male,Divorced,4,Life Sciences,Research & Development,Research Scientist,1,Travel_Frequently,10,10,7,2,8,1,5,4,1,2,4,3,0,0.2,0.7,0.5,0.8,1,Cluster 1,0.29888888888888887,Low,0.7281111111111112,High,0.5616395342450706,Medium,Training / Skill Development
48,Male,Married,1,Marketing,Sales,Sales Executive,2,Travel_Rarely,12,2,2,2,2,3,3,2,4,2,4,3,0,1.0,1.0,1.5,1.0,2,Cluster 2,0.47444444444444445,Medium,0.769888888888889,High,0.7493512385346295,High,Training / Skill Development
27,Female,Divorced,1,Medical,Sales,Sales Executive,2,Travel_Frequently,6,6,5,0,4,1,3,4,4,4,2,3,0,0.0,0.8333333333333334,0.5,0.6666666666666666,1,Cluster 1,0.19444444444444445,Low,0.7472222222222221,High,0.6533764486186631,Medium,Training / Skill Development
37,Male,Single,2,Life Sciences,Research & Development,Research Scientist,1,Travel_Rarely,4,1,0,0,0,3,2,4,4,4,1,3,0,0.0,0.0,2.0,0.0,0,Cluster 0,0.0,Low,0.33333333333333337,Medium,0.2535508320975449,Low,Managerial / Team Review
50,Male,Married,1,Medical,Research & Development,Laboratory Technician,1,Travel_Rarely,20,20,8,3,8,1,3,3,4,4,3,3,0,0.15,0.4,0.15,0.4,3,Cluster 3,0.27861111111111114,Low,0.6632222222222222,High,0.4967983055967484,Medium,Training / Skill Development
34,Female,Single,3,Medical,Research & Development,Healthcare Representative,3,Travel_Rarely,9,8,7,7,7,1,3,2,2,4,2,4,0,0.875,0.875,0.375,0.875,2,Cluster 2,0.6105555555555555,Medium,0.853361111111111,High,0.6931779260723897,High,Training / Skill Development
24,Female,Single,2,Life Sciences,Sales,Sales Executive,2,Travel_Rarely,4,2,2,2,0,9,3,3,3,1,1,3,1,1.0,1.0,1.5,0.0,2,Cluster 2,0.47444444444444445,Medium,0.769888888888889,High,0.6493512385346295,Medium,Training / Skill Development
39,Female,Single,4,Technical Degree,Research & Development,Healthcare Representative,2,Travel_Rarely,20,20,7,11,10,1,4,3,2,4,1,3,0,0.55,0.35,0.2,0.5,3,Cluster 3,0.5438888888888889,Medium,0.6971111111111111,High,0.5126593068599988,Medium,Training / Skill Development
32,Male,Single,3,Marketing,Sales,Sales Executive,2,Travel_Rarely,10,10,7,0,8,1,2,4,3,4,4,2,0,0.0,0.7,0.2,0.8,1,Cluster 1,0.2022222222222222,Low,0.7337777777777778,High,0.6002165650573955,Medium,Training / Skill Development
50,Male,Married,2,Technical Degree,Sales,Sales Executive,2,Travel_Frequently,18,4,3,1,3,3,4,3,3,2,1,3,1,0.25,0.75,1.0,0.75,1,Cluster 1,0.24,Low,0.6896666666666667,High,0.5786300049431538,Medium,Training / Skill Development
38,Female,Single,4,Life Sciences,Research & Development,Healthcare Representative,2,Travel_Rarely,10,9,7,1,8,0,4,4,4,2,3,2,0,0.1111111111111111,0.7777777777777778,0.4444444444444444,0.8888888888888888,1,Cluster 1,0.265,Low,0.7492962962962963,High,0.6832096537961589,High,Training / Skill Development
27,Female,Married,2,Life Sciences,Research & Development,Manufacturing Director,3,Travel_Rarely,9,9,7,0,7,1,3,1,3,3,4,3,0,0.0,0.7777777777777778,0.3333333333333333,0.7777777777777778,1,Cluster 1,0.21388888888888888,Low,0.7483333333333333,High,0.5232771736145438,Medium,Training / Skill Development
32,Female,Single,2,Life Sciences,Research & Development,Research Director,3,Travel_Rarely,10,7,7,7,7,3,6,4,3,3,4,3,0,1.0,1.0,0.8571428571428571,1.0,2,Cluster 2,0.6605555555555556,High,0.8606825396825397,High,0.853104131848818,High,Training + Promotion Review
47,Male,Single,4,Marketing,Sales,Sales Executive,2,Travel_Rarely,20,7,7,1,7,2,2,1,3,4,4,3,0,0.14285714285714285,1.0,0.2857142857142857,1.0,1,Cluster 1,0.30626984126984125,Low,0.8374444444444443,High,0.6430851595540177,Medium,Training / Skill Development
40,Male,Married,4,Life Sciences,Sales,Sales Executive,3,Travel_Frequently,20,18,13,1,12,5,2,1,2,4,3,3,0,0.05555555555555555,0.7222222222222222,0.1111111111111111,0.6666666666666666,3,Cluster 3,0.32611111111111113,Low,0.7726296296296296,High,0.5025137675985427,Medium,Training / Skill Development
53,Male,Married,3,Life Sciences,Research & Development,Research Director,4,Travel_Rarely,32,5,1,1,3,3,3,3,4,3,3,3,0,0.2,0.2,0.6,0.6,1,Cluster 1,0.11722222222222223,Low,0.5334444444444445,Medium,0.397532514966771,Medium,Career Development Discussion
41,Male,Divorced,4,Human Resources,Human Resources,Manager,5,Travel_Rarely,23,21,6,12,6,3,2,4,2,2,2,2,0,0.5714285714285714,0.2857142857142857,0.09523809523809523,0.2857142857142857,3,Cluster 3,0.5490476190476189,Medium,0.6875873015873016,High,0.5085102354667357,Medium,Training / Skill Development
60,Male,Single,4,Marketing,Sales,Sales Executive,2,Travel_Rarely,10,2,2,2,2,8,1,1,3,1,4,3,0,1.0,1.0,0.5,1.0,2,Cluster 2,0.47444444444444445,Medium,0.8532222222222222,High,0.696072279892349,High,Training / Skill Development
27,Male,Divorced,2,Life Sciences,Research & Development,Manufacturing Director,3,Travel_Frequently,9,9,7,1,7,1,4,1,3,4,3,2,0,0.1111111111111111,0.7777777777777778,0.4444444444444444,0.7777777777777778,1,Cluster 1,0.265,Low,0.7492962962962963,High,0.5387652093517146,Medium,Training / Skill Development
41,Male,Married,3,Human Resources,Human Resources,Manager,5,Travel_Rarely,22,22,7,2,10,1,3,3,2,4,2,3,0,0.09090909090909091,0.3181818181818182,0.13636363636363635,0.45454545454545453,3,Cluster 3,0.21434343434343434,Low,0.6269595959595959,Medium,0.3900256544685611,Medium,Career Development Discussion
50,Male,Married,4,Marketing,Sales,Sales Representative,1,Travel_Rarely,4,2,2,2,2,7,2,2,3,4,4,3,0,1.0,1.0,1.0,1.0,2,Cluster 2,0.47444444444444445,Medium,0.8115555555555556,High,0.7227117592134893,High,Training / Skill Development
28,Female,Single,2,Life Sciences,Research & Development,Research Scientist,1,Travel_Rarely,10,7,7,3,7,7,4,2,1,1,4,3,1,0.42857142857142855,1.0,0.5714285714285714,1.0,2,Cluster 2,0.4243650793650794,Medium,0.8372539682539683,High,0.6451497971737714,Medium,Training / Skill Development
36,Female,Married,3,Life Sciences,Research & Development,Research Director,3,Non-Travel,10,8,7,0,5,9,2,1,4,1,1,3,0,0.0,0.875,0.25,0.625,1,Cluster 1,0.22847222222222222,Low,0.7873611111111112,High,0.5762831946504092,Medium,Training / Skill Development
38,Female,Single,3,Life Sciences,Research & Development,Manufacturing Director,3,Travel_Rarely,10,1,0,0,0,4,4,3,3,3,4,4,0,0.0,0.0,4.0,0.0,0,Cluster 0,0.0,Low,0.16666666666666669,Low,0.1601087493821058,Low,Managerial / Team Review
44,Male,Single,3,Medical,Research & Development,Laboratory Technician,1,Non-Travel,9,5,2,1,4,2,5,3,1,1,3,3,0,0.2,0.4,1.0,0.8,1,Cluster 1,0.1611111111111111,Low,0.5688888888888889,Medium,0.38639342011314326,Medium,Career Development Discussion
47,Female,Divorced,3,Medical,Sales,Sales Executive,4,Travel_Frequently,28,22,2,11,13,9,2,3,3,4,4,2,0,0.5,0.09090909090909091,0.09090909090909091,0.5909090909090909,3,Cluster 3,0.42308080808080806,Medium,0.6043131313131312,Medium,0.4391601706636309,Medium,Career Development Discussion
30,Male,Divorced,5,Marketing,Sales,Sales Executive,2,Travel_Rarely,10,8,7,7,7,7,2,4,3,3,4,2,0,0.875,0.875,0.25,0.875,2,Cluster 2,0.6105555555555555,Medium,0.8637777777777778,High,0.794851389575438,High,Training / Skill Development
29,Male,Single,3,Life Sciences,Sales,Sales Representative,1,Travel_Rarely,1,1,0,0,0,1,6,3,3,3,3,3,0,0.0,0.0,6.0,0.0,0,Cluster 0,0.0,Low,0.0,Low,0.13333333333333336,Low,Managerial / Team Review
42,Male,Divorced,3,Medical,Research & Development,Research Scientist,1,Travel_Frequently,7,2,2,2,2,6,2,3,4,3,4,3,1,1.0,1.0,1.0,1.0,2,Cluster 2,0.47444444444444445,Medium,0.8115555555555556,High,0.7893784258801559,High,Training / Skill Development
43,Male,Married,3,Life Sciences,Sales,Sales Executive,2,Travel_Frequently,7,2,2,2,2,3,5,4,2,4,3,3,0,1.0,1.0,2.5,1.0,2,Cluster 2,0.47444444444444445,Medium,0.6865555555555556,High,0.7359635305102432,High,Training / Skill Development
34,Female,Single,2,Medical,Research & Development,Healthcare Representative,2,Travel_Rarely,10,5,1,4,3,3,2,3,3,2,4,3,0,0.8,0.2,0.4,0.6,2,Cluster 2,0.3372222222222222,Medium,0.594111111111111,Medium,0.43994543307519085,Medium,Career Development Discussion
23,Male,Married,1,Medical,Research & Development,Laboratory Technician,1,Travel_Rarely,5,4,3,0,2,1,2,1,3,2,4,4,0,0.0,0.75,0.5,0.5,1,Cluster 1,0.15416666666666665,Low,0.7141666666666667,High,0.4651493244356566,Medium,Training / Skill Development
39,Female,Married,3,Human Resources,Human Resources,Human Resources,2,Travel_Rarely,12,8,3,3,6,9,3,2,4,3,3,1,0,0.375,0.375,0.375,0.75,1,Cluster 1,0.26166666666666666,Low,0.6335833333333334,Medium,0.48237007744274185,Medium,Career Development Discussion
56,Male,Married,3,Medical,Research & Development,Healthcare Representative,4,Travel_Rarely,30,10,7,1,1,7,1,4,3,3,3,2,0,0.1,0.7,0.1,0.1,3,Cluster 3,0.25055555555555553,Low,0.7517777777777778,High,0.5476083099906629,Medium,Training / Skill Development
40,Female,Single,1,Medical,Research & Development,Research Scientist,1,Travel_Rarely,5,4,2,2,3,0,2,4,2,4,4,2,0,0.5,0.5,0.5,0.75,1,Cluster 1,0.27444444444444444,Low,0.6632222222222222,High,0.5222149722634152,Medium,Training / Skill Development
27,Female,Single,3,Medical,Research & Development,Healthcare Representative,2,Travel_Rarely,9,7,6,0,7,8,2,1,2,4,1,1,0,0.0,0.8571428571428571,0.2857142857142857,1.0,1,Cluster 1,0.21190476190476187,Low,0.7757142857142857,High,0.5358109126003342,Medium,Training / Skill Development
29,Male,Divorced,3,Marketing,Sales,Sales Representative,1,Travel_Rarely,2,2,2,2,2,1,2,2,3,4,4,3,0,1.0,1.0,1.0,1.0,2,Cluster 2,0.47444444444444445,Medium,0.8115555555555556,High,0.7227117592134893,High,Training / Skill Development
53,Male,Single,3,Life Sciences,Research & Development,Laboratory Technician,2,Travel_Rarely,19,2,2,2,2,2,4,4,3,4,4,3,0,1.0,1.0,2.0,1.0,2,Cluster 2,0.47444444444444445,Medium,0.7282222222222222,High,0.7759907178557697,High,Training / Skill Development
35,Female,Divorced,4,Life Sciences,Research & Development,Healthcare Representative,2,Non-Travel,16,1,0,0,0,2,2,1,3,4,1,4,0,0.0,0.0,2.0,0.0,0,Cluster 0,0.0,Low,0.33333333333333337,Medium,0.12021749876421159,Low,Managerial / Team Review
32,Male,Married,4,Life Sciences,Research & Development,Laboratory Technician,2,Travel_Frequently,10,10,8,4,7,1,2,4,3,1,4,3,0,0.4,0.8,0.2,0.7,2,Cluster 2,0.4244444444444444,Medium,0.8082222222222223,High,0.6938429175591805,High,Training / Skill Development
38,Male,Married,5,Medical,Research & Development,Research Scientist,1,Travel_Rarely,6,1,0,0,1,6,0,3,3,4,2,1,0,0.0,0.0,0.0,1.0,1,Cluster 1,0.0,Low,0.5,Medium,0.31365958147965073,Low,Career Development Discussion
34,Female,Divorced,5,Life Sciences,Research & Development,Manufacturing Director,2,Travel_Rarely,7,0,0,0,0,3,3,1,3,2,3,3,0,0.0,0.0,3.0,0.0,0,Cluster 0,0.0,Low,0.25,Low,0.10682979073982535,Low,Managerial / Team Review
52,Male,Married,4,Marketing,Sales,Manager,4,Travel_Rarely,34,34,6,1,16,1,3,1,2,3,1,4,0,0.029411764705882353,0.17647058823529413,0.08823529411764706,0.47058823529411764,3,Cluster 3,0.14049019607843136,Low,0.573686274509804,Medium,0.25882099483391974,Low,Career Development Discussion
33,Male,Single,4,Other,Research & Development,Research Scientist,1,Travel_Rarely,10,10,9,7,8,1,2,4,3,4,3,2,1,0.7,0.9,0.2,0.8,2,Cluster 2,0.5983333333333334,Medium,0.8730000000000001,High,0.7914162959301368,High,Training / Skill Development
25,Female,Single,1,Medical,Sales,Sales Executive,2,Travel_Rarely,6,6,5,1,4,1,5,4,3,3,2,2,0,0.16666666666666666,0.8333333333333334,0.8333333333333334,0.6666666666666666,1,Cluster 1,0.2594444444444445,Low,0.7324444444444445,High,0.6371690283956719,Medium,Training / Skill Development
45,Male,Single,2,Technical Degree,Sales,Sales Representative,2,Travel_Rarely,9,8,7,3,1,0,3,3,1,2,1,3,0,0.375,0.875,0.375,0.125,1,Cluster 1,0.39222222222222225,Medium,0.8096944444444444,High,0.5456627670676114,Medium,Training / Skill Development
23,Male,Single,1,Medical,Research & Development,Research Scientist,1,Travel_Rarely,2,2,2,0,2,1,3,3,4,1,4,3,0,0.0,1.0,1.5,1.0,1,Cluster 1,0.17777777777777776,Low,0.7105555555555556,High,0.6841525237545999,High,Training / Skill Development
47,Female,Single,2,Life Sciences,Sales,Sales Executive,2,Travel_Frequently,8,5,4,1,3,4,2,3,4,2,4,3,1,0.2,0.8,0.4,0.6,1,Cluster 1,0.24888888888888888,Low,0.7564444444444445,High,0.6228580216400286,Medium,Training / Skill Development
34,Male,Single,3,Other,Sales,Sales Executive,2,Travel_Rarely,6,6,5,1,4,1,5,4,3,4,3,3,0,0.16666666666666666,0.8333333333333334,0.8333333333333334,0.6666666666666666,1,Cluster 1,0.2594444444444445,Low,0.7324444444444445,High,0.6371690283956719,Medium,Training / Skill Development
55,Male,Married,3,Medical,Research & Development,Manager,5,Travel_Rarely,24,5,2,1,4,5,2,1,3,4,4,3,1,0.2,0.4,0.4,0.8,1,Cluster 1,0.1611111111111111,Low,0.6188888888888889,Medium,0.394426044927775,Medium,Career Development Discussion
36,Male,Single,4,Life Sciences,Sales,Sales Executive,3,Non-Travel,10,10,7,0,9,1,1,1,2,1,2,3,0,0.0,0.7,0.1,0.9,1,Cluster 1,0.2022222222222222,Low,0.742111111111111,High,0.47822200252650077,Medium,Training / Skill Development
52,Male,Married,4,Medical,Research & Development,Research Scientist,1,Non-Travel,5,4,3,1,2,0,3,4,3,4,1,3,0,0.25,0.75,0.75,0.5,1,Cluster 1,0.24,Low,0.7105,High,0.5903102652825836,Medium,Training / Skill Development
26,Female,Divorced,2,Life Sciences,Research & Development,Laboratory Technician,1,Travel_Frequently,5,2,2,2,0,3,2,4,1,1,1,3,0,1.0,1.0,1.0,0.0,2,Cluster 2,0.47444444444444445,Medium,0.8115555555555556,High,0.6227117592134893,Medium,Training / Skill Development
29,Female,Married,3,Medical,Research & Development,Healthcare Representative,2,Travel_Rarely,11,8,7,1,1,4,3,3,3,2,1,2,0,0.125,0.875,0.375,0.125,1,Cluster 1,0.2830555555555555,Low,0.787861111111111,High,0.5760718542318888,Medium,Training / Skill Development
26,Male,Single,3,Technical Degree,Sales,Sales Executive,2,Travel_Rarely,6,4,3,1,2,6,2,1,2,4,3,2,1,0.25,0.75,0.5,0.5,1,Cluster 1,0.24,Low,0.7313333333333334,High,0.46032385895534683,Medium,Training / Skill Development
34,Female,Single,4,Life Sciences,Research & Development,Research Scientist,1,Travel_Rarely,10,4,2,1,3,2,2,4,4,2,3,3,0,0.25,0.5,0.5,0.75,1,Cluster 1,0.18861111111111112,Low,0.6460555555555555,Medium,0.5603737710770582,Medium,Career Development Discussion
54,Female,Divorced,4,Medical,Research & Development,Manufacturing Director,2,Travel_Rarely,9,5,3,1,4,9,4,1,3,4,2,3,0,0.2,0.6,0.8,0.8,1,Cluster 1,0.20500000000000002,Low,0.6543333333333333,Medium,0.46328695007414733,Medium,Career Rotation
27,Male,Married,1,Marketing,Sales,Sales Executive,2,Travel_Frequently,5,4,2,1,1,0,3,4,3,3,2,3,0,0.25,0.5,0.75,0.25,1,Cluster 1,0.18861111111111112,Low,0.6252222222222222,Medium,0.47369351073762833,Medium,Managerial / Team Review
37,Female,Divorced,1,Life Sciences,Research & Development,Research Scientist,1,Travel_Rarely,6,5,3,4,3,0,3,1,3,4,2,2,0,0.8,0.6,0.6,0.6,2,Cluster 2,0.42499999999999993,Medium,0.715,High,0.5190332015159005,Medium,Training / Skill Development
38,Female,Single,4,Life Sciences,Research & Development,Manufacturing Director,2,Travel_Frequently,17,15,7,4,12,6,2,1,4,1,4,3,0,0.26666666666666666,0.4666666666666667,0.13333333333333333,0.8,3,Cluster 3,0.3272222222222222,Low,0.6943333333333332,High,0.5063797165925193,Medium,Training / Skill Development
34,Female,Single,4,Medical,Research & Development,Research Scientist,1,Travel_Rarely,6,6,5,1,3,1,3,1,2,3,3,3,0,0.16666666666666666,0.8333333333333334,0.5,0.5,1,Cluster 1,0.2594444444444445,Low,0.7602222222222221,High,0.49163159773713405,Medium,Training / Skill Development
35,Female,Married,4,Life Sciences,Sales,Sales Representative,1,Travel_Rarely,3,3,2,0,2,1,1,4,3,1,2,2,0,0.0,0.6666666666666666,0.3333333333333333,0.6666666666666666,1,Cluster 1,0.12777777777777777,Low,0.6977777777777777,High,0.5504330751908606,Medium,Training / Skill Development
30,Male,Married,3,Life Sciences,Research & Development,Laboratory Technician,1,Travel_Rarely,7,2,2,0,2,3,2,3,1,4,3,3,0,0.0,1.0,1.0,1.0,1,Cluster 1,0.17777777777777776,Low,0.7522222222222222,High,0.5908463777667929,Medium,Training / Skill Development
40,Female,Married,2,Medical,Research & Development,Healthcare Representative,2,Travel_Frequently,8,8,7,3,7,1,2,2,4,3,4,3,0,0.375,0.875,0.25,0.875,2,Cluster 2,0.39222222222222225,Medium,0.8201111111111111,High,0.6890028972373263,High,Training / Skill Development
34,Female,Married,2,Life Sciences,Sales,Sales Executive,2,Travel_Rarely,6,3,2,1,2,5,1,1,3,3,2,3,0,0.3333333333333333,0.6666666666666666,0.3333333333333333,0.6666666666666666,1,Cluster 1,0.2344444444444444,Low,0.719111111111111,High,0.4858603284451035,Medium,Training / Skill Development
42,Male,Divorced,3,Life Sciences,Research & Development,Manager,5,Travel_Frequently,24,24,7,14,9,1,4,4,3,2,2,2,0,0.5833333333333334,0.2916666666666667,0.16666666666666666,0.375,3,Cluster 3,0.6134722222222222,Medium,0.6963055555555555,High,0.5729882256824298,Medium,Training / Skill Development
23,Male,Married,3,Life Sciences,Research & Development,Laboratory Technician,1,Travel_Rarely,1,0,0,0,0,1,2,1,4,3,3,3,1,0.0,0.0,2.0,0.0,0,Cluster 0,0.0,Low,0.33333333333333337,Medium,0.15355083209754491,Low,Managerial / Team Review
24,Male,Divorced,3,Life Sciences,Research & Development,Laboratory Technician,1,Non-Travel,1,1,0,0,0,1,4,2,2,3,3,3,0,0.0,0.0,4.0,0.0,0,Cluster 0,0.0,Low,0.16666666666666669,Low,0.0934420827154391,Low,Managerial / Team Review
52,Female,Married,4,Life Sciences,Research & Development,Laboratory Technician,2,Travel_Rarely,9,5,2,1,4,8,3,3,3,4,2,3,0,0.2,0.4,0.6,0.8,1,Cluster 1,0.1611111111111111,Low,0.6022222222222223,Medium,0.45841516998956444,Medium,Career Development Discussion
50,Male,Married,3,Medical,Research & Development,Research Director,4,Travel_Rarely,30,4,3,0,3,5,3,3,3,3,4,3,0,0.0,0.75,0.75,0.75,1,Cluster 1,0.15416666666666665,Low,0.6933333333333334,High,0.5534690640962268,Medium,Training / Skill Development
29,Female,Married,2,Life Sciences,Research & Development,Laboratory Technician,1,Travel_Rarely,1,1,0,0,0,1,1,1,2,2,4,3,1,0.0,0.0,1.0,0.0,0,Cluster 0,0.0,Low,0.4166666666666667,Medium,0.10027187345526445,Low,Managerial / Team Review
33,Male,Married,3,Medical,Research & Development,Research Director,3,Travel_Rarely,14,13,9,3,7,0,3,3,3,3,4,4,0,0.23076923076923078,0.6923076923076923,0.23076923076923078,0.5384615384615384,3,Cluster 3,0.3565384615384616,Medium,0.7597692307692308,High,0.5892767722473605,Medium,Training / Skill Development
33,Female,Single,3,Marketing,Sales,Sales Executive,2,Travel_Rarely,6,3,2,0,2,5,3,1,3,1,3,3,1,0.0,0.6666666666666666,1.0,0.6666666666666666,1,Cluster 1,0.12777777777777777,Low,0.6422222222222222,Medium,0.4415079365079365,Medium,Career Rotation
47,Female,Married,2,Other,Research & Development,Manager,4,Travel_Rarely,26,26,14,3,0,1,3,4,3,3,3,2,0,0.11538461538461539,0.5384615384615384,0.11538461538461539,0.0,3,Cluster 3,0.37405982905982904,Medium,0.7267350427350426,High,0.5302517987587191,Medium,Training / Skill Development
36,Female,Married,3,Other,Research & Development,Manufacturing Director,2,Travel_Rarely,10,9,7,0,5,0,2,2,3,3,1,3,0,0.0,0.7777777777777778,0.2222222222222222,0.5555555555555556,1,Cluster 1,0.21388888888888888,Low,0.7575925925925926,High,0.5358758078394756,Medium,Training / Skill Development
29,Male,Married,2,Life Sciences,Research & Development,Research Scientist,1,Travel_Rarely,10,10,7,0,7,1,3,3,4,3,3,3,0,0.0,0.7,0.3,0.7,1,Cluster 1,0.2022222222222222,Low,0.7254444444444443,High,0.5888777942549568,Medium,Training / Skill Development
58,Male,Single,4,Life Sciences,Research & Development,Research Director,5,Travel_Rarely,40,31,15,13,8,7,2,2,3,4,4,3,1,0.41935483870967744,0.4838709677419355,0.06451612903225806,0.25806451612903225,3,Cluster 3,0.6890860215053765,High,0.7776021505376345,High,0.5784237266063922,Medium,Training + Promotion Review
35,Female,Single,4,Life Sciences,Research & Development,Research Scientist,1,Travel_Rarely,7,2,2,2,2,3,0,3,4,4,3,3,0,1.0,1.0,0.0,1.0,2,Cluster 2,0.47444444444444445,Medium,0.894888888888889,High,0.8027661339045421,High,Training / Skill Development
42,Female,Married,2,Life Sciences,Research & Development,Manufacturing Director,2,Travel_Rarely,8,4,3,0,2,9,4,4,2,4,4,3,0,0.0,0.75,1.0,0.5,1,Cluster 1,0.15416666666666665,Low,0.6725,High,0.5251221370901301,Medium,Training / Skill Development
28,Male,Single,4,Medical,Research & Development,Research Scientist,1,Travel_Rarely,5,2,2,2,1,6,3,3,3,3,4,2,1,1.0,1.0,1.5,0.5,2,Cluster 2,0.47444444444444445,Medium,0.769888888888889,High,0.6993512385346295,High,Training / Skill Development
36,Male,Married,3,Human Resources,Human Resources,Human Resources,1,Travel_Rarely,8,5,2,0,4,4,2,2,3,3,2,3,0,0.0,0.4,0.4,0.8,1,Cluster 1,0.08777777777777777,Low,0.6042222222222222,Medium,0.4034031416488164,Medium,Career Development Discussion
32,Female,Married,3,Life Sciences,Research & Development,Manufacturing Director,2,Travel_Rarely,14,14,13,6,8,1,3,3,2,3,3,3,0,0.42857142857142855,0.9285714285714286,0.21428571428571427,0.5714285714285714,3,Cluster 3,0.5669841269841269,Medium,0.8741111111111111,High,0.699809084418081,High,Training / Skill Development
40,Male,Single,4,Medical,Research & Development,Laboratory Technician,2,Travel_Frequently,10,1,0,0,0,6,6,3,2,1,4,3,0,0.0,0.0,6.0,0.0,0,Cluster 0,0.0,Low,0.0,Low,0.1,Low,Managerial / Team Review
30,Female,Single,3,Medical,Research & Development,Manufacturing Director,2,Travel_Rarely,12,0,0,0,0,5,4,4,2,3,2,2,0,0.0,0.0,4.0,0.0,0,Cluster 0,0.0,Low,0.16666666666666669,Low,0.16010874938210579,Low,Managerial / Team Review
45,Female,Single,3,Life Sciences,Research & Development,Research Scientist,1,Travel_Rarely,1,1,0,0,0,1,3,3,2,2,4,3,0,0.0,0.0,3.0,0.0,0,Cluster 0,0.0,Low,0.25,Low,0.14016312407315867,Low,Managerial / Team Review
42,Male,Married,3,Life Sciences,Research & Development,Manufacturing Director,2,Travel_Rarely,10,9,8,7,8,1,3,2,3,2,4,2,0,0.7777777777777778,0.8888888888888888,0.3333333333333333,0.8888888888888888,2,Cluster 2,0.6022222222222222,Medium,0.8593333333333334,High,0.7298318229252485,High,Training / Skill Development
38,Male,Divorced,3,Life Sciences,Research & Development,Healthcare Representative,2,Travel_Frequently,13,4,3,1,2,2,3,1,2,1,3,2,0,0.25,0.75,0.75,0.5,1,Cluster 1,0.24,Low,0.7105,High,0.45697693194925026,Medium,Training / Skill Development
34,Female,Single,4,Life Sciences,Research & Development,Research Scientist,1,Travel_Frequently,6,5,2,1,3,1,3,4,2,3,3,3,0,0.2,0.4,0.6,0.6,1,Cluster 1,0.1611111111111111,Low,0.6022222222222223,Medium,0.4384151699895644,Medium,Career Development Discussion
49,Female,Married,3,Marketing,Sales,Sales Executive,3,Travel_Rarely,9,9,8,7,7,1,3,4,3,3,1,4,1,0.7777777777777778,0.8888888888888888,0.3333333333333333,0.7777777777777778,2,Cluster 2,0.6022222222222222,Medium,0.8593333333333334,High,0.785387378480804,High,Training / Skill Development
55,Male,Single,1,Medical,Sales,Sales Executive,2,Travel_Rarely,12,9,7,7,3,4,3,4,3,3,3,2,1,0.7777777777777778,0.7777777777777778,0.3333333333333333,0.3333333333333333,2,Cluster 2,0.5716666666666667,Medium,0.8198888888888889,High,0.697661641127039,High,Training / Skill Development
43,Male,Married,2,Life Sciences,Research & Development,Research Director,4,Travel_Rarely,22,4,1,1,0,6,3,1,3,2,3,3,0,0.25,0.25,0.75,0.0,1,Cluster 1,0.13722222222222222,Low,0.5399444444444444,Medium,0.2570767561926731,Low,Managerial / Team Review
27,Male,Divorced,1,Technical Degree,Research & Development,Research Director,3,Travel_Rarely,9,9,8,0,8,1,3,4,2,3,2,3,0,0.0,0.8888888888888888,0.3333333333333333,0.8888888888888888,1,Cluster 1,0.24444444444444444,Low,0.7877777777777778,High,0.6443362443016422,Medium,Training / Skill Development
35,Male,Single,3,Other,Research & Development,Manufacturing Director,3,Travel_Rarely,17,8,5,1,6,3,3,3,3,3,2,4,0,0.125,0.625,0.375,0.75,1,Cluster 1,0.2177777777777778,Low,0.6998055555555556,High,0.5423421760861208,Medium,Training / Skill Development
28,Female,Married,4,Marketing,Sales,Sales Executive,2,Travel_Rarely,8,8,7,7,5,1,2,2,3,2,1,3,0,0.875,0.875,0.25,0.625,2,Cluster 2,0.6105555555555555,Medium,0.8637777777777778,High,0.7031847229087713,High,Training / Skill Development
34,Male,Married,2,Human Resources,Human Resources,Human Resources,1,Travel_Rarely,4,3,2,0,2,0,1,4,3,3,3,1,0,0.0,0.6666666666666666,0.3333333333333333,0.6666666666666666,1,Cluster 1,0.12777777777777777,Low,0.6977777777777777,High,0.5504330751908606,Medium,Training / Skill Development
26,Female,Married,2,Medical,Research & Development,Research Scientist,1,Travel_Frequently,8,8,7,1,7,1,2,3,2,3,1,3,1,0.125,0.875,0.25,0.875,1,Cluster 1,0.2830555555555555,Low,0.7982777777777778,High,0.6194119844016037,Medium,Training / Skill Development
27,Male,Married,3,Medical,Research & Development,Research Scientist,1,Non-Travel,0,0,0,0,0,1,6,4,3,4,3,2,0,0.0,0.0,6.0,0.0,0,Cluster 0,0.0,Low,0.0,Low,0.16666666666666669,Low,Managerial / Team Review
51,Female,Married,4,Marketing,Sales,Manager,4,Travel_Rarely,29,20,6,4,17,2,2,3,3,1,3,2,0,0.2,0.3,0.1,0.85,3,Cluster 3,0.2716666666666666,Low,0.636,Medium,0.477008320975449,Medium,Career Development Discussion
44,Male,Single,3,Medical,Research & Development,Healthcare Representative,2,Travel_Rarely,10,5,2,2,3,9,2,2,3,4,4,2,0,0.4,0.4,0.4,0.6,1,Cluster 1,0.23444444444444446,Low,0.6335555555555555,Medium,0.43211561487340033,Medium,Career Development Discussion
25,Male,Single,1,Medical,Research & Development,Research Scientist,1,Travel_Rarely,6,4,3,0,1,7,3,1,4,1,3,2,0,0.0,0.75,0.75,0.25,1,Cluster 1,0.15416666666666665,Low,0.6933333333333334,High,0.4701357307628934,Medium,Training / Skill Development
33,Male,Divorced,3,Medical,Sales,Sales Executive,2,Travel_Rarely,9,9,8,0,8,1,5,1,4,1,1,3,0,0.0,0.8888888888888888,0.5555555555555556,0.8888888888888888,1,Cluster 1,0.24444444444444444,Low,0.7692592592592592,High,0.6080278647406675,Medium,Training / Skill Development
35,Female,Single,1,Medical,Research & Development,Research Scientist,1,Travel_Rarely,6,6,5,1,1,1,3,1,2,3,4,2,0,0.16666666666666666,0.8333333333333334,0.5,0.16666666666666666,1,Cluster 1,0.2594444444444445,Low,0.7602222222222221,High,0.4582982644038007,Medium,Training / Skill Development
36,Male,Married,2,Life Sciences,Sales,Sales Executive,2,Travel_Rarely,18,18,14,4,11,1,1,4,3,2,4,2,0,0.2222222222222222,0.7777777777777778,0.05555555555555555,0.6111111111111112,3,Cluster 3,0.45999999999999996,Medium,0.8207037037037036,High,0.6920703209388329,High,Training / Skill Development
32,Male,Divorced,4,Life Sciences,Sales,Sales Executive,2,Travel_Rarely,8,5,2,0,3,2,3,4,3,2,3,2,0,0.0,0.4,0.6,0.6,1,Cluster 1,0.08777777777777777,Low,0.5875555555555556,Medium,0.44739226671060583,Medium,Career Development Discussion
30,Male,Divorced,4,Life Sciences,Research & Development,Research Scientist,1,Travel_Frequently,10,5,4,0,3,9,3,4,2,2,2,2,0,0.0,0.8,0.6,0.6,1,Cluster 1,0.17555555555555555,Low,0.725111111111111,High,0.562490910089526,Medium,Training / Skill Development
53,Female,Married,2,Marketing,Sales,Sales Executive,3,Travel_Rarely,35,5,2,0,4,7,3,4,2,1,4,3,0,0.0,0.4,0.6,0.8,1,Cluster 1,0.08777777777777777,Low,0.5875555555555556,Medium,0.4340589333772725,Medium,Career Development Discussion
45,Male,Divorced,3,Marketing,Sales,Sales Executive,3,Travel_Rarely,18,5,4,0,2,4,2,1,3,4,3,3,0,0.0,0.8,0.4,0.4,1,Cluster 1,0.17555555555555555,Low,0.7417777777777778,High,0.47850178502773655,Medium,Training / Skill Development
32,Female,Married,2,Medical,Research & Development,Research Scientist,2,Travel_Rarely,9,5,3,1,3,5,3,3,4,3,3,2,0,0.2,0.6,0.6,0.6,1,Cluster 1,0.20500000000000002,Low,0.671,High,0.5459644916790245,Medium,Training / Skill Development
52,Female,Married,4,Medical,Research & Development,Manufacturing Director,4,Travel_Frequently,31,9,8,0,0,3,3,4,2,3,3,3,0,0.0,0.8888888888888888,0.3333333333333333,0.0,1,Cluster 1,0.24444444444444444,Low,0.7877777777777778,High,0.5554473554127534,Medium,Training / Skill Development
37,Male,Divorced,4,Marketing,Sales,Sales Executive,2,Travel_Rarely,9,1,0,0,0,4,2,3,2,4,4,3,0,0.0,0.0,2.0,0.0,0,Cluster 0,0.0,Low,0.33333333333333337,Medium,0.15355083209754491,Low,Managerial / Team Review
28,Male,Divorced,2,Medical,Human Resources,Human Resources,1,Travel_Rarely,6,5,1,0,4,1,6,4,2,2,4,3,0,0.0,0.2,1.2,0.8,1,Cluster 1,0.04388888888888889,Low,0.4687777777777778,Medium,0.351810320206514,Medium,Career Development Discussion
22,Male,Married,2,Life Sciences,Research & Development,Manufacturing Director,2,Travel_Rarely,4,2,2,2,2,6,2,4,2,4,1,1,0,1.0,1.0,1.0,1.0,2,Cluster 2,0.47444444444444445,Medium,0.8115555555555556,High,0.7560450925468226,High,Training / Skill Development
44,Male,Married,4,Life Sciences,Research & Development,Laboratory Technician,1,Travel_Rarely,10,3,2,0,2,2,2,4,4,1,3,2,0,0.0,0.6666666666666666,0.6666666666666666,0.6666666666666666,1,Cluster 1,0.12777777777777777,Low,0.6699999999999999,High,0.5793038391827319,Medium,Training / Skill Development
42,Male,Single,1,Medical,Research & Development,Research Scientist,1,Travel_Frequently,8,2,1,2,2,5,2,4,3,2,4,3,0,1.0,0.5,1.0,1.0,2,Cluster 2,0.38555555555555554,Medium,0.6437777777777778,Medium,0.6107578403910583,Medium,Career Development Discussion
36,Male,Married,3,Life Sciences,Human Resources,Human Resources,1,Travel_Rarely,6,5,4,0,3,0,3,1,2,1,3,3,0,0.0,0.8,0.6,0.6,1,Cluster 1,0.17555555555555555,Low,0.725111111111111,High,0.462490910089526,Medium,Training / Skill Development
25,Male,Married,1,Other,Sales,Sales Executive,2,Travel_Rarely,5,5,3,0,3,1,3,1,3,3,4,3,0,0.0,0.6,0.6,0.6,1,Cluster 1,0.13166666666666665,Low,0.6563333333333333,Medium,0.4216082550667326,Medium,Career Rotation
35,Female,Married,3,Life Sciences,Research & Development,Manufacturing Director,3,Travel_Rarely,17,17,14,5,15,1,2,3,2,4,2,3,0,0.29411764705882354,0.8235294117647058,0.11764705882352941,0.8823529411764706,3,Cluster 3,0.5081699346405228,Medium,0.8388888888888888,High,0.681338221563135,High,Training / Skill Development
35,Female,Divorced,4,Life Sciences,Research & Development,Research Scientist,1,Travel_Frequently,10,10,2,7,8,1,3,2,3,4,1,2,1,0.7,0.2,0.3,0.8,2,Cluster 2,0.3961111111111111,Medium,0.6142222222222221,Medium,0.44750966661174274,Medium,Career Development Discussion
32,Male,Divorced,3,Life Sciences,Research & Development,Laboratory Technician,1,Non-Travel,4,3,0,0,2,0,2,4,3,4,2,3,0,0.0,0.0,0.6666666666666666,0.6666666666666666,1,Cluster 1,0.0,Low,0.4444444444444444,Medium,0.30473444279672657,Low,Career Development Discussion
25,Male,Married,1,Marketing,Sales,Sales Executive,2,Travel_Rarely,5,5,2,0,3,1,1,1,2,3,1,4,0,0.0,0.4,0.2,0.6,1,Cluster 1,0.08777777777777777,Low,0.6208888888888888,Medium,0.31941401658702695,Low,Career Development Discussion
49,Female,Married,3,Technical Degree,Research & Development,Research Scientist,1,Travel_Rarely,7,4,2,0,2,2,2,1,3,3,2,3,0,0.0,0.5,0.5,0.5,1,Cluster 1,0.10277777777777777,Low,0.6288888888888888,Medium,0.3735325698907014,Medium,Career Development Discussion
24,Male,Married,1,Life Sciences,Research & Development,Laboratory Technician,1,Non-Travel,6,5,2,3,4,0,2,4,2,1,4,2,0,0.6,0.4,0.4,0.8,2,Cluster 2,0.30777777777777776,Low,0.6482222222222223,Medium,0.5098051848190257,Medium,Career Development Discussion
32,Male,Married,2,Life Sciences,Sales,Sales Executive,2,Travel_Frequently,10,10,8,5,3,1,3,2,3,2,4,3,0,0.5,0.8,0.3,0.3,2,Cluster 2,0.47277777777777774,Medium,0.8095555555555556,High,0.601890454220904,Medium,Training / Skill Development
38,Male,Married,3,Marketing,Sales,Sales Representative,1,Travel_Rarely,3,2,2,1,2,0,3,2,2,2,4,3,0,0.5,1.0,1.5,1.0,2,Cluster 2,0.32611111111111113,Low,0.7402222222222222,High,0.6334185478112814,Medium,Training / Skill Development
42,Female,Married,3,Life Sciences,Research & Development,Laboratory Technician,2,Travel_Rarely,17,5,3,1,3,2,1,4,4,3,2,2,0,0.2,0.6,0.2,0.6,1,Cluster 1,0.20500000000000002,Low,0.7043333333333334,High,0.5846529082221124,Medium,Training / Skill Development
31,Male,Married,4,Life Sciences,Research & Development,Research Scientist,1,Travel_Rarely,8,6,4,0,2,3,2,4,3,4,2,3,0,0.0,0.6666666666666666,0.3333333333333333,0.3333333333333333,1,Cluster 1,0.15555555555555556,Low,0.7033333333333333,High,0.526325589059153,Medium,Training / Skill Development
29,Female,Divorced,3,Medical,Sales,Sales Representative,1,Travel_Rarely,5,3,2,0,2,6,3,3,2,2,3,3,1,0.0,0.6666666666666666,1.0,0.6666666666666666,1,Cluster 1,0.12777777777777777,Low,0.6422222222222222,Medium,0.47484126984126984,Medium,Career Rotation
53,Male,Married,3,Marketing,Sales,Sales Executive,4,Travel_Rarely,28,2,0,2,2,5,3,4,3,1,3,3,0,1.0,0.0,1.5,1.0,2,Cluster 2,0.29666666666666663,Low,0.43433333333333335,Medium,0.4254434008897676,Medium,Career Development Discussion
35,Male,Married,3,Technical Degree,Research & Development,Manufacturing Director,3,Travel_Rarely,16,13,10,4,8,3,2,2,2,4,1,3,0,0.3076923076923077,0.7692307692307693,0.15384615384615385,0.6153846153846154,3,Cluster 3,0.4245299145299145,Medium,0.8028547008547009,High,0.576852406724379,Medium,Training / Skill Development
37,Female,Married,2,Medical,Sales,Sales Representative,1,Travel_Frequently,10,5,4,0,0,5,3,4,3,3,2,3,0,0.0,0.8,0.6,0.0,1,Cluster 1,0.17555555555555555,Low,0.725111111111111,High,0.5358242434228593,Medium,Training / Skill Development
53,Female,Single,4,Life Sciences,Research & Development,Research Director,4,Travel_Rarely,33,12,9,3,8,6,0,4,3,4,3,3,0,0.25,0.75,0.0,0.6666666666666666,3,Cluster 3,0.37,Medium,0.7989999999999999,High,0.6601946778711484,High,Training / Skill Development
43,Female,Married,3,Life Sciences,Research & Development,Healthcare Representative,2,Travel_Frequently,12,5,2,2,2,4,2,4,3,4,2,2,0,0.4,0.4,0.4,0.4,1,Cluster 1,0.23444444444444446,Low,0.6335555555555555,Medium,0.47878228154006697,Medium,Career Development Discussion
47,Female,Married,2,Marketing,Sales,Sales Executive,2,Travel_Rarely,8,7,6,7,7,0,2,4,3,3,1,3,0,1.0,0.8571428571428571,0.2857142857142857,1.0,2,Cluster 2,0.6252380952380951,Medium,0.8583809523809524,High,0.8064248522938586,High,Training / Skill Development
37,Male,Single,2,Medical,Sales,Sales Executive,3,Non-Travel,10,10,0,0,9,1,2,2,3,1,4,3,0,0.0,0.0,0.2,0.9,1,Cluster 1,0.0,Low,0.48333333333333334,Medium,0.26764870654144013,Low,Career Development Discussion
50,Male,Divorced,4,Life Sciences,Research & Development,Manager,4,Non-Travel,31,31,6,14,7,1,3,1,3,1,4,3,0,0.45161290322580644,0.1935483870967742,0.0967741935483871,0.22580645161290322,3,Cluster 3,0.5519354838709677,Medium,0.6603870967741936,High,0.4093078893796608,Medium,Training / Skill Development
39,Female,Married,3,Life Sciences,Human Resources,Human Resources,2,Travel_Rarely,13,5,4,0,4,8,2,4,2,4,3,3,0,0.0,0.8,0.4,0.8,1,Cluster 1,0.17555555555555555,Low,0.7417777777777778,High,0.5851684516944032,Medium,Training / Skill Development
33,Male,Divorced,2,Human Resources,Human Resources,Human Resources,1,Travel_Rarely,7,4,3,0,3,3,4,2,3,4,3,4,0,0.0,0.75,1.0,0.75,1,Cluster 1,0.15416666666666665,Low,0.6725,High,0.5167888037567968,Medium,Training / Skill Development
32,Male,Single,4,Life Sciences,Research & Development,Laboratory Technician,1,Travel_Rarely,1,1,0,0,1,1,2,4,3,1,3,1,1,0.0,0.0,2.0,1.0,0,Cluster 0,0.0,Low,0.33333333333333337,Medium,0.32021749876421157,Low,Career Development Discussion
29,Female,Divorced,1,Medical,Research & Development,Laboratory Technician,1,Travel_Rarely,8,4,3,0,3,6,5,4,2,1,3,3,0,0.0,0.75,1.25,0.75,1,Cluster 1,0.15416666666666665,Low,0.6516666666666667,Medium,0.5467752100840336,Medium,Career Rotation
44,Male,Married,2,Life Sciences,Research & Development,Research Scientist,1,Travel_Rarely,8,8,7,7,1,1,0,1,3,2,4,3,0,0.875,0.875,0.0,0.125,2,Cluster 2,0.6105555555555555,Medium,0.884611111111111,High,0.6231983165815345,Medium,Training / Skill Development
28,Male,Single,4,Medical,Sales,Sales Executive,2,Travel_Rarely,4,4,2,0,2,1,3,4,3,1,2,3,0,0.0,0.5,0.75,0.5,1,Cluster 1,0.10277777777777777,Low,0.6080555555555556,Medium,0.47018564288460474,Medium,Career Development Discussion
58,Male,Divorced,1,Life Sciences,Research & Development,Laboratory Technician,1,Travel_Frequently,3,1,0,0,0,9,3,4,2,4,4,2,1,0.0,0.0,3.0,0.0,0,Cluster 0,0.0,Low,0.25,Low,0.173496457406492,Low,Managerial / Team Review
43,Female,Divorced,3,Life Sciences,Research & Development,Manufacturing Director,2,Travel_Rarely,4,1,0,0,0,4,2,2,3,1,3,4,0,0.0,0.0,2.0,0.0,0,Cluster 0,0.0,Low,0.33333333333333337,Medium,0.15355083209754491,Low,Managerial / Team Review
20,Female,Single,3,Medical,Sales,Sales Representative,1,Travel_Rarely,2,2,2,0,2,1,3,3,2,3,4,2,1,0.0,1.0,1.5,1.0,1,Cluster 1,0.17777777777777776,Low,0.7105555555555556,High,0.6174858570879332,Medium,Training / Skill Development
21,Female,Single,1,Other,Research & Development,Research Scientist,1,Travel_Rarely,1,1,0,0,0,1,3,4,3,4,1,2,1,0.0,0.0,3.0,0.0,0,Cluster 0,0.0,Low,0.25,Low,0.20682979073982535,Low,Managerial / Team Review
36,Male,Married,1,Life Sciences,Research & Development,Healthcare Representative,2,Travel_Rarely,17,16,8,4,11,0,2,4,3,3,1,2,0,0.25,0.5,0.125,0.6875,3,Cluster 3,0.34194444444444444,Medium,0.7079722222222222,High,0.5767375048058438,Medium,Training / Skill Development
47,Female,Single,4,Life Sciences,Sales,Sales Representative,1,Travel_Rarely,3,3,2,1,2,1,3,4,2,4,1,2,0,0.3333333333333333,0.6666666666666666,1.0,0.6666666666666666,1,Cluster 1,0.2344444444444444,Low,0.6635555555555556,High,0.5436018564288461,Medium,Training / Skill Development
22,Female,Married,1,Life Sciences,Research & Development,Manufacturing Director,2,Travel_Rarely,4,3,2,0,2,0,3,3,3,2,1,4,1,0.0,0.6666666666666666,1.0,0.6666666666666666,1,Cluster 1,0.12777777777777777,Low,0.6422222222222222,Medium,0.5081746031746032,Medium,Career Rotation
41,Female,Divorced,4,Life Sciences,Research & Development,Laboratory Technician,1,Travel_Rarely,10,7,7,1,0,4,1,4,1,2,3,2,1,0.14285714285714285,1.0,0.14285714285714285,0.0,1,Cluster 1,0.30626984126984125,Low,0.8493492063492063,High,0.5783310226051205,Medium,Training / Skill Development
28,Female,Divorced,3,Medical,Research & Development,Research Scientist,1,Travel_Rarely,6,2,2,2,2,5,2,3,3,3,2,3,0,1.0,1.0,1.0,1.0,2,Cluster 2,0.47444444444444445,Medium,0.8115555555555556,High,0.7560450925468226,High,Training / Skill Development
39,Male,Married,3,Medical,Research & Development,Laboratory Technician,1,Travel_Rarely,8,2,2,2,2,7,2,1,3,4,4,1,1,1.0,1.0,1.0,1.0,2,Cluster 2,0.47444444444444445,Medium,0.8115555555555556,High,0.689378425880156,High,Training / Skill Development
27,Female,Single,3,Life Sciences,Research & Development,Research Scientist,1,Travel_Rarely,1,1,1,0,0,1,2,3,3,2,3,3,0,0.0,1.0,2.0,0.0,0,Cluster 0,0.1638888888888889,Low,0.6661111111111111,High,0.5395124128082606,Medium,Training / Skill Development
34,Male,Divorced,3,Life Sciences,Research & Development,Laboratory Technician,1,Travel_Rarely,1,1,0,1,0,1,3,2,3,2,2,3,0,1.0,0.0,3.0,0.0,0,Cluster 0,0.2733333333333333,Low,0.30466666666666664,Low,0.23094546053715603,Low,Managerial / Team Review
42,Female,Single,2,Medical,Sales,Sales Executive,2,Travel_Rarely,10,5,4,0,3,7,6,3,2,3,1,3,0,0.0,0.8,1.2,0.6,1,Cluster 1,0.17555555555555555,Low,0.6751111111111111,High,0.5211249519415609,Medium,Training / Skill Development
33,Male,Single,4,Other,Research & Development,Research Scientist,1,Travel_Rarely,6,3,2,0,2,3,1,1,2,3,2,3,0,0.0,0.6666666666666666,0.3333333333333333,0.6666666666666666,1,Cluster 1,0.12777777777777777,Low,0.6977777777777777,High,0.4170997418575273,Medium,Training / Skill Development
58,Female,Divorced,3,Technical Degree,Research & Development,Healthcare Representative,3,Travel_Rarely,24,6,0,0,4,2,3,2,2,3,4,3,0,0.0,0.0,0.5,0.6666666666666666,1,Cluster 1,0.0,Low,0.4583333333333333,Medium,0.20696572746745756,Low,Career Development Discussion
31,Male,Married,4,Life Sciences,Sales,Sales Representative,1,Travel_Rarely,13,7,7,5,2,3,2,3,2,2,2,4,0,0.7142857142857143,1.0,0.2857142857142857,0.2857142857142857,2,Cluster 2,0.5424603174603174,Medium,0.8846825396825396,High,0.6834359822360316,High,Training / Skill Development
35,Female,Married,1,Life Sciences,Research & Development,Healthcare Representative,2,Travel_Rarely,10,10,6,0,7,1,2,4,3,4,4,1,0,0.0,0.6,0.2,0.7,1,Cluster 1,0.17333333333333334,Low,0.698,High,0.5508021090789257,Medium,Training / Skill Development
49,Female,Married,2,Other,Research & Development,Laboratory Technician,3,Travel_Rarely,29,26,9,1,7,4,3,2,3,1,3,2,0,0.038461538461538464,0.34615384615384615,0.11538461538461539,0.2692307692307692,3,Cluster 3,0.20987179487179486,Low,0.6362051282051282,Medium,0.37863101892340645,Medium,Managerial / Team Review
48,Male,Married,4,Medical,Research & Development,Research Scientist,1,Travel_Rarely,13,0,0,0,0,4,2,3,3,4,1,2,0,0.0,0.0,2.0,0.0,0,Cluster 0,0.0,Low,0.33333333333333337,Medium,0.18688416543087827,Low,Managerial / Team Review
31,Female,Married,2,Marketing,Sales,Sales Executive,2,Non-Travel,9,9,8,0,0,1,2,3,3,4,4,2,0,0.0,0.8888888888888888,0.2222222222222222,0.0,1,Cluster 1,0.24444444444444444,Low,0.7970370370370371,High,0.556934878526574,Medium,Training / Skill Development
36,Male,Single,4,Other,Research & Development,Research Scientist,1,Travel_Rarely,8,6,2,0,1,2,6,4,3,2,3,3,0,0.0,0.3333333333333333,1.0,0.16666666666666666,0,Cluster 0,0.07777777777777778,Low,0.5322222222222223,Medium,0.37550282858241335,Medium,Managerial / Team Review
38,Female,Married,3,Technical Degree,Research & Development,Research Director,3,Travel_Rarely,15,15,12,5,11,1,3,1,3,4,2,3,0,0.3333333333333333,0.8,0.2,0.7333333333333333,3,Cluster 3,0.48666666666666664,Medium,0.8206666666666667,High,0.6178421486241555,Medium,Training / Skill Development
32,Female,Married,3,Life Sciences,Research & Development,Laboratory Technician,1,Non-Travel,5,3,0,0,2,6,3,2,2,3,3,3,0,0.0,0.0,1.0,0.6666666666666666,1,Cluster 1,0.0,Low,0.4166666666666667,Medium,0.20027187345526443,Low,Career Development Discussion
25,Male,Married,2,Marketing,Sales,Sales Representative,1,Travel_Rarely,1,1,0,0,0,1,2,2,2,3,3,3,1,0.0,0.0,2.0,0.0,0,Cluster 0,0.0,Low,0.33333333333333337,Medium,0.12021749876421156,Low,Managerial / Team Review
40,Male,Divorced,4,Marketing,Sales,Sales Executive,3,Travel_Rarely,11,1,0,0,0,2,2,2,2,1,2,2,0,0.0,0.0,2.0,0.0,0,Cluster 0,0.0,Low,0.33333333333333337,Medium,0.12021749876421156,Low,Managerial / Team Review
26,Male,Single,3,Medical,Sales,Sales Executive,2,Travel_Frequently,7,7,7,0,7,1,2,1,2,3,2,3,0,0.0,1.0,0.2857142857142857,1.0,1,Cluster 1,0.2472222222222222,Low,0.8256349206349205,High,0.5901403110263713,Medium,Training / Skill Development
41,Male,Single,3,Medical,Research & Development,Laboratory Technician,1,Travel_Rarely,20,18,13,2,17,2,3,1,3,4,3,3,0,0.1111111111111111,0.7222222222222222,0.16666666666666666,0.9444444444444444,3,Cluster 3,0.36333333333333334,Medium,0.7754444444444444,High,0.5752437524029219,Medium,Training / Skill Development
36,Male,Single,4,Medical,Research & Development,Laboratory Technician,1,Travel_Rarely,16,11,8,3,9,4,6,3,3,3,3,3,0,0.2727272727272727,0.7272727272727273,0.5454545454545454,0.8181818181818182,1,Cluster 1,0.35838383838383836,Medium,0.7444040404040404,High,0.6240752158260809,Medium,Training / Skill Development
19,Male,Single,3,Other,Sales,Sales Representative,1,Travel_Rarely,1,1,0,0,0,1,3,2,2,4,2,4,1,0.0,0.0,3.0,0.0,0,Cluster 0,0.0,Low,0.25,Low,0.10682979073982535,Low,Managerial / Team Review
20,Male,Single,3,Technical Degree,Research & Development,Laboratory Technician,1,Travel_Rarely,1,1,0,0,0,1,2,1,3,1,2,3,1,0.0,0.0,2.0,0.0,0,Cluster 0,0.0,Low,0.33333333333333337,Medium,0.12021749876421159,Low,Managerial / Team Review
31,Female,Married,3,Medical,Research & Development,Healthcare Representative,2,Travel_Rarely,10,9,7,8,5,0,2,4,3,4,3,1,0,0.8888888888888888,0.7777777777777778,0.2222222222222222,0.5555555555555556,2,Cluster 2,0.6227777777777778,Medium,0.8393703703703703,High,0.7383469453140733,High,Training / Skill Development
40,Male,Divorced,4,Medical,Research & Development,Research Scientist,1,Travel_Frequently,3,1,1,0,0,8,2,2,3,4,4,3,0,0.0,1.0,2.0,0.0,0,Cluster 0,0.1638888888888889,Low,0.6661111111111111,High,0.5061790794749272,Medium,Training / Skill Development
32,Female,Married,4,Medical,Research & Development,Manufacturing Director,2,Travel_Rarely,8,8,7,6,3,1,2,1,3,3,3,4,0,0.75,0.875,0.25,0.375,2,Cluster 2,0.5559722222222222,Medium,0.8528611111111112,High,0.6267225998242434,Medium,Training / Skill Development
36,Male,Married,1,Life Sciences,Sales,Sales Executive,3,Travel_Rarely,16,16,7,3,7,1,6,4,2,3,1,3,1,0.1875,0.4375,0.375,0.4375,3,Cluster 3,0.2797222222222222,Low,0.6559444444444444,Medium,0.47575411242928545,Medium,Career Development Discussion
33,Female,Single,3,Life Sciences,Research & Development,Healthcare Representative,2,Travel_Rarely,6,5,0,1,4,0,3,4,2,2,1,3,0,0.2,0.0,0.6,0.8,1,Cluster 1,0.07333333333333333,Low,0.4646666666666667,Medium,0.30998319327731094,Low,Career Development Discussion
37,Male,Married,4,Life Sciences,Sales,Sales Executive,3,Travel_Rarely,17,14,1,11,7,5,2,3,2,1,3,1,1,0.7857142857142857,0.07142857142857142,0.14285714285714285,0.5,3,Cluster 3,0.4776984126984127,Medium,0.6050634920634921,Medium,0.4083716270822054,Medium,Career Development Discussion
45,Male,Married,2,Life Sciences,Research & Development,Laboratory Technician,2,Non-Travel,9,9,7,0,8,1,5,2,3,3,2,2,0,0.0,0.7777777777777778,0.5555555555555556,0.8888888888888888,1,Cluster 1,0.21388888888888888,Low,0.7298148148148149,High,0.5647465718313469,Medium,Training / Skill Development
29,Female,Married,3,Technical Degree,Sales,Sales Representative,1,Travel_Frequently,3,3,1,0,2,1,5,4,3,3,2,3,0,0.0,0.3333333333333333,1.6666666666666667,0.6666666666666666,1,Cluster 1,0.06388888888888888,Low,0.47388888888888886,Medium,0.4119647662986763,Medium,Career Development Discussion
35,Female,Married,3,Medical,Sales,Sales Executive,2,Travel_Rarely,5,5,2,1,0,1,3,3,3,3,2,3,0,0.2,0.4,0.6,0.0,1,Cluster 1,0.1611111111111111,Low,0.6022222222222223,Medium,0.3784151699895645,Medium,Managerial / Team Review
52,Male,Married,2,Life Sciences,Research & Development,Manager,4,Travel_Rarely,26,9,8,7,8,2,2,4,3,4,2,2,0,0.7777777777777778,0.8888888888888888,0.2222222222222222,0.8888888888888888,3,Cluster 3,0.6022222222222222,Medium,0.8685925925925927,High,0.7979860127057359,High,Training / Skill Development
58,Male,Single,3,Technical Degree,Research & Development,Research Scientist,1,Travel_Rarely,7,1,0,0,0,4,4,3,3,4,1,3,1,0.0,0.0,4.0,0.0,0,Cluster 0,0.0,Low,0.16666666666666669,Low,0.1601087493821058,Low,Managerial / Team Review
53,Male,Divorced,2,Medical,Sales,Manager,4,Travel_Rarely,22,17,13,15,2,6,3,3,3,3,3,4,0,0.8823529411764706,0.7647058823529411,0.17647058823529413,0.11764705882352941,3,Cluster 3,0.8658496732026144,High,0.887875816993464,High,0.7386688781625683,High,Training + Promotion Review
30,Male,Divorced,2,Other,Sales,Sales Executive,3,Travel_Rarely,10,8,4,7,7,5,2,3,3,3,1,4,0,0.875,0.5,0.25,0.875,2,Cluster 2,0.5126388888888889,Medium,0.7316944444444444,High,0.6171735390234525,Medium,Training / Skill Development
38,Female,Single,3,Technical Degree,Sales,Sales Executive,2,Non-Travel,6,5,3,1,3,1,1,4,3,3,2,3,0,0.2,0.6,0.2,0.6,1,Cluster 1,0.20500000000000002,Low,0.7043333333333334,High,0.551319574888779,Medium,Training / Skill Development
35,Male,Divorced,4,Life Sciences,Sales,Sales Executive,3,Travel_Rarely,12,10,9,0,8,6,2,4,3,4,2,3,0,0.0,0.9,0.2,0.8,1,Cluster 1,0.26,Low,0.8053333333333335,High,0.6790454770143352,High,Training / Skill Development
39,Male,Single,5,Life Sciences,Sales,Sales Executive,3,Travel_Rarely,9,8,7,0,7,0,3,3,4,1,4,3,0,0.0,0.875,0.375,0.875,1,Cluster 1,0.22847222222222222,Low,0.7769444444444444,High,0.6662763978140276,High,Training / Skill Development
40,Female,Single,3,Life Sciences,Sales,Sales Executive,4,Non-Travel,22,1,0,0,0,4,2,2,4,2,4,2,1,0.0,0.0,2.0,0.0,0,Cluster 0,0.0,Low,0.33333333333333337,Medium,0.18688416543087824,Low,Managerial / Team Review
47,Male,Divorced,4,Medical,Research & Development,Manufacturing Director,2,Travel_Frequently,20,19,10,2,7,1,3,3,4,3,3,4,0,0.10526315789473684,0.5263157894736842,0.15789473684210525,0.3684210526315789,3,Cluster 3,0.2908187134502924,Low,0.7029005847953217,High,0.5352560669262545,Medium,Training / Skill Development
36,Male,Divorced,4,Technical Degree,Sales,Sales Executive,2,Non-Travel,12,7,7,0,7,4,3,4,3,1,4,3,0,0.0,1.0,0.42857142857142855,1.0,1,Cluster 1,0.2472222222222222,Low,0.8137301587301586,High,0.7215611146419352,High,Training / Skill Development
31,Male,Single,2,Medical,Research & Development,Research Scientist,1,Non-Travel,4,3,2,1,2,0,0,1,2,3,1,3,1,0.3333333333333333,0.6666666666666666,0.0,0.6666666666666666,1,Cluster 1,0.2344444444444444,Low,0.7468888888888888,High,0.45698956445323224,Medium,Training / Skill Development
33,Male,Single,3,Life Sciences,Sales,Manager,4,Non-Travel,10,10,8,6,0,1,2,3,3,4,4,3,0,0.6,0.8,0.2,0.0,2,Cluster 2,0.5211111111111111,Medium,0.8275555555555556,High,0.6226155324875048,Medium,Training / Skill Development
29,Female,Single,3,Life Sciences,Research & Development,Research Scientist,1,Travel_Rarely,3,0,0,0,0,6,5,1,2,4,3,3,1,0.0,0.0,5.0,0.0,0,Cluster 0,0.0,Low,0.08333333333333337,Low,0.04672104135771957,Low,Managerial / Team Review
33,Female,Single,1,Life Sciences,Research & Development,Research Scientist,1,Travel_Rarely,5,3,2,0,2,3,4,4,3,2,1,3,0,0.0,0.6666666666666666,1.3333333333333333,0.6666666666666666,1,Cluster 1,0.12777777777777777,Low,0.6144444444444445,Medium,0.5370453671664744,Medium,Career Rotation
45,Female,Divorced,4,Medical,Research & Development,Laboratory Technician,1,Travel_Rarely,8,5,3,0,2,3,2,4,3,4,4,3,0,0.0,0.6,0.4,0.4,1,Cluster 1,0.13166666666666665,Low,0.673,High,0.5042857966716098,Medium,Training / Skill Development
50,Male,Divorced,2,Medical,Research & Development,Research Director,4,Travel_Rarely,32,5,4,1,3,9,1,4,3,4,3,2,0,0.2,0.8,0.2,0.6,1,Cluster 1,0.24888888888888888,Low,0.7731111111111112,High,0.6255355632449058,Medium,Training / Skill Development
33,Female,Married,4,Other,Research & Development,Healthcare Representative,2,Travel_Frequently,6,6,5,1,2,1,2,2,4,3,1,3,0,0.16666666666666666,0.8333333333333334,0.3333333333333333,0.3333333333333333,1,Cluster 1,0.2594444444444445,Low,0.7741111111111111,High,0.5771962157411984,Medium,Training / Skill Development
41,Male,Divorced,3,Medical,Research & Development,Research Director,5,Travel_Frequently,21,18,16,0,11,2,2,3,3,1,2,4,0,0.0,0.8888888888888888,0.1111111111111111,0.6111111111111112,3,Cluster 3,0.3555555555555555,Medium,0.8285185185185185,High,0.6564369015580087,Medium,Training / Skill Development
27,Female,Married,4,Technical Degree,Research & Development,Laboratory Technician,1,Travel_Rarely,4,2,2,2,2,9,2,2,3,3,2,3,0,1.0,1.0,1.0,1.0,2,Cluster 2,0.47444444444444445,Medium,0.8115555555555556,High,0.7227117592134893,High,Training / Skill Development
45,Male,Married,2,Life Sciences,Research & Development,Laboratory Technician,2,Non-Travel,9,9,8,0,8,1,2,1,3,4,3,3,0,0.0,0.8888888888888888,0.2222222222222222,0.8888888888888888,1,Cluster 1,0.24444444444444444,Low,0.7970370370370371,High,0.5791571007487962,Medium,Training / Skill Development
47,Female,Single,2,Life Sciences,Sales,Sales Executive,2,Travel_Rarely,9,9,0,0,7,1,0,4,3,4,3,3,0,0.0,0.0,0.0,0.7777777777777778,1,Cluster 1,0.0,Low,0.5,Medium,0.32477069259076174,Low,Career Development Discussion
30,Female,Married,3,Life Sciences,Research & Development,Research Scientist,1,Travel_Rarely,7,5,2,0,1,4,2,3,3,1,2,3,1,0.0,0.4,0.4,0.2,1,Cluster 1,0.08777777777777777,Low,0.6042222222222222,Medium,0.3767364749821497,Medium,Managerial / Team Review
50,Male,Married,3,Life Sciences,Research & Development,Manufacturing Director,4,Travel_Rarely,22,12,11,1,5,3,2,3,3,4,4,3,0,0.08333333333333333,0.9166666666666666,0.16666666666666666,0.4166666666666667,3,Cluster 3,0.33444444444444443,Medium,0.828,High,0.6375202669303015,Medium,Training / Skill Development
38,Male,Married,1,Medical,Research & Development,Research Scientist,1,Travel_Frequently,3,2,1,0,2,0,0,3,3,3,2,2,0,0.0,0.5,0.0,1.0,1,Cluster 1,0.08888888888888888,Low,0.6677777777777778,High,0.4922801669687482,Medium,Training / Skill Development
46,Male,Divorced,2,Medical,Research & Development,Manufacturing Director,3,Travel_Rarely,13,8,7,0,7,6,3,3,3,4,2,3,0,0.0,0.875,0.375,0.875,1,Cluster 1,0.22847222222222222,Low,0.7769444444444444,High,0.6329430644806943,Medium,Training / Skill Development
24,Female,Divorced,1,Medical,Research & Development,Manufacturing Director,2,Travel_Rarely,5,4,2,3,2,1,6,3,2,4,2,3,0,0.75,0.5,1.5,0.5,2,Cluster 2,0.36027777777777775,Medium,0.5970555555555556,Medium,0.4790017987587192,Medium,Career Development Discussion
35,Male,Divorced,4,Other,Research & Development,Laboratory Technician,1,Travel_Rarely,5,4,2,0,2,1,2,2,2,3,4,1,1,0.0,0.5,0.5,0.5,1,Cluster 1,0.10277777777777777,Low,0.6288888888888888,Medium,0.3735325698907013,Medium,Career Development Discussion
31,Female,Married,1,Life Sciences,Research & Development,Manufacturing Director,2,Travel_Frequently,4,4,3,0,3,1,1,1,3,3,3,3,0,0.0,0.75,0.25,0.75,1,Cluster 1,0.15416666666666665,Low,0.735,High,0.49349625144175313,Medium,Training / Skill Development
18,Male,Single,2,Life Sciences,Research & Development,Research Scientist,1,Non-Travel,0,0,0,0,0,1,2,4,3,2,4,3,0,0.0,0.0,2.0,0.0,0,Cluster 0,0.0,Low,0.33333333333333337,Medium,0.2202174987642116,Low,Managerial / Team Review
54,Female,Married,3,Technical Degree,Research & Development,Manufacturing Director,3,Travel_Rarely,22,10,7,0,8,8,2,3,3,3,3,3,0,0.0,0.7,0.2,0.8,1,Cluster 1,0.2022222222222222,Low,0.7337777777777778,High,0.5668832317240622,Medium,Training / Skill Development
35,Female,Divorced,4,Medical,Research & Development,Healthcare Representative,3,Travel_Rarely,16,16,10,10,1,1,3,3,3,3,3,2,0,0.625,0.625,0.1875,0.0625,3,Cluster 3,0.6222222222222222,Medium,0.7963194444444445,High,0.610430706596364,Medium,Training / Skill Development
30,Female,Married,2,Life Sciences,Research & Development,Research Director,3,Travel_Rarely,9,8,7,1,7,0,4,1,4,2,3,2,0,0.125,0.875,0.5,0.875,1,Cluster 1,0.2830555555555555,Low,0.7774444444444444,High,0.6160650573955071,Medium,Training / Skill Development
20,Female,Single,3,Medical,Research & Development,Research Scientist,1,Travel_Rarely,1,1,0,0,0,1,2,1,2,4,1,3,1,0.0,0.0,2.0,0.0,0,Cluster 0,0.0,Low,0.33333333333333337,Medium,0.08688416543087824,Low,Managerial / Team Review
30,Female,Single,3,Medical,Research & Development,Laboratory Technician,1,Travel_Frequently,4,3,2,1,2,0,3,2,3,2,1,3,1,0.3333333333333333,0.6666666666666666,1.0,0.6666666666666666,1,Cluster 1,0.2344444444444444,Low,0.6635555555555556,High,0.5102685230955127,Medium,Training / Skill Development
26,Male,Married,2,Medical,Research & Development,Manufacturing Director,2,Travel_Rarely,8,8,7,1,3,1,2,4,4,4,2,3,0,0.125,0.875,0.25,0.375,1,Cluster 1,0.2830555555555555,Low,0.7982777777777778,High,0.6694119844016037,High,Training / Skill Development
22,Male,Married,1,Life Sciences,Research & Development,Laboratory Technician,1,Travel_Rarely,4,4,3,1,1,1,3,1,1,2,1,2,0,0.25,0.75,0.75,0.25,1,Cluster 1,0.24,Low,0.7105,High,0.39864359861591697,Medium,Training / Skill Development
48,Male,Single,3,Life Sciences,Research & Development,Healthcare Representative,2,Travel_Rarely,19,2,2,2,2,2,0,3,2,1,4,3,0,1.0,1.0,0.0,1.0,2,Cluster 2,0.47444444444444445,Medium,0.894888888888889,High,0.7360994672378754,High,Training / Skill Development
48,Male,Single,4,Life Sciences,Research & Development,Healthcare Representative,3,Travel_Rarely,27,15,11,4,8,7,3,3,2,3,2,3,0,0.26666666666666666,0.7333333333333333,0.2,0.5333333333333333,3,Cluster 3,0.42277777777777775,Medium,0.7878888888888889,High,0.5900763168012303,Medium,Training / Skill Development
41,Female,Single,2,Medical,Research & Development,Manufacturing Director,2,Travel_Rarely,8,2,2,2,1,6,6,3,3,4,2,3,0,1.0,1.0,3.0,0.5,2,Cluster 2,0.47444444444444445,Medium,0.644888888888889,Medium,0.6792696764980501,High,Career Rotation
39,Female,Married,1,Life Sciences,Research & Development,Manufacturing Director,4,Travel_Rarely,21,21,6,11,8,1,3,4,2,4,3,3,0,0.5238095238095238,0.2857142857142857,0.14285714285714285,0.38095238095238093,3,Cluster 3,0.5138095238095237,Medium,0.6765714285714285,High,0.5056928889202739,Medium,Training / Skill Development
27,Female,Married,4,Life Sciences,Research & Development,Manufacturing Director,2,Travel_Rarely,4,3,2,2,2,0,2,4,3,1,2,3,0,0.6666666666666666,0.6666666666666666,0.6666666666666666,0.6666666666666666,2,Cluster 2,0.3411111111111111,Medium,0.7126666666666666,High,0.6168250123578842,Medium,Training / Skill Development
35,Male,Divorced,3,Other,Research & Development,Laboratory Technician,1,Travel_Rarely,3,3,2,1,2,1,4,4,3,2,1,2,0,0.3333333333333333,0.6666666666666666,1.3333333333333333,0.6666666666666666,1,Cluster 1,0.2344444444444444,Low,0.6357777777777778,Medium,0.5724726204207172,Medium,Career Rotation
42,Male,Married,2,Marketing,Sales,Manager,5,Travel_Rarely,21,1,0,0,0,6,3,3,3,4,2,4,0,0.0,0.0,3.0,0.0,0,Cluster 0,0.0,Low,0.25,Low,0.17349645740649203,Low,Managerial / Team Review
50,Male,Married,3,Life Sciences,Research & Development,Laboratory Technician,1,Travel_Rarely,8,1,0,0,0,4,5,4,3,1,2,3,0,0.0,0.0,5.0,0.0,0,Cluster 0,0.0,Low,0.08333333333333337,Low,0.1800543746910529,Low,Managerial / Team Review
59,Female,Single,3,Life Sciences,Research & Development,Manufacturing Director,4,Travel_Rarely,30,5,3,4,3,3,4,4,2,3,1,3,0,0.8,0.6,0.8,0.6,2,Cluster 2,0.42499999999999993,Medium,0.6983333333333333,High,0.5830223265776898,Medium,Training / Skill Development
37,Female,Married,2,Medical,Research & Development,Healthcare Representative,2,Travel_Rarely,15,1,0,0,0,5,2,2,1,1,1,1,1,0.0,0.0,2.0,0.0,0,Cluster 0,0.0,Low,0.33333333333333337,Medium,0.08688416543087824,Low,Managerial / Team Review
55,Male,Married,4,Medical,Research & Development,Healthcare Representative,2,Travel_Frequently,17,8,7,6,7,3,3,2,3,3,4,3,0,0.75,0.875,0.375,0.875,2,Cluster 2,0.5559722222222222,Medium,0.8424444444444444,High,0.7083824696545284,High,Training / Skill Development
41,Female,Divorced,1,Life Sciences,Research & Development,Research Director,5,Non-Travel,21,21,16,5,10,1,3,3,1,2,2,3,0,0.23809523809523808,0.7619047619047619,0.14285714285714285,0.47619047619047616,3,Cluster 3,0.5126984126984127,Medium,0.819206349206349,High,0.5901789735502043,Medium,Training / Skill Development
38,Male,Single,4,Life Sciences,Sales,Sales Executive,2,Travel_Rarely,19,1,0,0,0,8,1,4,3,2,3,3,0,0.0,0.0,1.0,0.0,0,Cluster 0,0.0,Low,0.4166666666666667,Medium,0.2336052067885978,Low,Managerial / Team Review
26,Male,Single,2,Medical,Sales,Sales Executive,2,Non-Travel,7,2,2,2,2,8,6,1,1,2,4,3,1,1.0,1.0,3.0,1.0,2,Cluster 2,0.47444444444444445,Medium,0.644888888888889,Medium,0.5959363431647169,Medium,Career Rotation
52,Female,Married,1,Marketing,Sales,Manager,5,Travel_Rarely,33,32,14,6,9,1,3,4,1,1,4,3,1,0.1875,0.4375,0.09375,0.28125,3,Cluster 3,0.4469444444444444,Medium,0.7128263888888888,High,0.4861006721315977,Medium,Training / Skill Development
44,Female,Married,3,Medical,Sales,Sales Executive,4,Travel_Rarely,23,12,11,11,11,3,2,4,4,4,3,3,0,0.9166666666666666,0.9166666666666666,0.16666666666666666,0.9166666666666666,3,Cluster 3,0.776111111111111,High,0.9163333333333332,High,0.9008779041028175,High,Training + Promotion Review
50,Female,Married,3,Life Sciences,Sales,Sales Executive,2,Non-Travel,19,18,7,0,13,0,3,3,3,4,1,3,0,0.0,0.3888888888888889,0.16666666666666666,0.7222222222222222,3,Cluster 3,0.15555555555555556,Low,0.6338888888888888,Medium,0.451280276816609,Medium,Career Development Discussion
36,Female,Single,4,Life Sciences,Research & Development,Laboratory Technician,1,Travel_Rarely,18,17,13,15,14,1,1,1,4,3,3,3,1,0.8823529411764706,0.7647058823529411,0.058823529411764705,0.8235294117647058,3,Cluster 3,0.8658496732026144,High,0.8976797385620915,High,0.7774988045968099,High,Training + Promotion Review
39,Female,Single,3,Medical,Research & Development,Manufacturing Director,3,Travel_Frequently,21,21,6,2,8,1,2,1,3,4,3,3,0,0.09523809523809523,0.2857142857142857,0.09523809523809523,0.38095238095238093,3,Cluster 3,0.19666666666666666,Low,0.6171111111111112,Medium,0.3343309166803976,Medium,Career Development Discussion
33,Female,Single,1,Life Sciences,Sales,Sales Representative,1,Non-Travel,3,2,2,2,2,0,2,4,2,2,4,2,0,1.0,1.0,1.0,1.0,2,Cluster 2,0.47444444444444445,Medium,0.8115555555555556,High,0.7560450925468226,High,Training / Skill Development
45,Female,Married,2,Life Sciences,Sales,Manager,4,Travel_Rarely,26,9,3,1,1,3,4,4,3,4,2,4,0,0.1111111111111111,0.3333333333333333,0.4444444444444444,0.1111111111111111,1,Cluster 1,0.14277777777777778,Low,0.5915185185185186,Medium,0.39897337104776553,Medium,Managerial / Team Review
32,Female,Single,4,Medical,Research & Development,Laboratory Technician,1,Non-Travel,10,8,7,7,7,9,2,3,3,4,2,3,0,0.875,0.875,0.25,0.875,2,Cluster 2,0.6105555555555555,Medium,0.8637777777777778,High,0.7615180562421047,High,Training / Skill Development
34,Male,Divorced,4,Marketing,Sales,Sales Executive,2,Travel_Rarely,16,15,1,0,9,0,2,4,4,2,4,2,0,0.0,0.06666666666666667,0.13333333333333333,0.6,1,Cluster 1,0.02388888888888889,Low,0.5136666666666666,Medium,0.36635516559564996,Medium,Career Development Discussion
59,Male,Married,2,Technical Degree,Sales,Manager,3,Travel_Rarely,14,6,4,0,4,3,1,4,3,2,3,1,0,0.0,0.6666666666666666,0.16666666666666666,0.6666666666666666,1,Cluster 1,0.15555555555555556,Low,0.7172222222222222,High,0.5618902070632174,Medium,Training / Skill Development
45,Male,Single,4,Medical,Human Resources,Human Resources,1,Travel_Rarely,6,6,3,0,4,1,3,2,3,2,1,3,0,0.0,0.5,0.5,0.6666666666666666,1,Cluster 1,0.11666666666666667,Low,0.6316666666666666,Medium,0.4281454934915142,Medium,Career Development Discussion
53,Female,Married,3,Marketing,Sales,Sales Executive,3,Travel_Frequently,30,15,7,6,12,2,2,2,2,3,1,3,0,0.4,0.4666666666666667,0.13333333333333333,0.8,3,Cluster 3,0.4072222222222222,Medium,0.7103333333333333,High,0.49961682319986817,Medium,Training / Skill Development
36,Male,Divorced,3,Other,Research & Development,Laboratory Technician,2,Travel_Rarely,9,1,0,0,0,7,3,3,3,1,2,2,1,0.0,0.0,3.0,0.0,0,Cluster 0,0.0,Low,0.25,Low,0.17349645740649203,Low,Managerial / Team Review
26,Male,Married,3,Life Sciences,Research & Development,Research Scientist,1,Travel_Frequently,6,3,2,1,2,6,2,1,3,1,2,3,1,0.3333333333333333,0.6666666666666666,0.6666666666666666,0.6666666666666666,1,Cluster 1,0.2344444444444444,Low,0.6913333333333332,High,0.48139775910364146,Medium,Training / Skill Development
34,Female,Married,4,Life Sciences,Sales,Sales Representative,1,Travel_Rarely,1,1,1,0,0,1,2,3,3,3,4,3,0,0.0,1.0,2.0,0.0,0,Cluster 0,0.1638888888888889,Low,0.6661111111111111,High,0.5395124128082606,Medium,Training / Skill Development
28,Male,Married,1,Medical,Sales,Sales Representative,1,Travel_Rarely,1,1,0,0,0,1,5,2,3,4,2,3,0,0.0,0.0,5.0,0.0,0,Cluster 0,0.0,Low,0.08333333333333337,Low,0.11338770802438625,Low,Managerial / Team Review
38,Male,Married,4,Other,Research & Development,Research Scientist,1,Travel_Frequently,8,2,2,2,2,3,2,3,3,3,1,3,0,1.0,1.0,1.0,1.0,2,Cluster 2,0.47444444444444445,Medium,0.8115555555555556,High,0.7560450925468226,High,Training / Skill Development
50,Male,Married,4,Medical,Research & Development,Research Director,5,Travel_Rarely,29,8,1,7,7,2,2,3,3,2,4,2,0,0.875,0.125,0.25,0.875,3,Cluster 3,0.4147222222222222,Medium,0.5996111111111112,Medium,0.47282902180480035,Medium,Career Development Discussion
37,Female,Single,3,Other,Research & Development,Healthcare Representative,2,Travel_Rarely,8,4,3,0,1,3,3,2,3,4,1,2,0,0.0,0.75,0.75,0.25,1,Cluster 1,0.15416666666666665,Low,0.6933333333333334,High,0.4701357307628934,Medium,Training / Skill Development
40,Male,Married,3,Marketing,Sales,Sales Executive,2,Travel_Rarely,8,7,7,7,5,1,3,1,3,3,2,2,0,1.0,1.0,0.42857142857142855,0.7142857142857143,2,Cluster 2,0.6605555555555556,High,0.8963968253968253,High,0.7302702924306976,High,Training + Promotion Review
26,Female,Divorced,1,Medical,Research & Development,Research Scientist,1,Travel_Frequently,5,5,3,1,3,1,5,3,2,1,3,3,0,0.2,0.6,1.0,0.6,1,Cluster 1,0.20500000000000002,Low,0.6376666666666667,Medium,0.47394274180260343,Medium,Career Rotation
46,Male,Divorced,4,Medical,Research & Development,Research Director,5,Travel_Rarely,23,2,2,2,2,9,0,4,3,4,4,3,0,1.0,1.0,0.0,1.0,2,Cluster 2,0.47444444444444445,Medium,0.894888888888889,High,0.8027661339045421,High,Training / Skill Development
54,Female,Married,4,Life Sciences,Sales,Sales Executive,3,Travel_Rarely,13,9,4,7,0,6,4,3,2,3,2,3,0,0.7777777777777778,0.4444444444444444,0.4444444444444444,0.0,2,Cluster 2,0.48,Medium,0.6922962962962963,High,0.4663302392852565,Medium,Training / Skill Development
56,Female,Married,3,Medical,Research & Development,Research Scientist,1,Travel_Frequently,18,5,4,0,3,2,4,3,3,1,2,3,0,0.0,0.8,0.8,0.6,1,Cluster 1,0.17555555555555555,Low,0.7084444444444444,High,0.5598133684846487,Medium,Training / Skill Development
36,Female,Single,5,Medical,Research & Development,Manufacturing Director,3,Travel_Rarely,15,14,8,7,8,0,2,4,2,4,2,2,0,0.5,0.5714285714285714,0.14285714285714285,0.5714285714285714,3,Cluster 3,0.4851587301587301,Medium,0.7565555555555555,High,0.6004234909650135,Medium,Training / Skill Development
55,Male,Single,1,Medical,Research & Development,Manager,4,Non-Travel,31,9,7,6,2,7,3,1,2,3,2,4,0,0.6666666666666666,0.7777777777777778,0.3333333333333333,0.2222222222222222,3,Cluster 3,0.5205555555555555,Medium,0.8096666666666666,High,0.5362416378316032,Medium,Training / Skill Development
43,Male,Divorced,3,Medical,Sales,Sales Executive,3,Travel_Rarely,18,1,0,0,0,5,5,4,2,3,3,3,0,0.0,0.0,5.0,0.0,0,Cluster 0,0.0,Low,0.08333333333333337,Low,0.14672104135771957,Low,Managerial / Team Review
20,Female,Single,3,Marketing,Sales,Sales Representative,1,Travel_Frequently,2,2,2,0,2,1,3,4,3,4,2,3,1,0.0,1.0,1.5,1.0,1,Cluster 1,0.17777777777777776,Low,0.7105555555555556,High,0.6841525237545999,High,Training / Skill Development
21,Female,Single,3,Life Sciences,Research & Development,Laboratory Technician,1,Travel_Rarely,1,1,0,1,0,1,6,1,2,3,1,2,1,1.0,0.0,6.0,0.0,0,Cluster 0,0.2733333333333333,Low,0.05466666666666667,Low,0.12411566979733069,Low,Managerial / Team Review
46,Female,Divorced,4,Life Sciences,Research & Development,Research Scientist,2,Travel_Rarely,19,16,13,1,7,8,2,1,2,4,1,3,0,0.0625,0.8125,0.125,0.4375,3,Cluster 3,0.3413888888888889,Medium,0.801611111111111,High,0.5114058260559126,Medium,Training / Skill Development
51,Male,Married,4,Life Sciences,Research & Development,Research Scientist,1,Travel_Rarely,18,10,0,2,7,9,2,3,3,1,3,4,1,0.2,0.0,0.2,0.7,1,Cluster 1,0.09666666666666666,Low,0.5026666666666667,Medium,0.3130879881364311,Low,Career Development Discussion
28,Male,Single,2,Technical Degree,Research & Development,Healthcare Representative,3,Non-Travel,10,10,7,1,9,1,2,1,2,2,1,2,1,0.1,0.7,0.2,0.9,1,Cluster 1,0.25055555555555553,Low,0.7434444444444445,High,0.49293620585489095,Medium,Training / Skill Development
26,Male,Married,2,Medical,Research & Development,Laboratory Technician,1,Travel_Rarely,6,5,3,1,3,1,2,1,2,1,1,3,0,0.2,0.6,0.4,0.6,1,Cluster 1,0.20500000000000002,Low,0.6876666666666668,High,0.41530869995056846,Medium,Training / Skill Development
30,Male,Married,3,Other,Research & Development,Manufacturing Director,2,Travel_Rarely,7,6,2,0,2,0,1,1,3,3,3,2,0,0.0,0.3333333333333333,0.16666666666666666,0.3333333333333333,1,Cluster 1,0.07777777777777778,Low,0.6016666666666667,Medium,0.30332591860273517,Low,Career Development Discussion
41,Female,Married,2,Technical Degree,Research & Development,Research Scientist,1,Travel_Rarely,10,10,6,0,8,1,3,3,4,2,3,3,0,0.0,0.6,0.3,0.8,1,Cluster 1,0.17333333333333334,Low,0.6896666666666667,High,0.5594633382764871,Medium,Training / Skill Development
38,Female,Married,1,Life Sciences,Research & Development,Healthcare Representative,3,Travel_Rarely,20,19,9,1,9,0,4,3,2,3,1,2,0,0.05263157894736842,0.47368421052631576,0.21052631578947367,0.47368421052631576,3,Cluster 3,0.23254385964912277,Low,0.6710701754385964,High,0.44336173045069416,Medium,Training / Skill Development
40,Male,Married,4,Technical Degree,Research & Development,Healthcare Representative,3,Travel_Rarely,14,11,10,11,1,4,6,4,3,1,4,3,0,1.0,0.9090909090909091,0.5454545454545454,0.09090909090909091,2,Cluster 2,0.7819191919191919,High,0.8836565656565657,High,0.7795676937441642,High,Training + Promotion Review
27,Male,Married,5,Life Sciences,Research & Development,Laboratory Technician,1,Non-Travel,3,3,2,1,2,1,4,3,1,1,4,3,0,0.3333333333333333,0.6666666666666666,1.3333333333333333,0.6666666666666666,1,Cluster 1,0.2344444444444444,Low,0.6357777777777778,Medium,0.47247262042071725,Medium,Career Rotation
55,Male,Married,1,Life Sciences,Research & Development,Manufacturing Director,3,Travel_Frequently,23,3,2,1,2,3,4,2,3,4,2,3,0,0.3333333333333333,0.6666666666666666,1.3333333333333333,0.6666666666666666,1,Cluster 1,0.2344444444444444,Low,0.6357777777777778,Medium,0.5058059537540506,Medium,Career Rotation
28,Female,Single,3,Other,Research & Development,Research Scientist,2,Travel_Rarely,10,8,7,1,7,3,4,3,3,3,4,4,0,0.125,0.875,0.5,0.875,1,Cluster 1,0.2830555555555555,Low,0.7774444444444444,High,0.6493983907288404,Medium,Training / Skill Development
44,Male,Married,2,Medical,Human Resources,Human Resources,3,Travel_Rarely,24,20,6,3,6,9,1,1,2,2,4,3,1,0.15,0.3,0.05,0.3,3,Cluster 3,0.23583333333333334,Low,0.633,Medium,0.3107763634865711,Low,Career Development Discussion
33,Male,Divorced,3,Life Sciences,Research & Development,Healthcare Representative,3,Travel_Rarely,9,3,2,1,2,4,2,4,2,4,3,3,0,0.3333333333333333,0.6666666666666666,0.6666666666666666,0.6666666666666666,1,Cluster 1,0.2344444444444444,Low,0.6913333333333332,High,0.5480644257703081,Medium,Training / Skill Development
35,Male,Single,3,Technical Degree,Sales,Sales Executive,3,Travel_Rarely,9,8,7,4,7,0,2,1,3,4,1,3,1,0.5,0.875,0.25,0.875,2,Cluster 2,0.44680555555555557,Medium,0.8310277777777778,High,0.6404650203218543,Medium,Training / Skill Development
33,Female,Single,4,Medical,Research & Development,Research Scientist,2,Travel_Frequently,14,13,7,3,8,1,4,3,2,1,2,3,1,0.23076923076923078,0.5384615384615384,0.3076923076923077,0.6153846153846154,3,Cluster 3,0.3056837606837607,Low,0.697034188034188,High,0.49983925666797635,Medium,Training / Skill Development
28,Male,Divorced,2,Life Sciences,Research & Development,Laboratory Technician,1,Travel_Rarely,4,4,2,2,2,1,5,3,3,1,4,2,0,0.5,0.5,1.25,0.5,1,Cluster 1,0.27444444444444444,Low,0.6007222222222223,Medium,0.4871741912451255,Medium,Career Development Discussion
34,Male,Single,1,Life Sciences,Research & Development,Healthcare Representative,2,Travel_Frequently,7,6,2,0,4,0,1,4,3,1,3,2,0,0.0,0.3333333333333333,0.16666666666666666,0.6666666666666666,1,Cluster 1,0.07777777777777778,Low,0.6016666666666667,Medium,0.43665925193606847,Medium,Career Development Discussion
37,Female,Divorced,4,Life Sciences,Sales,Sales Executive,2,Travel_Rarely,8,1,0,0,0,2,5,4,2,4,3,3,0,0.0,0.0,5.0,0.0,0,Cluster 0,0.0,Low,0.08333333333333337,Low,0.14672104135771957,Low,Managerial / Team Review
25,Male,Married,1,Technical Degree,Research & Development,Laboratory Technician,1,Travel_Rarely,7,7,7,5,6,1,3,4,3,4,2,4,1,0.7142857142857143,1.0,0.42857142857142855,0.8571428571428571,2,Cluster 2,0.5424603174603174,Medium,0.8727777777777778,High,0.805332976327786,High,Training / Skill Development
26,Male,Divorced,3,Medical,Research & Development,Laboratory Technician,1,Travel_Rarely,1,1,1,0,0,1,0,3,3,1,3,2,1,0.0,1.0,0.0,0.0,1,Cluster 1,0.1638888888888889,Low,0.8327777777777778,High,0.566287828857033,Medium,Training / Skill Development
33,Male,Single,3,Medical,Research & Development,Research Scientist,1,Travel_Rarely,5,2,2,2,2,4,0,2,2,1,2,3,1,1.0,1.0,0.0,1.0,2,Cluster 2,0.47444444444444445,Medium,0.894888888888889,High,0.7027661339045421,High,Training / Skill Development
42,Male,Married,2,Medical,Research & Development,Manager,4,Travel_Rarely,23,22,6,13,7,0,3,1,3,4,4,3,0,0.5909090909090909,0.2727272727272727,0.13636363636363635,0.3181818181818182,3,Cluster 3,0.5753030303030303,Medium,0.6855151515151515,High,0.4493872960949086,Medium,Training / Skill Development
28,Male,Divorced,3,Medical,Research & Development,Laboratory Technician,1,Travel_Frequently,1,1,0,0,0,1,2,2,2,1,1,3,1,0.0,0.0,2.0,0.0,0,Cluster 0,0.0,Low,0.33333333333333337,Medium,0.12021749876421156,Low,Managerial / Team Review
50,Male,Single,4,Other,Sales,Sales Executive,2,Travel_Frequently,5,0,0,0,0,3,4,3,3,4,4,3,1,0.0,0.0,4.0,0.0,0,Cluster 0,0.0,Low,0.16666666666666669,Low,0.1601087493821058,Low,Managerial / Team Review
33,Female,Married,3,Life Sciences,Sales,Sales Executive,2,Travel_Frequently,4,3,2,0,2,0,3,2,3,4,3,3,0,0.0,0.6666666666666666,1.0,0.6666666666666666,1,Cluster 1,0.12777777777777777,Low,0.6422222222222222,Medium,0.47484126984126984,Medium,Career Rotation
34,Male,Married,4,Life Sciences,Research & Development,Research Scientist,1,Non-Travel,6,0,0,0,0,3,2,4,2,3,4,3,0,0.0,0.0,2.0,0.0,0,Cluster 0,0.0,Low,0.33333333333333337,Medium,0.18688416543087824,Low,Managerial / Team Review
48,Male,Single,4,Medical,Research & Development,Manager,4,Non-Travel,27,5,4,2,1,2,3,4,4,1,3,2,0,0.4,0.8,0.6,0.2,1,Cluster 1,0.3222222222222222,Low,0.7544444444444444,High,0.6378700499807766,Medium,Training / Skill Development
45,Female,Married,4,Life Sciences,Sales,Sales Executive,2,Non-Travel,15,15,10,4,12,1,2,3,2,2,4,3,0,0.26666666666666666,0.6666666666666666,0.13333333333333333,0.8,3,Cluster 3,0.39888888888888885,Medium,0.7686666666666666,High,0.5898215521502719,Medium,Training / Skill Development
52,Male,Single,4,Life Sciences,Research & Development,Healthcare Representative,3,Travel_Rarely,18,8,6,4,0,7,4,2,3,2,4,3,0,0.5,0.75,0.5,0.0,1,Cluster 1,0.4141666666666666,Medium,0.7661666666666667,High,0.5348365875762069,Medium,Training / Skill Development
38,Male,Divorced,4,Marketing,Sales,Sales Executive,3,Travel_Rarely,9,8,7,2,7,0,2,3,2,3,2,3,0,0.25,0.875,0.25,0.875,1,Cluster 1,0.3376388888888889,Medium,0.8091944444444444,High,0.6375407741527983,Medium,Training / Skill Development
29,Female,Divorced,4,Life Sciences,Research & Development,Research Scientist,1,Travel_Rarely,11,7,5,1,7,4,1,4,3,3,1,3,0,0.14285714285714285,0.7142857142857143,0.14285714285714285,1.0,1,Cluster 1,0.23563492063492064,Low,0.7495079365079365,High,0.636338892419713,Medium,Training / Skill Development
28,Female,Divorced,3,Medical,Research & Development,Manufacturing Director,3,Travel_Rarely,10,9,7,1,7,0,3,2,3,4,2,2,0,0.1111111111111111,0.7777777777777778,0.3333333333333333,0.7777777777777778,1,Cluster 1,0.265,Low,0.7585555555555555,High,0.5735860657988686,Medium,Training / Skill Development
46,Male,Married,1,Marketing,Sales,Manager,4,Travel_Rarely,23,12,9,4,9,3,3,3,3,1,4,3,0,0.3333333333333333,0.75,0.25,0.75,3,Cluster 3,0.4141666666666666,Medium,0.7869999999999999,High,0.6465168479156367,Medium,Training / Skill Development
38,Male,Single,2,Marketing,Sales,Sales Executive,3,Travel_Rarely,10,1,0,0,0,7,2,2,3,4,3,3,0,0.0,0.0,2.0,0.0,0,Cluster 0,0.0,Low,0.33333333333333337,Medium,0.15355083209754491,Low,Managerial / Team Review
43,Female,Married,3,Life Sciences,Research & Development,Manufacturing Director,3,Travel_Frequently,18,8,7,0,1,8,1,1,3,3,3,3,0,0.0,0.875,0.125,0.125,1,Cluster 1,0.22847222222222222,Low,0.7977777777777778,High,0.49462332482012417,Medium,Training / Skill Development
39,Male,Divorced,3,Life Sciences,Research & Development,Healthcare Representative,4,Travel_Frequently,21,18,7,11,5,7,4,4,3,1,4,3,1,0.6111111111111112,0.3888888888888889,0.2222222222222222,0.2777777777777778,3,Cluster 3,0.565,Medium,0.7111481481481482,High,0.575414391900551,Medium,Training / Skill Development
40,Male,Single,3,Medical,Research & Development,Research Director,5,Travel_Rarely,21,20,7,4,9,1,2,3,2,3,1,4,0,0.2,0.35,0.1,0.45,3,Cluster 3,0.2930555555555555,Low,0.6552777777777777,Medium,0.425688677431757,Medium,Career Development Discussion
21,Female,Single,1,Technical Degree,Research & Development,Research Scientist,1,Travel_Rarely,2,2,2,2,2,1,6,2,2,4,3,4,0,1.0,1.0,3.0,1.0,2,Cluster 2,0.47444444444444445,Medium,0.644888888888889,Medium,0.6626030098313835,High,Career Rotation
39,Male,Single,3,Life Sciences,Research & Development,Laboratory Technician,2,Non-Travel,9,5,4,0,3,9,2,2,3,3,3,2,0,0.0,0.8,0.4,0.6,1,Cluster 1,0.17555555555555555,Low,0.7417777777777778,High,0.5318351183610699,Medium,Training / Skill Development
36,Male,Single,4,Life Sciences,Research & Development,Manufacturing Director,2,Non-Travel,18,11,9,0,9,2,0,4,3,1,1,3,0,0.0,0.8181818181818182,0.0,0.8181818181818182,1,Cluster 1,0.24772727272727274,Low,0.795,High,0.6550672194011294,Medium,Training / Skill Development
31,Male,Married,3,Life Sciences,Sales,Sales Representative,1,Travel_Frequently,3,2,2,2,2,0,4,4,4,3,1,3,0,1.0,1.0,2.0,1.0,2,Cluster 2,0.47444444444444445,Medium,0.7282222222222222,High,0.809324051189103,High,Training / Skill Development
28,Male,Married,1,Life Sciences,Research & Development,Research Scientist,1,Travel_Rarely,6,5,3,0,4,0,2,2,2,1,1,1,0,0.0,0.6,0.4,0.8,1,Cluster 1,0.13166666666666665,Low,0.673,High,0.44428579667160983,Medium,Training / Skill Development
35,Male,Divorced,2,Marketing,Sales,Sales Executive,2,Travel_Frequently,5,5,2,0,2,1,3,4,3,4,4,3,0,0.0,0.4,0.6,0.4,1,Cluster 1,0.08777777777777777,Low,0.5875555555555556,Medium,0.4273922667106058,Medium,Career Development Discussion
49,Male,Married,4,Technical Degree,Sales,Sales Executive,4,Travel_Rarely,22,9,8,2,3,6,3,2,2,4,2,3,0,0.2222222222222222,0.8888888888888888,0.3333333333333333,0.3333333333333333,3,Cluster 3,0.3466666666666667,Medium,0.8082222222222223,High,0.5560651397814027,Medium,Training / Skill Development
34,Male,Single,2,Life Sciences,Research & Development,Manufacturing Director,2,Travel_Frequently,5,3,2,0,2,2,3,3,3,4,4,2,0,0.0,0.6666666666666666,1.0,0.6666666666666666,1,Cluster 1,0.12777777777777777,Low,0.6422222222222222,Medium,0.5081746031746032,Medium,Career Rotation
29,Female,Divorced,3,Life Sciences,Research & Development,Research Scientist,1,Travel_Frequently,8,7,5,1,1,0,2,2,3,4,4,2,0,0.14285714285714285,0.7142857142857143,0.2857142857142857,0.14285714285714285,1,Cluster 1,0.23563492063492064,Low,0.7376031746031746,High,0.48204541032099113,Medium,Training / Skill Development
42,Male,Single,3,Medical,Research & Development,Laboratory Technician,2,Travel_Rarely,16,1,0,0,0,4,3,4,1,2,1,3,0,0.0,0.0,3.0,0.0,0,Cluster 0,0.0,Low,0.25,Low,0.14016312407315867,Low,Managerial / Team Review
29,Male,Married,1,Medical,Research & Development,Manufacturing Director,2,Travel_Rarely,10,10,7,1,2,1,2,4,2,2,3,2,0,0.1,0.7,0.2,0.2,1,Cluster 1,0.25055555555555553,Low,0.7434444444444445,High,0.522936205854891,Medium,Training / Skill Development
38,Male,Married,3,Human Resources,Human Resources,Human Resources,1,Travel_Rarely,7,7,6,5,0,1,2,3,4,3,4,4,0,0.7142857142857143,0.8571428571428571,0.2857142857142857,0.0,2,Cluster 2,0.5071428571428571,Medium,0.8347619047619047,High,0.6672018219052326,High,Training / Skill Development
28,Male,Divorced,3,Life Sciences,Research & Development,Research Scientist,1,Travel_Frequently,3,3,1,0,2,1,2,3,2,3,4,3,0,0.0,0.3333333333333333,0.6666666666666666,0.6666666666666666,1,Cluster 1,0.06388888888888888,Low,0.5572222222222222,Medium,0.3586858076563959,Medium,Career Development Discussion
18,Male,Single,1,Medical,Research & Development,Laboratory Technician,1,Non-Travel,0,0,0,0,0,1,0,3,3,3,4,3,1,0.0,0.0,0.0,0.0,0,Cluster 0,0.0,Low,0.5,Medium,0.21365958147965072,Low,Managerial / Team Review
33,Female,Single,4,Marketing,Sales,Sales Executive,2,Travel_Rarely,6,5,2,0,3,0,3,1,3,1,1,3,1,0.0,0.4,0.6,0.6,1,Cluster 1,0.08777777777777777,Low,0.5875555555555556,Medium,0.34739226671060586,Medium,Career Development Discussion
41,Male,Married,4,Life Sciences,Research & Development,Laboratory Technician,1,Travel_Rarely,6,1,0,0,0,3,4,4,3,2,1,3,0,0.0,0.0,4.0,0.0,0,Cluster 0,0.0,Low,0.16666666666666669,Low,0.19344208271543914,Low,Managerial / Team Review
31,Male,Married,3,Medical,Research & Development,Laboratory Technician,1,Travel_Frequently,2,2,2,2,2,1,5,3,3,3,3,2,1,1.0,1.0,2.5,1.0,2,Cluster 2,0.47444444444444445,Medium,0.6865555555555556,High,0.7359635305102432,High,Training / Skill Development
37,Female,Divorced,2,Medical,Research & Development,Healthcare Representative,2,Travel_Rarely,9,6,2,1,3,7,2,4,2,3,3,3,0,0.16666666666666666,0.3333333333333333,0.3333333333333333,0.5,1,Cluster 1,0.14277777777777775,Low,0.6007777777777777,Medium,0.4060164497171417,Medium,Career Development Discussion
27,Male,Married,3,Life Sciences,Research & Development,Research Scientist,1,Travel_Rarely,4,4,2,2,2,1,0,3,2,4,3,3,0,0.5,0.5,0.0,0.5,1,Cluster 1,0.27444444444444444,Low,0.7048888888888889,High,0.47057549294227496,Medium,Training / Skill Development
34,Female,Married,1,Life Sciences,Sales,Sales Executive,2,Travel_Rarely,6,6,5,1,3,1,3,3,3,2,1,2,0,0.16666666666666666,0.8333333333333334,0.5,0.5,1,Cluster 1,0.2594444444444445,Low,0.7602222222222221,High,0.591631597737134,Medium,Training / Skill Development
35,Male,Single,4,Technical Degree,Human Resources,Human Resources,1,Travel_Rarely,6,5,4,1,4,1,2,3,3,3,2,1,0,0.2,0.8,0.4,0.8,1,Cluster 1,0.24888888888888888,Low,0.7564444444444445,High,0.6095246883066953,Medium,Training / Skill Development
29,Female,Married,1,Life Sciences,Sales,Sales Executive,3,Travel_Rarely,11,11,8,3,10,1,3,1,2,4,1,1,1,0.2727272727272727,0.7272727272727273,0.2727272727272727,0.9090909090909091,3,Cluster 3,0.35838383838383836,Medium,0.7671313131313131,High,0.5368173180145498,Medium,Training / Skill Development
40,Female,Single,4,Medical,Research & Development,Research Director,3,Travel_Frequently,20,18,7,2,13,9,3,3,3,2,3,2,0,0.1111111111111111,0.3888888888888889,0.16666666666666666,0.7222222222222222,3,Cluster 3,0.22999999999999998,Low,0.6487777777777778,Medium,0.476005547316966,Medium,Career Development Discussion
42,Male,Single,3,Life Sciences,Sales,Sales Executive,4,Travel_Frequently,22,21,9,13,14,0,2,1,3,3,2,2,1,0.6190476190476191,0.42857142857142855,0.09523809523809523,0.6666666666666666,3,Cluster 3,0.6473809523809524,Medium,0.7501111111111112,High,0.555197698687318,Medium,Training / Skill Development
42,Male,Single,4,Marketing,Sales,Sales Executive,2,Travel_Rarely,9,6,4,1,5,7,3,1,3,2,4,4,0,0.16666666666666666,0.6666666666666666,0.5,0.8333333333333334,1,Cluster 1,0.22055555555555556,Low,0.7024444444444444,High,0.49568278684022626,Medium,Training / Skill Development
35,Male,Married,4,Medical,Research & Development,Laboratory Technician,1,Travel_Rarely,10,8,0,1,7,6,2,3,2,4,2,3,0,0.125,0.0,0.25,0.875,1,Cluster 1,0.05458333333333333,Low,0.49008333333333337,Medium,0.2826081108914154,Low,Career Development Discussion
24,Male,Single,3,Medical,Research & Development,Laboratory Technician,1,Travel_Rarely,6,4,3,1,2,8,2,2,3,4,4,3,0,0.25,0.75,0.5,0.5,1,Cluster 1,0.24,Low,0.7313333333333334,High,0.5269905256220135,Medium,Training / Skill Development
28,Female,Married,1,Life Sciences,Research & Development,Laboratory Technician,1,Travel_Rarely,1,1,1,0,0,1,4,4,3,3,4,2,1,0.0,1.0,4.0,0.0,0,Cluster 0,0.1638888888888889,Low,0.49944444444444447,Medium,0.5460703300928215,Medium,Career Rotation
26,Male,Married,4,Medical,Research & Development,Laboratory Technician,1,Travel_Rarely,8,8,7,0,7,1,2,4,4,1,2,3,0,0.0,0.875,0.25,0.875,1,Cluster 1,0.22847222222222222,Low,0.7873611111111112,High,0.7012831946504091,High,Training / Skill Development
30,Male,Married,3,Marketing,Sales,Sales Executive,2,Travel_Rarely,10,10,3,1,4,1,3,3,2,3,1,3,0,0.1,0.3,0.3,0.4,1,Cluster 1,0.135,Low,0.592,Medium,0.3506062778052397,Medium,Career Development Discussion
40,Female,Married,2,Medical,Research & Development,Research Scientist,2,Travel_Frequently,16,1,1,0,0,3,3,4,2,3,4,1,0,0.0,1.0,3.0,0.0,0,Cluster 0,0.1638888888888889,Low,0.5827777777777778,Medium,0.5261247047838743,Medium,Career Rotation
35,Male,Divorced,3,Life Sciences,Research & Development,Manufacturing Director,3,Travel_Rarely,15,7,7,6,4,2,2,2,2,3,2,4,0,0.8571428571428571,1.0,0.2857142857142857,0.5714285714285714,2,Cluster 2,0.6015079365079364,Medium,0.8964920634920635,High,0.6982855926684399,High,Training / Skill Development
34,Male,Single,3,Medical,Research & Development,Healthcare Representative,2,Travel_Frequently,14,13,9,4,9,0,3,1,2,4,3,3,0,0.3076923076923077,0.6923076923076923,0.23076923076923078,0.6923076923076923,3,Cluster 3,0.39910256410256406,Medium,0.7682820512820513,High,0.5187982242670823,Medium,Training / Skill Development
35,Male,Married,4,Other,Research & Development,Laboratory Technician,1,Travel_Frequently,2,2,2,2,2,1,2,4,2,4,2,4,0,1.0,1.0,1.0,1.0,2,Cluster 2,0.47444444444444445,Medium,0.8115555555555556,High,0.7560450925468226,High,Training / Skill Development
43,Female,Single,3,Marketing,Sales,Sales Executive,2,Travel_Rarely,7,4,3,1,3,8,2,3,1,1,2,2,1,0.25,0.75,0.5,0.75,1,Cluster 1,0.24,Low,0.7313333333333334,High,0.5186571922886802,Medium,Training / Skill Development
32,Female,Divorced,1,Life Sciences,Sales,Sales Representative,1,Non-Travel,1,1,0,0,0,1,3,1,3,3,3,3,0,0.0,0.0,3.0,0.0,0,Cluster 0,0.0,Low,0.25,Low,0.10682979073982535,Low,Managerial / Team Review
56,Female,Divorced,4,Technical Degree,Research & Development,Manager,5,Travel_Rarely,28,5,2,4,2,4,2,1,3,4,4,3,0,0.8,0.4,0.4,0.4,2,Cluster 2,0.3811111111111111,Medium,0.6628888888888889,High,0.42749475476465093,Medium,Training / Skill Development
29,Female,Married,1,Medical,Research & Development,Laboratory Technician,1,Travel_Rarely,10,10,8,0,8,1,5,4,3,2,1,3,0,0.0,0.8,0.5,0.8,1,Cluster 1,0.2311111111111111,Low,0.7445555555555554,High,0.6356147086285494,Medium,Training / Skill Development
19,Male,Single,2,Life Sciences,Research & Development,Research Scientist,1,Travel_Rarely,1,1,1,0,0,1,4,1,3,3,3,3,0,0.0,1.0,4.0,0.0,0,Cluster 0,0.1638888888888889,Low,0.49944444444444447,Medium,0.4460703300928215,Medium,Career Rotation
45,Female,Married,3,Medical,Research & Development,Research Scientist,1,Travel_Rarely,7,3,2,0,2,4,2,3,3,1,3,2,0,0.0,0.6666666666666666,0.6666666666666666,0.6666666666666666,1,Cluster 1,0.12777777777777777,Low,0.6699999999999999,High,0.5126371725160652,Medium,Training / Skill Development
37,Female,Married,3,Life Sciences,Research & Development,Manufacturing Director,2,Travel_Rarely,14,14,8,3,11,1,2,4,2,4,2,2,0,0.21428571428571427,0.5714285714285714,0.14285714285714285,0.7857142857142857,3,Cluster 3,0.3203968253968254,Low,0.7236031746031746,High,0.5671296087062275,Medium,Training / Skill Development
20,Male,Single,3,Life Sciences,Research & Development,Laboratory Technician,1,Travel_Rarely,2,2,2,1,2,1,2,3,2,1,1,2,0,0.5,1.0,1.0,1.0,2,Cluster 2,0.32611111111111113,Low,0.7818888888888889,High,0.6734457351568077,High,Training / Skill Development
44,Male,Single,4,Life Sciences,Research & Development,Research Scientist,1,Travel_Rarely,6,6,4,0,2,1,4,3,3,3,3,3,1,0.0,0.6666666666666666,0.6666666666666666,0.3333333333333333,1,Cluster 1,0.15555555555555556,Low,0.6755555555555555,High,0.48852968638435756,Medium,Training / Skill Development
53,Female,Divorced,2,Medical,Research & Development,Manager,5,Travel_Rarely,26,7,7,4,7,3,6,3,3,4,2,3,0,0.5714285714285714,1.0,0.8571428571428571,1.0,3,Cluster 3,0.4834126984126984,Medium,0.8252539682539684,High,0.7609362529325455,High,Training / Skill Development
29,Female,Married,1,Life Sciences,Research & Development,Research Scientist,1,Travel_Rarely,6,5,4,1,3,0,2,4,1,2,1,2,0,0.2,0.8,0.4,0.6,1,Cluster 1,0.24888888888888888,Low,0.7564444444444445,High,0.5561913549733619,Medium,Training / Skill Development
22,Male,Married,4,Life Sciences,Research & Development,Research Scientist,1,Travel_Frequently,1,0,0,0,0,0,5,4,2,3,2,3,1,0.0,0.0,5.0,0.0,0,Cluster 0,0.0,Low,0.08333333333333337,Low,0.14672104135771957,Low,Managerial / Team Review
46,Female,Married,3,Marketing,Sales,Manager,4,Travel_Rarely,28,26,15,15,9,8,2,1,3,3,1,3,0,0.5769230769230769,0.5769230769230769,0.07692307692307693,0.34615384615384615,3,Cluster 3,0.7891025641025641,High,0.8244871794871794,High,0.6146995132894787,Medium,Training + Promotion Review
44,Male,Single,3,Life Sciences,Research & Development,Research Scientist,1,Non-Travel,6,0,0,0,0,2,3,3,1,4,4,3,0,0.0,0.0,3.0,0.0,0,Cluster 0,0.0,Low,0.25,Low,0.10682979073982535,Low,Managerial / Team Review
33,Male,Married,3,Human Resources,Human Resources,Human Resources,1,Travel_Rarely,5,5,4,1,4,1,2,3,3,2,4,3,0,0.2,0.8,0.4,0.8,1,Cluster 1,0.24888888888888888,Low,0.7564444444444445,High,0.6095246883066953,Medium,Training / Skill Development
41,Male,Divorced,2,Life Sciences,Research & Development,Research Scientist,1,Non-Travel,5,1,0,0,0,6,2,1,2,1,1,1,1,0.0,0.0,2.0,0.0,0,Cluster 0,0.0,Low,0.33333333333333337,Medium,0.08688416543087824,Low,Managerial / Team Review
30,Male,Divorced,4,Life Sciences,Sales,Sales Executive,2,Travel_Rarely,8,4,3,0,3,8,3,1,3,3,3,3,0,0.0,0.75,0.75,0.75,1,Cluster 1,0.15416666666666665,Low,0.6933333333333334,High,0.4868023974295601,Medium,Training / Skill Development
40,Male,Married,4,Medical,Sales,Sales Executive,2,Travel_Frequently,5,0,0,0,0,5,2,2,3,2,4,3,0,0.0,0.0,2.0,0.0,0,Cluster 0,0.0,Low,0.33333333333333337,Medium,0.15355083209754491,Low,Managerial / Team Review
50,Female,Married,3,Medical,Research & Development,Manager,4,Travel_Frequently,32,2,2,2,2,2,3,1,3,4,3,3,0,1.0,1.0,1.5,1.0,2,Cluster 2,0.47444444444444445,Medium,0.769888888888889,High,0.6826845718679628,High,Training / Skill Development
28,Male,Married,4,Medical,Research & Development,Laboratory Technician,1,Travel_Rarely,6,6,5,3,3,1,2,1,2,4,3,3,0,0.5,0.8333333333333334,0.3333333333333333,0.5,2,Cluster 2,0.3894444444444444,Medium,0.8001111111111111,High,0.5370398473114736,Medium,Training / Skill Development
46,Male,Married,2,Life Sciences,Research & Development,Research Director,5,Travel_Rarely,25,4,2,0,3,5,2,2,3,4,1,3,0,0.0,0.5,0.5,0.75,1,Cluster 1,0.10277777777777777,Low,0.6288888888888888,Medium,0.43186590322403473,Medium,Career Development Discussion
35,Male,Married,4,Life Sciences,Sales,Sales Executive,2,Travel_Rarely,15,7,7,1,7,3,2,1,3,3,4,3,0,0.14285714285714285,1.0,0.2857142857142857,1.0,1,Cluster 1,0.30626984126984125,Low,0.8374444444444443,High,0.6430851595540177,Medium,Training / Skill Development
24,Female,Married,2,Life Sciences,Research & Development,Laboratory Technician,1,Travel_Rarely,1,1,0,0,0,1,3,2,3,4,1,1,1,0.0,0.0,3.0,0.0,0,Cluster 0,0.0,Low,0.25,Low,0.14016312407315867,Low,Managerial / Team Review
33,Female,Married,3,Medical,Sales,Sales Executive,2,Travel_Frequently,10,10,7,0,1,1,3,3,3,2,1,2,0,0.0,0.7,0.3,0.1,1,Cluster 1,0.2022222222222222,Low,0.7254444444444443,High,0.4955444609216235,Medium,Training / Skill Development
36,Male,Divorced,4,Life Sciences,Research & Development,Laboratory Technician,1,Travel_Rarely,7,7,7,1,7,1,4,3,1,3,3,3,0,0.14285714285714285,1.0,0.5714285714285714,1.0,1,Cluster 1,0.30626984126984125,Low,0.8136349206349206,High,0.6392601001184788,Medium,Training / Skill Development
30,Male,Divorced,4,Life Sciences,Research & Development,Laboratory Technician,2,Travel_Rarely,10,10,7,8,9,1,4,3,3,3,1,2,0,0.8,0.7,0.4,0.9,2,Cluster 2,0.5888888888888889,Medium,0.7944444444444444,High,0.7026294831658153,High,Training / Skill Development
44,Male,Single,4,Other,Research & Development,Research Scientist,2,Travel_Rarely,20,20,11,13,17,1,3,4,3,4,2,3,0,0.65,0.55,0.15,0.85,3,Cluster 3,0.7011111111111111,High,0.7927222222222222,High,0.7268528038666446,High,Training + Promotion Review
20,Male,Single,3,Marketing,Sales,Sales Representative,1,Travel_Rarely,2,2,1,2,2,1,2,4,4,3,4,3,0,1.0,0.5,1.0,1.0,2,Cluster 2,0.38555555555555554,Medium,0.6437777777777778,Medium,0.6440911737243916,Medium,Career Development Discussion
46,Male,Divorced,4,Technical Degree,Research & Development,Manufacturing Director,2,Travel_Rarely,12,6,3,1,4,2,3,4,3,4,3,2,0,0.16666666666666666,0.5,0.5,0.6666666666666666,1,Cluster 1,0.18166666666666664,Low,0.6446666666666666,Medium,0.5164006426099851,Medium,Career Development Discussion
42,Male,Married,5,Medical,Human Resources,Human Resources,2,Non-Travel,10,4,3,0,3,7,3,1,4,4,1,4,0,0.0,0.75,0.75,0.75,1,Cluster 1,0.15416666666666665,Low,0.6933333333333334,High,0.5201357307628934,Medium,Training / Skill Development
60,Male,Divorced,4,Marketing,Sales,Sales Executive,2,Travel_Rarely,12,11,7,1,9,0,3,4,4,2,2,3,0,0.09090909090909091,0.6363636363636364,0.2727272727272727,0.8181818181818182,1,Cluster 1,0.2387373737373737,Low,0.715929292929293,High,0.6275461311084148,Medium,Training / Skill Development
32,Female,Married,3,Other,Research & Development,Laboratory Technician,1,Travel_Frequently,2,2,2,2,2,1,2,2,2,3,3,3,0,1.0,1.0,1.0,1.0,2,Cluster 2,0.47444444444444445,Medium,0.8115555555555556,High,0.689378425880156,High,Training / Skill Development
32,Female,Single,2,Life Sciences,Research & Development,Research Scientist,2,Travel_Frequently,10,8,7,0,7,4,2,3,3,4,4,3,0,0.0,0.875,0.25,0.875,1,Cluster 1,0.22847222222222222,Low,0.7873611111111112,High,0.6346165279837425,Medium,Training / Skill Development
36,Female,Divorced,3,Technical Degree,Research & Development,Manufacturing Director,3,Travel_Rarely,17,7,7,7,7,2,2,1,1,3,3,3,0,1.0,1.0,0.2857142857142857,1.0,2,Cluster 2,0.6605555555555556,High,0.9083015873015872,High,0.6940875840532291,High,Training + Promotion Review
33,Male,Married,3,Medical,Research & Development,Research Scientist,1,Travel_Rarely,15,14,10,4,10,0,5,4,3,1,2,3,0,0.2857142857142857,0.7142857142857143,0.35714285714285715,0.7142857142857143,3,Cluster 3,0.41079365079365077,Medium,0.7666825396825396,High,0.6630742257687389,High,Training / Skill Development
40,Female,Divorced,3,Technical Degree,Sales,Sales Executive,2,Travel_Rarely,7,5,1,1,3,7,2,2,2,2,2,4,0,0.2,0.2,0.4,0.6,1,Cluster 1,0.11722222222222223,Low,0.5501111111111111,Medium,0.30021005657164823,Low,Career Development Discussion
25,Male,Single,4,Life Sciences,Sales,Sales Executive,2,Travel_Rarely,5,4,3,1,1,0,4,4,3,3,2,3,0,0.25,0.75,1.0,0.25,1,Cluster 1,0.24,Low,0.6896666666666667,High,0.561963338276487,Medium,Training / Skill Development
30,Male,Married,3,Medical,Research & Development,Research Scientist,1,Travel_Rarely,12,11,9,5,7,0,2,2,3,4,1,3,0,0.45454545454545453,0.8181818181818182,0.18181818181818182,0.6363636363636364,2,Cluster 2,0.478030303030303,Medium,0.8259090909090909,High,0.6442752662562351,Medium,Training / Skill Development
42,Female,Married,5,Medical,Research & Development,Research Director,3,Travel_Frequently,20,1,0,0,0,3,6,1,3,1,3,3,0,0.0,0.0,6.0,0.0,0,Cluster 0,0.0,Low,0.0,Low,0.06666666666666668,Low,Managerial / Team Review
35,Female,Married,2,Marketing,Sales,Sales Executive,3,Non-Travel,16,13,2,4,12,4,6,4,2,3,2,2,0,0.3076923076923077,0.15384615384615385,0.46153846153846156,0.9230769230769231,3,Cluster 3,0.22111111111111112,Low,0.5519145299145299,Medium,0.4191023444068427,Medium,Career Development Discussion
27,Male,Married,3,Life Sciences,Research & Development,Research Scientist,1,Travel_Rarely,9,9,7,6,8,1,3,1,3,1,4,2,0,0.6666666666666666,0.7777777777777778,0.3333333333333333,0.8888888888888888,2,Cluster 2,0.5205555555555555,Medium,0.8096666666666666,High,0.6362416378316031,Medium,Training / Skill Development
54,Female,Divorced,4,Life Sciences,Research & Development,Manufacturing Director,3,Travel_Frequently,33,5,4,1,4,7,2,3,3,4,1,1,0,0.2,0.8,0.4,0.8,1,Cluster 1,0.24888888888888888,Low,0.7564444444444445,High,0.6095246883066953,Medium,Training / Skill Development
44,Female,Married,1,Life Sciences,Research & Development,Research Scientist,1,Travel_Rarely,10,10,5,7,7,1,5,4,4,1,4,3,0,0.7,0.5,0.5,0.7,2,Cluster 2,0.4827777777777778,Medium,0.7048888888888889,High,0.653075492942275,Medium,Training / Skill Development
19,Female,Single,3,Medical,Research & Development,Research Scientist,1,Non-Travel,1,1,1,0,0,1,2,2,2,1,2,4,1,0.0,1.0,2.0,0.0,0,Cluster 0,0.1638888888888889,Low,0.6661111111111111,High,0.4728457461415939,Medium,Training / Skill Development
29,Female,Divorced,3,Life Sciences,Research & Development,Research Scientist,1,Travel_Rarely,3,3,2,1,2,1,5,4,3,1,1,3,0,0.3333333333333333,0.6666666666666666,1.6666666666666667,0.6666666666666666,1,Cluster 1,0.2344444444444444,Low,0.608,Medium,0.5680100510792552,Medium,Career Rotation
54,Male,Married,3,Life Sciences,Research & Development,Research Director,4,Travel_Rarely,36,10,9,0,9,3,2,4,3,4,1,3,0,0.0,0.9,0.2,0.9,3,Cluster 3,0.26,Low,0.8053333333333335,High,0.689045477014335,High,Training / Skill Development
31,Male,Married,2,Medical,Research & Development,Healthcare Representative,2,Travel_Rarely,6,6,5,0,1,1,2,1,3,3,4,2,0,0.0,0.8333333333333334,0.3333333333333333,0.16666666666666666,1,Cluster 1,0.19444444444444445,Low,0.7611111111111111,High,0.4722743999560608,Medium,Training / Skill Development
31,Female,Single,3,Medical,Research & Development,Healthcare Representative,2,Travel_Rarely,10,10,9,1,8,1,2,1,2,3,2,3,0,0.1,0.9,0.2,0.8,1,Cluster 1,0.30833333333333335,Low,0.8150000000000001,High,0.5617651178118307,Medium,Training / Skill Development
59,Female,Single,3,Life Sciences,Sales,Sales Executive,2,Travel_Rarely,13,6,1,0,5,5,2,4,2,3,4,3,0,0.0,0.16666666666666666,0.3333333333333333,0.8333333333333334,1,Cluster 1,0.03888888888888889,Low,0.53,Medium,0.3551458230350964,Medium,Career Development Discussion
43,Male,Married,3,Life Sciences,Research & Development,Research Director,5,Travel_Rarely,25,8,7,0,7,3,2,4,1,3,2,3,0,0.0,0.875,0.25,0.875,3,Cluster 3,0.22847222222222222,Low,0.7873611111111112,High,0.6012831946504091,Medium,Training / Skill Development
49,Male,Married,2,Medical,Research & Development,Manager,5,Travel_Rarely,23,1,0,0,0,2,2,3,2,1,3,4,0,0.0,0.0,2.0,0.0,0,Cluster 0,0.0,Low,0.33333333333333337,Medium,0.15355083209754491,Low,Managerial / Team Review
36,Male,Married,3,Technical Degree,Research & Development,Research Scientist,1,Travel_Frequently,12,11,10,0,7,1,2,2,3,3,3,2,0,0.0,0.9090909090909091,0.18181818181818182,0.6363636363636364,1,Cluster 1,0.27525252525252525,Low,0.8126262626262626,High,0.6040352861287116,Medium,Training / Skill Development
48,Male,Single,2,Technical Degree,Research & Development,Laboratory Technician,1,Travel_Rarely,7,1,0,0,0,5,4,2,4,4,3,2,0,0.0,0.0,4.0,0.0,0,Cluster 0,0.0,Low,0.16666666666666669,Low,0.16010874938210579,Low,Managerial / Team Review
27,Male,Divorced,2,Life Sciences,Research & Development,Research Scientist,1,Travel_Rarely,5,5,3,0,3,1,2,3,3,1,2,3,0,0.0,0.6,0.4,0.6,1,Cluster 1,0.13166666666666665,Low,0.673,High,0.49095246333827647,Medium,Training / Skill Development
29,Male,Divorced,3,Life Sciences,Research & Development,Healthcare Representative,2,Travel_Rarely,6,6,0,1,0,1,2,4,3,3,2,3,0,0.16666666666666666,0.0,0.3333333333333333,0.0,0,Cluster 0,0.065,Low,0.4852222222222222,Medium,0.2641188279233262,Low,Managerial / Team Review
48,Male,Single,3,Life Sciences,Research & Development,Research Director,5,Travel_Rarely,25,1,0,0,0,6,3,4,2,4,3,4,0,0.0,0.0,3.0,0.0,0,Cluster 0,0.0,Low,0.25,Low,0.173496457406492,Low,Managerial / Team Review
29,Female,Divorced,3,Life Sciences,Research & Development,Research Director,4,Travel_Rarely,9,7,7,1,7,3,2,4,2,4,2,2,0,0.14285714285714285,1.0,0.2857142857142857,1.0,1,Cluster 1,0.30626984126984125,Low,0.8374444444444443,High,0.7097518262206843,High,Training / Skill Development
34,Female,Married,3,Technical Degree,Research & Development,Research Scientist,1,Travel_Rarely,2,1,0,0,0,0,5,3,4,3,4,2,0,0.0,0.0,5.0,0.0,0,Cluster 0,0.0,Low,0.08333333333333337,Low,0.1800543746910529,Low,Managerial / Team Review
44,Male,Married,3,Marketing,Sales,Manager,5,Travel_Rarely,26,22,9,3,10,7,5,2,3,2,3,3,0,0.13636363636363635,0.4090909090909091,0.22727272727272727,0.45454545454545453,3,Cluster 3,0.29045454545454547,Low,0.6618787878787878,High,0.4411961158795069,Medium,Training / Skill Development
33,Male,Divorced,5,Marketing,Sales,Sales Executive,3,Travel_Rarely,10,9,8,0,8,0,3,3,4,4,4,3,0,0.0,0.8888888888888888,0.3333333333333333,0.8888888888888888,1,Cluster 1,0.24444444444444444,Low,0.7877777777777778,High,0.6776695776349755,High,Training / Skill Development
19,Female,Single,3,Life Sciences,Research & Development,Research Scientist,1,Travel_Rarely,1,1,0,0,1,1,2,4,4,2,4,3,0,0.0,0.0,2.0,1.0,0,Cluster 0,0.0,Low,0.33333333333333337,Medium,0.3535508320975449,Medium,Career Development Discussion
23,Male,Married,2,Life Sciences,Research & Development,Research Scientist,1,Travel_Rarely,1,1,0,0,1,1,2,3,3,4,4,3,0,0.0,0.0,2.0,1.0,0,Cluster 0,0.0,Low,0.33333333333333337,Medium,0.28688416543087825,Low,Career Development Discussion
25,Male,Single,1,Life Sciences,Sales,Sales Representative,1,Travel_Frequently,1,1,0,1,0,1,4,4,1,3,4,3,1,1.0,0.0,4.0,0.0,0,Cluster 0,0.2733333333333333,Low,0.22133333333333335,Low,0.21755775251276982,Low,Managerial / Team Review
26,Male,Single,2,Life Sciences,Research & Development,Research Scientist,1,Travel_Rarely,8,8,5,2,2,1,2,4,3,3,2,2,0,0.25,0.625,0.25,0.25,1,Cluster 1,0.2723611111111111,Low,0.721138888888889,High,0.545477762673697,Medium,Training / Skill Development
45,Female,Single,3,Marketing,Sales,Manager,5,Travel_Rarely,26,24,10,1,11,2,2,2,1,1,1,3,1,0.041666666666666664,0.4166666666666667,0.08333333333333333,0.4583333333333333,3,Cluster 3,0.23513888888888887,Low,0.6650833333333334,High,0.36072229774262643,Medium,Training / Skill Development
55,Male,Divorced,1,Medical,Research & Development,Healthcare Representative,4,Non-Travel,34,33,9,15,0,1,3,2,2,4,4,3,0,0.45454545454545453,0.2727272727272727,0.09090909090909091,0.0,3,Cluster 3,0.6295454545454545,Medium,0.7001515151515152,High,0.4361932099042825,Medium,Training / Skill Development
21,Female,Single,2,Life Sciences,Research & Development,Laboratory Technician,1,Travel_Frequently,2,2,2,2,2,1,2,3,2,1,3,1,1,1.0,1.0,1.0,1.0,2,Cluster 2,0.47444444444444445,Medium,0.8115555555555556,High,0.7227117592134893,High,Training / Skill Development
46,Female,Married,2,Marketing,Sales,Manager,5,Travel_Rarely,26,11,4,0,8,2,2,2,2,4,3,3,0,0.0,0.36363636363636365,0.18181818181818182,0.7272727272727273,3,Cluster 3,0.11010101010101009,Low,0.615959595959596,Medium,0.3622887800396451,Medium,Career Development Discussion
34,Female,Single,3,Marketing,Sales,Sales Executive,2,Travel_Rarely,4,3,2,0,2,0,3,1,3,3,4,3,0,0.0,0.6666666666666666,1.0,0.6666666666666666,1,Cluster 1,0.12777777777777777,Low,0.6422222222222222,Medium,0.4415079365079365,Medium,Career Rotation
51,Male,Divorced,3,Life Sciences,Sales,Manager,5,Travel_Frequently,31,29,10,11,10,4,5,2,3,4,1,2,0,0.3793103448275862,0.3448275862068966,0.1724137931034483,0.3448275862068966,3,Cluster 3,0.5421072796934866,Medium,0.6975019157088123,High,0.49537726300797535,Medium,Training / Skill Development
59,Male,Single,4,Medical,Research & Development,Manufacturing Director,3,Travel_Rarely,25,9,7,5,4,6,6,4,3,4,4,2,0,0.5555555555555556,0.7777777777777778,0.6666666666666666,0.4444444444444444,3,Cluster 3,0.46944444444444444,Medium,0.7716666666666667,High,0.6703590651947052,High,Training / Skill Development
34,Female,Divorced,3,Medical,Research & Development,Laboratory Technician,2,Travel_Frequently,15,11,8,5,10,4,2,2,3,3,3,4,0,0.45454545454545453,0.7272727272727273,0.18181818181818182,0.9090909090909091,3,Cluster 3,0.45050505050505046,Medium,0.7931313131313131,High,0.6352973132211887,Medium,Training / Skill Development
28,Male,Single,4,Medical,Research & Development,Laboratory Technician,1,Travel_Frequently,5,4,2,0,2,0,2,3,3,4,3,2,0,0.0,0.5,0.5,0.5,1,Cluster 1,0.10277777777777777,Low,0.6288888888888888,Medium,0.44019923655736803,Medium,Career Development Discussion
44,Male,Divorced,2,Life Sciences,Research & Development,Manager,5,Travel_Rarely,26,25,9,14,13,1,4,1,4,3,4,2,0,0.56,0.36,0.16,0.52,3,Cluster 3,0.6456666666666667,Medium,0.7238,High,0.551980276816609,Medium,Training / Skill Development
34,Male,Married,3,Life Sciences,Human Resources,Human Resources,2,Travel_Frequently,14,10,9,1,8,4,5,2,2,3,4,4,0,0.1,0.9,0.5,0.8,1,Cluster 1,0.30833333333333335,Low,0.7899999999999999,High,0.591082138737848,Medium,Training / Skill Development
35,Male,Married,1,Life Sciences,Research & Development,Research Scientist,1,Travel_Rarely,4,3,2,2,2,0,3,3,3,3,4,3,0,0.6666666666666666,0.6666666666666666,1.0,0.6666666666666666,2,Cluster 2,0.3411111111111111,Medium,0.6848888888888889,High,0.5790291096830888,Medium,Training / Skill Development
42,Female,Married,4,Medical,Research & Development,Research Scientist,2,Travel_Rarely,18,1,0,0,0,6,2,2,4,2,4,3,0,0.0,0.0,2.0,0.0,0,Cluster 0,0.0,Low,0.33333333333333337,Medium,0.18688416543087824,Low,Managerial / Team Review
43,Female,Single,4,Marketing,Sales,Sales Executive,3,Travel_Rarely,23,21,7,15,17,3,3,4,2,4,4,4,0,0.7142857142857143,0.3333333333333333,0.14285714285714285,0.8095238095238095,3,Cluster 3,0.6757936507936508,High,0.7232539682539683,High,0.6165496983106968,Medium,Training + Promotion Review
36,Female,Single,4,Life Sciences,Research & Development,Manufacturing Director,2,Travel_Rarely,18,16,14,5,12,9,2,2,3,3,4,3,0,0.3125,0.875,0.125,0.75,3,Cluster 3,0.5204861111111111,Medium,0.8561805555555555,High,0.687443376860548,High,Training / Skill Development
44,Female,Married,3,Medical,Research & Development,Healthcare Representative,3,Travel_Rarely,10,10,7,0,5,1,2,4,3,1,4,3,1,0.0,0.7,0.2,0.5,1,Cluster 1,0.2022222222222222,Low,0.7337777777777778,High,0.5702165650573955,Medium,Training / Skill Development
28,Male,Married,3,Life Sciences,Research & Development,Laboratory Technician,1,Travel_Frequently,2,2,2,2,2,1,2,4,2,4,2,3,0,1.0,1.0,1.0,1.0,2,Cluster 2,0.47444444444444445,Medium,0.8115555555555556,High,0.7560450925468226,High,Training / Skill Development
51,Female,Single,2,Medical,Research & Development,Laboratory Technician,1,Travel_Frequently,8,7,0,7,7,0,6,3,2,2,2,2,0,1.0,0.0,0.8571428571428571,1.0,2,Cluster 2,0.41333333333333333,Medium,0.5112380952380953,Medium,0.40613167619989166,Medium,Career Development Discussion
30,Female,Single,2,Medical,Research & Development,Manufacturing Director,2,Non-Travel,10,8,4,1,7,7,3,3,3,3,3,3,0,0.125,0.5,0.375,0.875,1,Cluster 1,0.18513888888888888,Low,0.6557777777777778,Medium,0.5067273370132367,Medium,Career Development Discussion
29,Female,Divorced,3,Technical Degree,Research & Development,Laboratory Technician,1,Travel_Rarely,10,7,7,7,7,3,2,3,3,2,1,3,1,1.0,1.0,0.2857142857142857,1.0,2,Cluster 2,0.6605555555555556,High,0.9083015873015872,High,0.8274209173865624,High,Training + Promotion Review
28,Male,Single,3,Technical Degree,Research & Development,Research Scientist,1,Travel_Rarely,5,3,2,1,2,2,2,1,3,4,2,2,0,0.3333333333333333,0.6666666666666666,0.6666666666666666,0.6666666666666666,1,Cluster 1,0.2344444444444444,Low,0.6913333333333332,High,0.48139775910364146,Medium,Training / Skill Development
25,Female,Single,3,Medical,Research & Development,Research Scientist,1,Travel_Rarely,2,2,2,2,1,1,3,2,3,4,4,2,0,1.0,1.0,1.5,0.5,2,Cluster 2,0.47444444444444445,Medium,0.769888888888889,High,0.6660179052012962,High,Training / Skill Development
32,Male,Married,3,Medical,Sales,Sales Executive,2,Travel_Rarely,10,10,7,0,8,1,4,4,4,3,3,4,0,0.0,0.7,0.4,0.8,1,Cluster 1,0.2022222222222222,Low,0.717111111111111,High,0.6308723567858515,Medium,Training / Skill Development
45,Female,Single,3,Medical,Research & Development,Manager,5,Travel_Frequently,22,0,0,0,0,3,4,2,3,2,3,3,0,0.0,0.0,4.0,0.0,0,Cluster 0,0.0,Low,0.16666666666666669,Low,0.12677541604877246,Low,Managerial / Team Review
39,Female,Divorced,4,Medical,Research & Development,Manager,4,Travel_Rarely,21,19,9,15,2,6,4,2,2,3,4,3,0,0.7894736842105263,0.47368421052631576,0.21052631578947367,0.10526315789473684,3,Cluster 3,0.7434210526315789,High,0.7732456140350876,High,0.5428641890192609,Medium,Training + Promotion Review
58,Male,Divorced,4,Life Sciences,Research & Development,Research Scientist,1,Travel_Rarely,2,2,2,2,2,1,3,3,3,1,4,3,0,1.0,1.0,1.5,1.0,2,Cluster 2,0.47444444444444445,Medium,0.769888888888889,High,0.7493512385346295,High,Training / Skill Development
32,Male,Married,2,Life Sciences,Research & Development,Laboratory Technician,2,Travel_Rarely,10,10,4,1,1,1,3,3,3,4,1,3,1,0.1,0.4,0.3,0.1,1,Cluster 1,0.1638888888888889,Low,0.6277777777777778,Medium,0.3933540671170429,Medium,Managerial / Team Review
39,Male,Single,3,Medical,Research & Development,Research Scientist,1,Travel_Rarely,6,5,2,0,3,0,2,1,3,3,1,3,1,0.0,0.4,0.4,0.6,1,Cluster 1,0.08777777777777777,Low,0.6042222222222222,Medium,0.35006980831548307,Medium,Career Development Discussion
30,Female,Married,3,Technical Degree,Research & Development,Laboratory Technician,2,Travel_Rarely,10,9,2,6,7,0,6,4,2,1,1,3,0,0.6666666666666666,0.2222222222222222,0.6666666666666666,0.7777777777777778,2,Cluster 2,0.36777777777777776,Medium,0.5846666666666667,Medium,0.4709281594990937,Medium,Career Development Discussion
36,Female,Married,4,Technical Degree,Research & Development,Healthcare Representative,3,Travel_Rarely,10,7,7,1,7,3,0,3,3,4,1,3,0,0.14285714285714285,1.0,0.0,1.0,1,Cluster 1,0.30626984126984125,Low,0.8612539682539683,High,0.7135768856562232,High,Training / Skill Development
46,Female,Single,2,Life Sciences,Human Resources,Human Resources,1,Travel_Rarely,10,7,6,5,7,6,3,1,3,4,3,4,0,0.7142857142857143,0.8571428571428571,0.42857142857142855,1.0,2,Cluster 2,0.5071428571428571,Medium,0.8228571428571428,High,0.6652892921874632,High,Training / Skill Development
28,Female,Married,3,Life Sciences,Research & Development,Laboratory Technician,2,Non-Travel,10,9,8,7,5,0,6,4,1,3,1,3,0,0.7777777777777778,0.8888888888888888,0.6666666666666666,0.5555555555555556,2,Cluster 2,0.6022222222222222,Medium,0.8315555555555555,High,0.692035920250453,High,Training / Skill Development
50,Female,Married,3,Life Sciences,Research & Development,Research Director,4,Travel_Rarely,25,3,2,1,2,4,2,1,3,4,2,3,0,0.3333333333333333,0.6666666666666666,0.6666666666666666,0.6666666666666666,1,Cluster 1,0.2344444444444444,Low,0.6913333333333332,High,0.48139775910364146,Medium,Training / Skill Development
40,Male,Single,4,Marketing,Sales,Sales Executive,3,Travel_Rarely,9,5,4,1,0,2,2,2,2,4,3,3,1,0.2,0.8,0.4,0.0,1,Cluster 1,0.24888888888888888,Low,0.7564444444444445,High,0.46285802164002854,Medium,Training / Skill Development
52,Male,Single,3,Life Sciences,Sales,Sales Executive,3,Travel_Rarely,10,8,7,7,7,9,2,2,3,2,3,2,1,0.875,0.875,0.25,0.875,2,Cluster 2,0.6105555555555555,Medium,0.8637777777777778,High,0.7281847229087713,High,Training / Skill Development
30,Female,Married,4,Medical,Research & Development,Manager,3,Travel_Rarely,9,9,1,0,8,1,2,1,3,2,4,3,0,0.0,0.1111111111111111,0.2222222222222222,0.8888888888888888,1,Cluster 1,0.030555555555555555,Low,0.5209259259259259,Medium,0.2761880503835521,Low,Career Development Discussion
39,Male,Single,2,Life Sciences,Research & Development,Manufacturing Director,2,Travel_Rarely,9,8,7,1,7,0,6,3,3,1,1,3,0,0.125,0.875,0.75,0.875,1,Cluster 1,0.2830555555555555,Low,0.756611111111111,High,0.6460514637227439,Medium,Training / Skill Development
31,Female,Divorced,4,Life Sciences,Sales,Sales Executive,3,Non-Travel,10,10,8,9,6,1,5,3,3,4,1,2,0,0.9,0.8,0.5,0.6,2,Cluster 2,0.6661111111111111,High,0.8315555555555555,High,0.7267581424726755,High,Training + Promotion Review
41,Male,Single,2,Medical,Sales,Sales Executive,2,Non-Travel,19,19,2,11,9,1,4,2,1,3,1,3,0,0.5789473684210527,0.10526315789473684,0.21052631578947367,0.47368421052631576,3,Cluster 3,0.44497076023391813,Medium,0.6030292397660819,Medium,0.3373869246356953,Medium,Career Development Discussion
31,Female,Single,3,Life Sciences,Sales,Sales Representative,1,Travel_Frequently,3,3,2,2,2,1,2,2,3,4,1,4,1,0.6666666666666666,0.6666666666666666,0.6666666666666666,0.6666666666666666,2,Cluster 2,0.3411111111111111,Medium,0.7126666666666666,High,0.5501583456912176,Medium,Training / Skill Development
44,Male,Married,3,Life Sciences,Research & Development,Laboratory Technician,1,Travel_Rarely,10,3,2,1,2,4,4,1,3,1,3,4,1,0.3333333333333333,0.6666666666666666,1.3333333333333333,0.6666666666666666,1,Cluster 1,0.2344444444444444,Low,0.6357777777777778,Medium,0.47247262042071725,Medium,Career Rotation
42,Male,Married,1,Life Sciences,Research & Development,Manager,4,Non-Travel,21,20,8,2,10,0,3,3,3,3,4,2,0,0.1,0.4,0.15,0.5,3,Cluster 3,0.24277777777777776,Low,0.6560555555555555,Medium,0.46156362937331796,Medium,Career Development Discussion
55,Female,Married,2,Medical,Research & Development,Manager,5,Travel_Rarely,23,19,9,9,11,4,5,3,1,4,4,3,0,0.47368421052631576,0.47368421052631576,0.2631578947368421,0.5789473684210527,3,Cluster 3,0.5244736842105262,Medium,0.7250701754385965,High,0.5168088950750579,Medium,Training / Skill Development
56,Male,Single,4,Life Sciences,Human Resources,Manager,5,Travel_Rarely,36,7,3,7,7,6,4,2,3,4,1,3,0,1.0,0.42857142857142855,0.5714285714285714,1.0,3,Cluster 3,0.5192857142857142,Medium,0.6848095238095238,High,0.5729449309135418,Medium,Training / Skill Development
40,Male,Divorced,2,Life Sciences,Research & Development,Research Scientist,1,Non-Travel,6,4,2,0,0,9,0,3,3,3,2,3,0,0.0,0.5,0.0,0.0,1,Cluster 1,0.10277777777777777,Low,0.6705555555555556,High,0.3968930905695611,Medium,Training / Skill Development
34,Male,Divorced,3,Life Sciences,Research & Development,Healthcare Representative,3,Travel_Rarely,10,9,7,1,6,0,0,4,3,4,4,2,0,0.1111111111111111,0.7777777777777778,0.0,0.6666666666666666,1,Cluster 1,0.265,Low,0.7863333333333334,High,0.6336041906958861,Medium,Training / Skill Development
40,Male,Single,3,Life Sciences,Research & Development,Research Scientist,2,Travel_Rarely,9,9,8,8,8,1,4,4,3,3,3,3,0,0.8888888888888888,0.8888888888888888,0.4444444444444444,0.8888888888888888,2,Cluster 2,0.6533333333333333,Medium,0.8602962962962963,High,0.8119865253290858,High,Training / Skill Development
41,Female,Divorced,3,Marketing,Sales,Sales Executive,2,Travel_Frequently,10,9,3,1,7,0,2,1,3,3,4,3,0,0.1111111111111111,0.3333333333333333,0.2222222222222222,0.7777777777777778,1,Cluster 1,0.14277777777777778,Low,0.610037037037037,Medium,0.36861508394207354,Medium,Career Development Discussion
35,Male,Single,4,Life Sciences,Research & Development,Research Scientist,2,Travel_Frequently,9,9,6,1,1,1,3,3,3,3,2,3,0,0.1111111111111111,0.6666666666666666,0.3333333333333333,0.1111111111111111,1,Cluster 1,0.2344444444444444,Low,0.719111111111111,High,0.4969714395562146,Medium,Training / Skill Development
51,Male,Divorced,3,Life Sciences,Human Resources,Manager,4,Travel_Rarely,33,33,9,0,10,1,2,2,3,3,2,3,0,0.0,0.2727272727272727,0.06060606060606061,0.30303030303030304,3,Cluster 3,0.1659090909090909,Low,0.609949494949495,Medium,0.346247484733644,Medium,Career Development Discussion
38,Female,Divorced,2,Life Sciences,Sales,Sales Executive,2,Travel_Rarely,11,7,7,1,7,3,3,1,3,2,4,3,0,0.14285714285714285,1.0,0.42857142857142855,1.0,1,Cluster 1,0.30626984126984125,Low,0.8255396825396825,High,0.6411726298362482,Medium,Training / Skill Development
34,Female,Single,2,Medical,Sales,Sales Executive,2,Travel_Rarely,10,10,8,9,6,1,6,1,3,3,4,4,0,0.9,0.8,0.6,0.6,2,Cluster 2,0.6661111111111111,High,0.8232222222222222,High,0.65875270500357,Medium,Training + Promotion Review
25,Male,Married,1,Medical,Research & Development,Laboratory Technician,1,Travel_Rarely,7,3,2,1,2,3,6,4,3,4,3,2,0,0.3333333333333333,0.6666666666666666,2.0,0.6666666666666666,1,Cluster 1,0.2344444444444444,Low,0.5802222222222222,Medium,0.5635474817377931,Medium,Career Rotation
58,Female,Married,4,Medical,Research & Development,Manufacturing Director,3,Travel_Rarely,31,10,9,5,9,7,0,1,2,3,4,2,1,0.5,0.9,0.0,0.9,3,Cluster 3,0.5016666666666667,Medium,0.8703333333333334,High,0.6386545559400231,Medium,Training / Skill Development
40,Male,Married,4,Life Sciences,Research & Development,Laboratory Technician,1,Travel_Rarely,7,4,2,0,3,3,3,2,3,2,3,3,0,0.0,0.5,0.75,0.75,1,Cluster 1,0.10277777777777777,Low,0.6080555555555556,Medium,0.4285189762179381,Medium,Career Development Discussion
36,Female,Married,3,Marketing,Sales,Sales Executive,2,Travel_Frequently,17,15,7,6,13,2,2,1,4,1,4,2,0,0.4,0.4666666666666667,0.13333333333333333,0.8666666666666667,3,Cluster 3,0.4072222222222222,Medium,0.7103333333333333,High,0.5396168231998681,Medium,Training / Skill Development
48,Male,Single,3,Life Sciences,Research & Development,Manufacturing Director,3,Travel_Rarely,11,10,9,0,8,1,2,4,3,4,3,3,0,0.0,0.9,0.2,0.8,1,Cluster 1,0.26,Low,0.8053333333333335,High,0.6790454770143352,High,Training / Skill Development
27,Female,Married,3,Medical,Sales,Sales Representative,1,Travel_Rarely,5,1,0,0,0,8,4,4,4,3,2,3,0,0.0,0.0,4.0,0.0,0,Cluster 0,0.0,Low,0.16666666666666669,Low,0.22677541604877247,Low,Managerial / Team Review
51,Female,Single,2,Technical Degree,Research & Development,Manufacturing Director,4,Travel_Rarely,29,5,2,0,3,3,1,2,2,4,2,2,0,0.0,0.4,0.2,0.6,1,Cluster 1,0.08777777777777777,Low,0.6208888888888888,Medium,0.3527473499203603,Medium,Career Development Discussion
18,Female,Single,3,Life Sciences,Research & Development,Laboratory Technician,1,Non-Travel,0,0,0,0,0,1,5,4,3,4,3,4,0,0.0,0.0,5.0,0.0,0,Cluster 0,0.0,Low,0.08333333333333337,Low,0.1800543746910529,Low,Managerial / Team Review
35,Female,Married,3,Medical,Research & Development,Laboratory Technician,2,Travel_Rarely,10,9,7,0,0,0,0,4,2,4,2,3,0,0.0,0.7777777777777778,0.0,0.0,1,Cluster 1,0.21388888888888888,Low,0.7761111111111112,High,0.5166286318448948,Medium,Training / Skill Development
27,Male,Single,1,Life Sciences,Sales,Sales Executive,2,Travel_Frequently,8,6,2,0,0,3,3,4,1,4,2,3,0,0.0,0.3333333333333333,0.5,0.0,1,Cluster 1,0.07777777777777778,Low,0.5738888888888889,Medium,0.2988633492612731,Low,Managerial / Team Review
55,Male,Single,4,Marketing,Sales,Sales Executive,4,Travel_Rarely,24,19,7,3,8,6,2,3,4,1,3,2,1,0.15789473684210525,0.3684210526315789,0.10526315789473684,0.42105263157894735,3,Cluster 3,0.2619590643274854,Low,0.6541461988304094,Medium,0.48455513206314516,Medium,Career Development Discussion
56,Male,Married,3,Life Sciences,Research & Development,Manufacturing Director,4,Travel_Rarely,33,19,16,15,9,4,0,2,3,4,1,3,0,0.7894736842105263,0.8421052631578947,0.0,0.47368421052631576,3,Cluster 3,0.895906432748538,High,0.9318128654970759,High,0.7763647295863649,High,Training + Promotion Review
34,Female,Divorced,1,Technical Degree,Research & Development,Research Scientist,1,Non-Travel,5,5,4,0,0,1,2,3,2,1,3,3,0,0.0,0.8,0.4,0.0,1,Cluster 1,0.17555555555555555,Low,0.7417777777777778,High,0.47183511836106984,Medium,Training / Skill Development
40,Female,Divorced,1,Medical,Research & Development,Healthcare Representative,2,Travel_Rarely,15,12,11,11,8,5,0,3,4,2,2,3,0,0.9166666666666666,0.9166666666666666,0.0,0.6666666666666666,3,Cluster 3,0.776111111111111,High,0.9302222222222221,High,0.8447758554402152,High,Training + Promotion Review
34,Male,Married,3,Medical,Research & Development,Laboratory Technician,2,Travel_Rarely,10,8,7,7,7,4,1,3,3,2,1,3,0,0.875,0.875,0.125,0.875,2,Cluster 2,0.6105555555555555,Medium,0.8741944444444445,High,0.763191519745153,High,Training / Skill Development
31,Female,Single,3,Life Sciences,Sales,Sales Representative,1,Travel_Frequently,3,1,0,0,0,7,3,4,2,3,3,4,1,0.0,0.0,3.0,0.0,0,Cluster 0,0.0,Low,0.25,Low,0.173496457406492,Low,Managerial / Team Review
35,Female,Married,4,Marketing,Sales,Sales Executive,2,Travel_Frequently,5,4,2,3,2,0,0,3,3,4,3,2,1,0.75,0.5,0.0,0.5,2,Cluster 2,0.36027777777777775,Medium,0.7220555555555556,High,0.5324166941286318,Medium,Training / Skill Development
38,Male,Divorced,3,Life Sciences,Research & Development,Research Scientist,1,Travel_Frequently,4,4,2,0,3,1,2,3,4,4,4,3,0,0.0,0.5,0.5,0.75,1,Cluster 1,0.10277777777777777,Low,0.6288888888888888,Medium,0.4985325698907014,Medium,Career Development Discussion
34,Female,Single,4,Technical Degree,Research & Development,Healthcare Representative,2,Travel_Rarely,14,14,11,4,11,1,2,4,3,3,4,4,0,0.2857142857142857,0.7857142857142857,0.14285714285714285,0.7857142857142857,3,Cluster 3,0.43539682539682534,Medium,0.8108888888888889,High,0.7025570385016752,High,Training / Skill Development
28,Male,Married,3,Life Sciences,Sales,Sales Executive,2,Travel_Rarely,5,5,3,0,4,1,0,1,2,3,3,3,0,0.0,0.6,0.0,0.8,1,Cluster 1,0.13166666666666665,Low,0.7063333333333333,High,0.416307546548031,Medium,Training / Skill Development
31,Male,Married,4,Medical,Research & Development,Manufacturing Director,2,Travel_Rarely,10,10,2,6,7,1,3,3,3,4,4,2,1,0.6,0.2,0.3,0.7,2,Cluster 2,0.34777777777777774,Medium,0.6045555555555555,Medium,0.4547900258142472,Medium,Career Development Discussion
39,Male,Married,4,Life Sciences,Sales,Sales Executive,2,Travel_Rarely,8,5,4,1,4,3,2,4,2,1,4,4,0,0.2,0.8,0.4,0.8,1,Cluster 1,0.24888888888888888,Low,0.7564444444444445,High,0.6095246883066953,Medium,Training / Skill Development
51,Male,Married,3,Marketing,Sales,Sales Executive,3,Travel_Frequently,14,4,2,3,2,2,5,2,3,2,2,3,0,0.75,0.5,1.25,0.5,2,Cluster 2,0.36027777777777775,Medium,0.6178888888888889,Medium,0.4823487257648157,Medium,Career Development Discussion
41,Female,Divorced,3,Life Sciences,Research & Development,Research Scientist,2,Travel_Frequently,12,6,2,3,3,3,4,4,3,4,1,2,0,0.5,0.3333333333333333,0.6666666666666666,0.5,1,Cluster 1,0.2727777777777778,Low,0.599,Medium,0.4780641786126215,Medium,Career Development Discussion
37,Male,Married,1,Life Sciences,Research & Development,Research Scientist,1,Travel_Rarely,8,6,4,1,3,7,2,3,3,3,4,3,0,0.16666666666666666,0.6666666666666666,0.3333333333333333,0.5,1,Cluster 1,0.22055555555555556,Low,0.7163333333333333,High,0.5312474048442907,Medium,Training / Skill Development
33,Male,Married,1,Life Sciences,Sales,Sales Executive,2,Travel_Frequently,8,5,4,1,2,6,2,4,3,2,1,4,0,0.2,0.8,0.4,0.4,1,Cluster 1,0.24888888888888888,Low,0.7564444444444445,High,0.6028580216400286,Medium,Training / Skill Development
32,Male,Married,1,Marketing,Sales,Sales Executive,2,Travel_Rarely,4,3,2,1,2,0,3,2,3,3,1,2,0,0.3333333333333333,0.6666666666666666,1.0,0.6666666666666666,1,Cluster 1,0.2344444444444444,Low,0.6635555555555556,High,0.5102685230955127,Medium,Training / Skill Development
39,Male,Married,2,Life Sciences,Research & Development,Healthcare Representative,3,Non-Travel,13,6,4,0,5,3,2,3,3,3,2,3,0,0.0,0.6666666666666666,0.3333333333333333,0.8333333333333334,1,Cluster 1,0.15555555555555556,Low,0.7033333333333333,High,0.5429922557258197,Medium,Training / Skill Development
25,Male,Married,1,Life Sciences,Sales,Sales Executive,2,Travel_Rarely,6,3,2,1,2,2,3,3,4,1,2,2,0,0.3333333333333333,0.6666666666666666,1.0,0.6666666666666666,1,Cluster 1,0.2344444444444444,Low,0.6635555555555556,High,0.5769351897621794,Medium,Training / Skill Development
52,Female,Married,2,Medical,Research & Development,Manufacturing Director,4,Travel_Frequently,24,5,3,0,2,2,3,3,4,4,2,2,0,0.0,0.6,0.6,0.4,1,Cluster 1,0.13166666666666665,Low,0.6563333333333333,Medium,0.5016082550667326,Medium,Career Rotation
43,Female,Single,3,Medical,Research & Development,Research Scientist,2,Travel_Rarely,20,20,7,1,8,1,3,3,2,1,1,1,0,0.05,0.35,0.15,0.4,3,Cluster 3,0.18555555555555553,Low,0.6296111111111111,Medium,0.384315263360246,Medium,Career Development Discussion
27,Female,Married,3,Marketing,Sales,Sales Executive,2,Travel_Rarely,6,6,2,4,4,1,3,4,2,4,4,3,0,0.6666666666666666,0.3333333333333333,0.5,0.6666666666666666,2,Cluster 2,0.33777777777777773,Medium,0.6258888888888889,Medium,0.4852172790684901,Medium,Career Development Discussion
27,Female,Single,4,Life Sciences,Research & Development,Research Scientist,1,Travel_Rarely,8,8,2,7,7,1,2,3,3,4,4,3,1,0.875,0.25,0.25,0.875,2,Cluster 2,0.4473611111111111,Medium,0.6436388888888889,Medium,0.5209438608776844,Medium,Career Development Discussion
26,Male,Single,1,Medical,Research & Development,Research Scientist,1,Travel_Rarely,5,4,3,1,1,0,2,4,2,1,4,3,0,0.25,0.75,0.5,0.25,1,Cluster 1,0.24,Low,0.7313333333333334,High,0.5353238589553468,Medium,Training / Skill Development
42,Female,Married,3,Human Resources,Human Resources,Manager,4,Travel_Rarely,21,20,7,0,9,0,5,1,3,3,3,3,0,0.0,0.35,0.25,0.45,3,Cluster 3,0.1497222222222222,Low,0.6141111111111112,Medium,0.34274181633437684,Medium,Career Development Discussion
52,Female,Married,4,Other,Research & Development,Laboratory Technician,1,Travel_Rarely,12,5,4,0,4,9,2,1,3,3,3,1,0,0.0,0.8,0.4,0.8,1,Cluster 1,0.17555555555555555,Low,0.7417777777777778,High,0.5185017850277366,Medium,Training / Skill Development
37,Female,Single,3,Medical,Research & Development,Laboratory Technician,1,Travel_Rarely,8,3,2,0,2,4,6,3,3,1,1,3,0,0.0,0.6666666666666666,2.0,0.6666666666666666,1,Cluster 1,0.12777777777777777,Low,0.5588888888888889,Medium,0.4947868951502169,Medium,Career Rotation
35,Male,Single,2,Life Sciences,Research & Development,Manufacturing Director,3,Travel_Frequently,10,2,2,2,2,2,2,4,3,3,3,3,0,1.0,1.0,1.0,1.0,2,Cluster 2,0.47444444444444445,Medium,0.8115555555555556,High,0.7893784258801559,High,Training / Skill Development
25,Male,Married,3,Technical Degree,Research & Development,Laboratory Technician,1,Travel_Rarely,7,3,2,0,2,4,2,4,3,1,2,2,0,0.0,0.6666666666666666,0.6666666666666666,0.6666666666666666,1,Cluster 1,0.12777777777777777,Low,0.6699999999999999,High,0.5459705058493985,Medium,Training / Skill Development
26,Male,Single,3,Other,Research & Development,Laboratory Technician,1,Travel_Rarely,8,7,7,0,7,0,2,1,4,3,4,3,0,0.0,1.0,0.2857142857142857,1.0,1,Cluster 1,0.2472222222222222,Low,0.8256349206349205,High,0.656806977693038,Medium,Training / Skill Development
29,Male,Single,3,Other,Human Resources,Human Resources,3,Travel_Rarely,10,10,9,0,9,1,3,1,2,2,1,2,0,0.0,0.9,0.3,0.9,1,Cluster 1,0.26,Low,0.797,High,0.5543733728785631,Medium,Training / Skill Development
49,Male,Single,2,Life Sciences,Research & Development,Laboratory Technician,2,Travel_Frequently,20,4,3,1,3,3,2,1,2,1,1,3,1,0.25,0.75,0.5,0.75,1,Cluster 1,0.24,Low,0.7313333333333334,High,0.48532385895534685,Medium,Training / Skill Development
29,Female,Single,1,Other,Research & Development,Healthcare Representative,3,Travel_Frequently,9,8,7,7,7,0,1,4,3,3,1,3,1,0.875,0.875,0.125,0.875,2,Cluster 2,0.6105555555555555,Medium,0.8741944444444445,High,0.7965248530784863,High,Training / Skill Development
54,Female,Single,3,Medical,Research & Development,Research Director,4,Travel_Rarely,29,20,7,12,7,6,3,4,3,4,4,2,0,0.6,0.35,0.15,0.35,3,Cluster 3,0.5797222222222221,Medium,0.7084444444444444,High,0.576896701817982,Medium,Training / Skill Development
58,Female,Married,3,Medical,Research & Development,Research Director,5,Travel_Rarely,32,9,8,1,5,3,3,1,3,4,3,3,0,0.1111111111111111,0.8888888888888888,0.3333333333333333,0.5555555555555556,3,Cluster 3,0.29555555555555557,Low,0.798,High,0.5613118031526336,Medium,Training / Skill Development
55,Male,Divorced,4,Medical,Research & Development,Research Director,4,Travel_Rarely,31,7,7,0,0,2,4,4,4,2,4,4,0,0.0,1.0,0.5714285714285714,0.0,1,Cluster 1,0.2472222222222222,Low,0.8018253968253968,High,0.6529819182574991,Medium,Training / Skill Development
36,Female,Single,4,Marketing,Sales,Sales Executive,2,Travel_Rarely,15,5,4,0,1,3,3,2,3,1,4,3,0,0.0,0.8,0.6,0.2,1,Cluster 1,0.17555555555555555,Low,0.725111111111111,High,0.48915757675619265,Medium,Training / Skill Development
31,Female,Single,4,Life Sciences,Sales,Sales Representative,1,Travel_Frequently,1,1,0,0,0,1,3,3,1,2,2,3,1,0.0,0.0,3.0,0.0,0,Cluster 0,0.0,Low,0.25,Low,0.10682979073982535,Low,Managerial / Team Review
30,Female,Divorced,4,Marketing,Sales,Sales Executive,2,Travel_Rarely,8,3,2,0,2,7,3,1,3,4,2,3,0,0.0,0.6666666666666666,1.0,0.6666666666666666,1,Cluster 1,0.12777777777777777,Low,0.6422222222222222,Medium,0.4415079365079365,Medium,Career Rotation
31,Female,Single,5,Life Sciences,Research & Development,Research Director,4,Travel_Rarely,9,3,2,1,0,3,3,2,3,1,3,4,0,0.3333333333333333,0.6666666666666666,1.0,0.0,1,Cluster 1,0.2344444444444444,Low,0.6635555555555556,High,0.4436018564288461,Medium,Training / Skill Development
34,Male,Divorced,4,Other,Research & Development,Research Scientist,1,Travel_Frequently,10,4,3,1,3,5,2,1,3,4,3,3,0,0.25,0.75,0.5,0.75,1,Cluster 1,0.24,Low,0.7313333333333334,High,0.5186571922886802,Medium,Training / Skill Development
31,Female,Single,3,Life Sciences,Research & Development,Research Scientist,1,Travel_Rarely,1,1,0,0,0,1,3,2,2,1,3,4,1,0.0,0.0,3.0,0.0,0,Cluster 0,0.0,Low,0.25,Low,0.10682979073982535,Low,Managerial / Team Review
27,Male,Married,1,Life Sciences,Research & Development,Laboratory Technician,1,Travel_Rarely,6,5,0,1,4,0,3,1,3,2,2,4,0,0.2,0.0,0.6,0.8,1,Cluster 1,0.07333333333333333,Low,0.4646666666666667,Medium,0.2433165266106443,Low,Career Development Discussion
36,Male,Single,4,Life Sciences,Research & Development,Laboratory Technician,2,Travel_Rarely,10,10,4,1,8,1,2,4,2,1,3,2,0,0.1,0.4,0.2,0.8,1,Cluster 1,0.1638888888888889,Low,0.6361111111111111,Medium,0.46469283791948157,Medium,Career Development Discussion
36,Female,Married,4,Marketing,Sales,Sales Executive,2,Travel_Rarely,11,3,2,0,2,4,3,1,2,3,1,2,0,0.0,0.6666666666666666,1.0,0.6666666666666666,1,Cluster 1,0.12777777777777777,Low,0.6422222222222222,Medium,0.40817460317460313,Medium,Career Rotation
47,Male,Married,3,Technical Degree,Research & Development,Research Scientist,1,Travel_Rarely,17,6,5,1,2,7,2,4,3,1,3,2,0,0.16666666666666666,0.8333333333333334,0.3333333333333333,0.3333333333333333,1,Cluster 1,0.2594444444444445,Low,0.7741111111111111,High,0.6105295490745317,Medium,Training / Skill Development
25,Male,Married,2,Life Sciences,Sales,Sales Representative,1,Travel_Rarely,6,3,2,2,2,3,2,1,2,1,1,3,1,0.6666666666666666,0.6666666666666666,0.6666666666666666,0.6666666666666666,2,Cluster 2,0.3411111111111111,Medium,0.7126666666666666,High,0.4834916790245509,Medium,Training / Skill Development
37,Male,Single,2,Technical Degree,Research & Development,Laboratory Technician,1,Non-Travel,7,6,5,1,3,0,2,3,4,3,1,1,0,0.16666666666666666,0.8333333333333334,0.3333333333333333,0.5,1,Cluster 1,0.2594444444444445,Low,0.7741111111111111,High,0.6271962157411984,Medium,Training / Skill Development
56,Female,Married,2,Life Sciences,Research & Development,Research Scientist,1,Travel_Rarely,5,3,2,1,0,2,3,1,3,1,4,4,0,0.3333333333333333,0.6666666666666666,1.0,0.0,1,Cluster 1,0.2344444444444444,Low,0.6635555555555556,High,0.41026852309551276,Medium,Training / Skill Development
47,Female,Married,4,Medical,Research & Development,Research Director,4,Travel_Rarely,26,20,17,5,6,3,2,3,3,1,2,4,0,0.25,0.85,0.1,0.3,3,Cluster 3,0.5427777777777778,Medium,0.8552222222222221,High,0.676060251551601,High,Training / Skill Development
24,Female,Married,1,Medical,Sales,Sales Executive,2,Travel_Rarely,5,5,4,0,3,1,3,3,3,4,3,3,0,0.0,0.8,0.6,0.6,1,Cluster 1,0.17555555555555555,Low,0.725111111111111,High,0.562490910089526,Medium,Training / Skill Development
32,Male,Married,5,Marketing,Sales,Sales Executive,2,Travel_Rarely,7,4,3,0,3,4,3,4,3,4,3,2,0,0.0,0.75,0.75,0.75,1,Cluster 1,0.15416666666666665,Low,0.6933333333333334,High,0.5868023974295601,Medium,Training / Skill Development
34,Female,Married,3,Life Sciences,Research & Development,Laboratory Technician,1,Travel_Rarely,7,5,4,0,2,5,2,2,2,4,1,2,0,0.0,0.8,0.4,0.4,1,Cluster 1,0.17555555555555555,Low,0.7417777777777778,High,0.47850178502773655,Medium,Training / Skill Development
41,Male,Married,5,Medical,Research & Development,Research Scientist,1,Travel_Rarely,7,4,2,0,3,2,5,3,4,2,1,2,0,0.0,0.5,1.25,0.75,1,Cluster 1,0.10277777777777777,Low,0.5663888888888889,Medium,0.48849178887241174,Medium,Career Development Discussion
40,Male,Divorced,4,Other,Research & Development,Laboratory Technician,2,Non-Travel,11,8,7,0,7,3,2,3,3,3,3,4,0,0.0,0.875,0.25,0.875,1,Cluster 1,0.22847222222222222,Low,0.7873611111111112,High,0.6346165279837425,Medium,Training / Skill Development
31,Male,Divorced,2,Life Sciences,Sales,Sales Executive,3,Travel_Rarely,13,13,7,9,9,1,5,4,3,1,1,3,0,0.6923076923076923,0.5384615384615384,0.38461538461538464,0.6923076923076923,3,Cluster 3,0.561068376068376,Medium,0.7417008547008547,High,0.6579894271434064,Medium,Training / Skill Development
46,Male,Divorced,3,Marketing,Sales,Sales Executive,3,Travel_Rarely,28,7,7,4,3,4,1,4,3,1,1,4,1,0.5714285714285714,1.0,0.14285714285714285,0.42857142857142855,3,Cluster 3,0.4834126984126984,Medium,0.8847777777777778,High,0.746689377711869,High,Training / Skill Development
39,Female,Single,3,Life Sciences,Research & Development,Laboratory Technician,1,Non-Travel,11,1,0,0,0,2,2,1,2,1,2,4,1,0.0,0.0,2.0,0.0,0,Cluster 0,0.0,Low,0.33333333333333337,Medium,0.08688416543087824,Low,Managerial / Team Review
31,Female,Single,5,Life Sciences,Research & Development,Manufacturing Director,3,Travel_Frequently,10,10,8,4,7,1,2,2,4,3,1,3,1,0.4,0.8,0.2,0.7,2,Cluster 2,0.4244444444444444,Medium,0.8082222222222223,High,0.6605095842258472,High,Training / Skill Development
45,Male,Divorced,3,Medical,Research & Development,Healthcare Representative,3,Travel_Rarely,24,7,7,0,7,2,2,1,1,2,2,3,0,0.0,1.0,0.2857142857142857,1.0,1,Cluster 1,0.2472222222222222,Low,0.8256349206349205,High,0.556806977693038,Medium,Training / Skill Development
31,Female,Single,2,Medical,Human Resources,Human Resources,1,Travel_Rarely,8,3,2,0,2,9,3,2,4,4,4,3,0,0.0,0.6666666666666666,1.0,0.6666666666666666,1,Cluster 1,0.12777777777777777,Low,0.6422222222222222,Medium,0.5081746031746032,Medium,Career Rotation
31,Male,Married,3,Life Sciences,Research & Development,Laboratory Technician,1,Travel_Frequently,7,2,2,2,2,6,2,4,3,2,3,1,1,1.0,1.0,1.0,1.0,2,Cluster 2,0.47444444444444445,Medium,0.8115555555555556,High,0.7893784258801559,High,Training / Skill Development
45,Male,Married,3,Technical Degree,Research & Development,Manufacturing Director,3,Travel_Rarely,10,3,1,1,2,4,4,4,3,2,4,4,0,0.3333333333333333,0.3333333333333333,1.3333333333333333,0.6666666666666666,1,Cluster 1,0.17055555555555554,Low,0.523,Medium,0.45185458889438124,Medium,Career Development Discussion
48,Male,Divorced,3,Marketing,Sales,Sales Executive,2,Travel_Rarely,15,2,2,2,2,4,3,1,3,3,1,3,0,1.0,1.0,1.5,1.0,2,Cluster 2,0.47444444444444445,Medium,0.769888888888889,High,0.6826845718679628,High,Training / Skill Development
34,Female,Married,4,Technical Degree,Human Resources,Human Resources,1,Travel_Rarely,2,2,2,2,2,1,0,3,3,1,4,3,1,1.0,1.0,0.0,1.0,2,Cluster 2,0.47444444444444445,Medium,0.894888888888889,High,0.7694328005712088,High,Training / Skill Development
40,Male,Divorced,1,Medical,Research & Development,Research Director,3,Non-Travel,16,9,8,4,8,2,5,2,2,4,3,3,0,0.4444444444444444,0.8888888888888888,0.5555555555555556,0.8888888888888888,3,Cluster 3,0.4488888888888889,Medium,0.8101481481481481,High,0.6425967668112996,Medium,Training / Skill Development
28,Male,Single,3,Medical,Sales,Sales Executive,2,Travel_Rarely,6,5,4,1,3,0,4,1,3,4,4,3,0,0.2,0.8,0.8,0.6,1,Cluster 1,0.24888888888888888,Low,0.7231111111111111,High,0.5175029384302741,Medium,Training / Skill Development
44,Male,Single,3,Life Sciences,Research & Development,Laboratory Technician,1,Non-Travel,7,5,2,0,3,3,5,3,2,3,4,3,0,0.0,0.4,1.0,0.6,1,Cluster 1,0.08777777777777777,Low,0.5542222222222222,Medium,0.37537051683418465,Medium,Career Development Discussion
53,Male,Single,3,Medical,Research & Development,Research Director,4,Travel_Rarely,35,9,8,8,8,4,2,2,4,4,2,2,0,0.8888888888888888,0.8888888888888888,0.2222222222222222,0.8888888888888888,3,Cluster 3,0.6533333333333333,Medium,0.8788148148148149,High,0.7816282382233939,High,Training / Skill Development
49,Male,Married,4,Technical Degree,Research & Development,Healthcare Representative,2,Travel_Rarely,20,3,2,1,2,2,0,3,3,1,2,2,0,0.3333333333333333,0.6666666666666666,0.0,0.6666666666666666,1,Cluster 1,0.2344444444444444,Low,0.7468888888888888,High,0.5569895644532322,Medium,Training / Skill Development
40,Male,Divorced,3,Medical,Research & Development,Research Scientist,1,Travel_Rarely,8,3,1,1,2,2,3,3,3,3,3,4,0,0.3333333333333333,0.3333333333333333,1.0,0.6666666666666666,1,Cluster 1,0.17055555555555554,Low,0.5507777777777778,Medium,0.42298382490250996,Medium,Career Development Discussion
44,Male,Single,3,Life Sciences,Research & Development,Research Scientist,1,Travel_Rarely,6,5,2,1,3,1,3,2,3,4,3,2,0,0.2,0.4,0.6,0.6,1,Cluster 1,0.1611111111111111,Low,0.6022222222222223,Medium,0.4050818366562311,Medium,Career Development Discussion
33,Male,Married,3,Medical,Sales,Sales Executive,2,Travel_Frequently,5,4,3,0,3,0,2,1,3,4,1,3,0,0.0,0.75,0.5,0.75,1,Cluster 1,0.15416666666666665,Low,0.7141666666666667,High,0.4901493244356566,Medium,Training / Skill Development
34,Male,Single,3,Other,Sales,Sales Executive,2,Travel_Rarely,15,13,9,3,12,3,2,1,1,4,4,3,0,0.23076923076923078,0.6923076923076923,0.15384615384615385,0.9230769230769231,3,Cluster 3,0.3565384615384616,Medium,0.7661794871794871,High,0.4954348010697492,Medium,Training / Skill Development
30,Male,Married,1,Life Sciences,Sales,Sales Executive,2,Travel_Rarely,4,2,1,2,2,8,2,3,3,4,3,2,0,1.0,0.5,1.0,1.0,2,Cluster 2,0.38555555555555554,Medium,0.6437777777777778,Medium,0.577424507057725,Medium,Career Development Discussion
42,Female,Single,2,Medical,Research & Development,Laboratory Technician,1,Travel_Frequently,12,12,9,5,8,1,3,4,3,1,3,3,0,0.4166666666666667,0.75,0.25,0.6666666666666666,2,Cluster 2,0.4583333333333333,Medium,0.7958333333333333,High,0.6861859449662217,High,Training / Skill Development
44,Female,Married,5,Marketing,Sales,Sales Executive,2,Travel_Frequently,11,1,0,0,0,7,4,3,3,1,3,2,0,0.0,0.0,4.0,0.0,0,Cluster 0,0.0,Low,0.16666666666666669,Low,0.1601087493821058,Low,Managerial / Team Review
30,Male,Divorced,3,Technical Degree,Research & Development,Research Scientist,1,Non-Travel,1,1,0,0,0,1,2,3,3,3,2,2,0,0.0,0.0,2.0,0.0,0,Cluster 0,0.0,Low,0.33333333333333337,Medium,0.18688416543087827,Low,Managerial / Team Review
57,Male,Married,2,Life Sciences,Research & Development,Research Scientist,2,Travel_Rarely,13,12,9,2,8,0,2,3,4,2,1,2,0,0.16666666666666666,0.75,0.16666666666666666,0.6666666666666666,1,Cluster 1,0.3258333333333333,Low,0.7762777777777777,High,0.6432942961498325,Medium,Training / Skill Development
49,Male,Divorced,4,Life Sciences,Research & Development,Healthcare Representative,3,Travel_Rarely,29,8,7,0,7,3,3,2,3,3,2,3,0,0.0,0.875,0.375,0.875,1,Cluster 1,0.22847222222222222,Low,0.7769444444444444,High,0.5996097311473609,Medium,Training / Skill Development
34,Male,Divorced,3,Medical,Research & Development,Research Director,4,Travel_Frequently,16,14,8,6,9,7,3,1,3,2,4,2,0,0.42857142857142855,0.5714285714285714,0.21428571428571427,0.6428571428571429,3,Cluster 3,0.4439682539682539,Medium,0.7423650793650793,High,0.5262628031604798,Medium,Training / Skill Development
28,Male,Married,3,Technical Degree,Sales,Sales Representative,1,Travel_Frequently,5,3,2,1,2,3,3,3,3,1,4,4,1,0.3333333333333333,0.6666666666666666,1.0,0.6666666666666666,1,Cluster 1,0.2344444444444444,Low,0.6635555555555556,High,0.5436018564288461,Medium,Training / Skill Development
29,Female,Single,3,Technical Degree,Sales,Sales Executive,2,Travel_Frequently,7,5,3,0,0,5,4,2,3,1,1,1,1,0.0,0.6,0.8,0.0,1,Cluster 1,0.13166666666666665,Low,0.6396666666666666,Medium,0.39226404679518867,Medium,Career Rotation
34,Female,Single,4,Medical,Sales,Sales Executive,2,Travel_Rarely,16,15,9,10,10,0,2,2,2,1,3,4,1,0.6666666666666666,0.6,0.13333333333333333,0.6666666666666666,3,Cluster 3,0.6149999999999999,Medium,0.7918888888888889,High,0.5950522601197341,Medium,Training / Skill Development
35,Male,Married,1,Life Sciences,Sales,Sales Representative,1,Travel_Rarely,1,1,0,0,0,1,3,3,3,4,1,3,0,0.0,0.0,3.0,0.0,0,Cluster 0,0.0,Low,0.25,Low,0.17349645740649203,Low,Managerial / Team Review
24,Male,Single,3,Medical,Research & Development,Laboratory Technician,1,Travel_Frequently,4,0,0,0,0,2,2,1,3,2,3,2,1,0.0,0.0,2.0,0.0,0,Cluster 0,0.0,Low,0.33333333333333337,Medium,0.12021749876421159,Low,Managerial / Team Review
24,Female,Married,2,Life Sciences,Sales,Sales Representative,1,Non-Travel,1,1,0,0,0,1,2,2,3,4,3,3,0,0.0,0.0,2.0,0.0,0,Cluster 0,0.0,Low,0.33333333333333337,Medium,0.15355083209754491,Low,Managerial / Team Review
44,Male,Single,1,Medical,Research & Development,Manufacturing Director,3,Travel_Frequently,16,2,2,2,2,5,2,3,3,2,2,2,0,1.0,1.0,1.0,1.0,2,Cluster 2,0.47444444444444445,Medium,0.8115555555555556,High,0.7560450925468226,High,Training / Skill Development
29,Male,Divorced,3,Life Sciences,Sales,Sales Executive,2,Travel_Rarely,10,10,7,0,4,1,3,3,2,3,3,3,0,0.0,0.7,0.3,0.4,1,Cluster 1,0.2022222222222222,Low,0.7254444444444443,High,0.4922111275882901,Medium,Training / Skill Development
30,Male,Divorced,3,Life Sciences,Human Resources,Human Resources,1,Travel_Rarely,6,5,3,1,3,0,3,3,3,3,1,4,0,0.2,0.6,0.6,0.6,1,Cluster 1,0.20500000000000002,Low,0.671,High,0.5126311583456912,Medium,Training / Skill Development
55,Male,Married,4,Life Sciences,Research & Development,Healthcare Representative,2,Travel_Rarely,4,3,2,1,2,0,2,3,3,4,2,3,0,0.3333333333333333,0.6666666666666666,0.6666666666666666,0.6666666666666666,1,Cluster 1,0.2344444444444444,Low,0.6913333333333332,High,0.5480644257703081,Medium,Training / Skill Development
33,Female,Married,4,Medical,Research & Development,Laboratory Technician,1,Travel_Rarely,8,5,4,0,2,8,5,2,2,1,4,3,0,0.0,0.8,1.0,0.4,1,Cluster 1,0.17555555555555555,Low,0.6917777777777778,High,0.4704691602131048,Medium,Training / Skill Development
47,Female,Married,3,Medical,Sales,Sales Executive,2,Travel_Rarely,11,5,4,1,2,3,4,3,3,3,3,2,0,0.2,0.8,0.8,0.4,1,Cluster 1,0.24888888888888888,Low,0.7231111111111111,High,0.5641696050969407,Medium,Training / Skill Development
28,Male,Single,2,Medical,Research & Development,Laboratory Technician,1,Travel_Frequently,8,0,0,0,0,7,2,1,2,3,3,2,1,0.0,0.0,2.0,0.0,0,Cluster 0,0.0,Low,0.33333333333333337,Medium,0.08688416543087824,Low,Managerial / Team Review
28,Male,Divorced,3,Life Sciences,Research & Development,Research Scientist,1,Travel_Rarely,1,1,0,0,0,1,2,3,2,1,4,1,0,0.0,0.0,2.0,0.0,0,Cluster 0,0.0,Low,0.33333333333333337,Medium,0.15355083209754491,Low,Managerial / Team Review
28,Male,Single,3,Life Sciences,Sales,Sales Executive,2,Travel_Frequently,5,4,2,1,3,0,5,1,3,3,4,3,0,0.25,0.5,1.25,0.75,1,Cluster 1,0.18861111111111112,Low,0.5835555555555556,Medium,0.41699965672543526,Medium,Career Development Discussion
49,Female,Married,2,Medical,Research & Development,Laboratory Technician,2,Travel_Rarely,10,3,2,1,2,4,3,1,2,3,1,3,0,0.3333333333333333,0.6666666666666666,1.0,0.6666666666666666,1,Cluster 1,0.2344444444444444,Low,0.6635555555555556,High,0.44360185642884603,Medium,Training / Skill Development
29,Female,Married,1,Life Sciences,Research & Development,Laboratory Technician,1,Travel_Frequently,4,3,2,0,2,0,3,2,3,4,3,3,0,0.0,0.6666666666666666,1.0,0.6666666666666666,1,Cluster 1,0.12777777777777777,Low,0.6422222222222222,Medium,0.47484126984126984,Medium,Career Rotation
28,Male,Married,1,Life Sciences,Research & Development,Manufacturing Director,2,Travel_Rarely,8,8,6,1,7,1,2,2,1,3,2,2,0,0.125,0.75,0.25,0.875,1,Cluster 1,0.2504166666666666,Low,0.75425,High,0.5046304786620531,Medium,Training / Skill Development
33,Male,Single,5,Life Sciences,Research & Development,Healthcare Representative,2,Travel_Rarely,14,0,0,0,0,2,6,3,3,4,1,3,0,0.0,0.0,6.0,0.0,0,Cluster 0,0.0,Low,0.0,Low,0.13333333333333336,Low,Managerial / Team Review
32,Male,Single,3,Medical,Research & Development,Manager,3,Travel_Rarely,10,5,2,0,0,2,5,4,3,3,2,4,0,0.0,0.4,1.0,0.0,0,Cluster 0,0.08777777777777777,Low,0.5542222222222222,Medium,0.38203718350085125,Medium,Managerial / Team Review
54,Female,Divorced,4,Medical,Research & Development,Manager,4,Travel_Frequently,26,14,9,1,12,3,2,4,3,2,1,3,0,0.07142857142857142,0.6428571428571429,0.14285714285714285,0.8571428571428571,3,Cluster 3,0.2626190476190476,Low,0.7334761904761905,High,0.6097157333521643,Medium,Training / Skill Development
29,Male,Single,4,Technical Degree,Research & Development,Research Scientist,1,Travel_Rarely,11,9,7,0,7,6,2,1,2,1,3,1,1,0.0,0.7777777777777778,0.2222222222222222,0.7777777777777778,1,Cluster 1,0.21388888888888888,Low,0.7575925925925926,High,0.4914313633950312,Medium,Training / Skill Development
44,Male,Married,3,Life Sciences,Research & Development,Research Director,4,Travel_Rarely,24,20,6,14,17,3,1,1,3,4,3,4,0,0.7,0.3,0.05,0.85,3,Cluster 3,0.63,Medium,0.7118333333333333,High,0.5300244686109739,Medium,Training / Skill Development
39,Female,Single,3,Life Sciences,Research & Development,Manufacturing Director,3,Travel_Rarely,9,2,0,2,2,4,3,2,3,2,4,3,0,1.0,0.0,1.5,1.0,2,Cluster 2,0.29666666666666663,Low,0.43433333333333335,Medium,0.35877673422310097,Medium,Career Development Discussion
46,Female,Married,3,Life Sciences,Sales,Manager,4,Travel_Rarely,23,13,12,5,1,8,2,2,3,3,4,4,0,0.38461538461538464,0.9230769230769231,0.15384615384615385,0.07692307692307693,3,Cluster 3,0.5179487179487179,Medium,0.8676923076923077,High,0.6332430890908399,Medium,Training / Skill Development
35,Female,Single,3,Life Sciences,Research & Development,Healthcare Representative,3,Travel_Rarely,11,11,8,3,3,1,3,2,2,4,4,1,0,0.2727272727272727,0.7272727272727273,0.2727272727272727,0.2727272727272727,1,Cluster 1,0.35838383838383836,Medium,0.7671313131313131,High,0.5065142877115195,Medium,Training / Skill Development
23,Male,Single,1,Life Sciences,Research & Development,Laboratory Technician,2,Travel_Rarely,5,4,3,1,2,0,2,3,3,1,2,3,0,0.25,0.75,0.5,0.5,1,Cluster 1,0.24,Low,0.7313333333333334,High,0.5603238589553469,Medium,Training / Skill Development
40,Male,Single,4,Life Sciences,Research & Development,Laboratory Technician,1,Travel_Rarely,15,5,4,1,0,3,3,1,3,4,2,1,1,0.2,0.8,0.6,0.0,1,Cluster 1,0.24888888888888888,Low,0.7397777777777778,High,0.46018048003515133,Medium,Training / Skill Development
34,Male,Married,3,Technical Degree,Sales,Sales Executive,3,Travel_Rarely,10,10,9,8,6,1,3,3,2,4,4,3,0,0.8,0.9,0.3,0.6,2,Cluster 2,0.6466666666666667,Medium,0.8743333333333334,High,0.7194638325918602,High,Training / Skill Development
31,Female,Single,3,Life Sciences,Research & Development,Research Scientist,1,Travel_Frequently,7,7,2,7,7,1,2,3,3,4,1,1,1,1.0,0.2857142857142857,0.2857142857142857,1.0,2,Cluster 2,0.483968253968254,Medium,0.6586984126984127,Medium,0.555773925256377,Medium,Career Development Discussion
50,Male,Single,5,Medical,Research & Development,Research Director,4,Travel_Frequently,32,32,6,13,9,1,2,4,1,3,4,3,0,0.40625,0.1875,0.0625,0.28125,3,Cluster 3,0.5163541666666667,Medium,0.6543125,Medium,0.43502318648047456,Medium,Managerial / Team Review
34,Male,Married,2,Technical Degree,Sales,Sales Representative,1,Travel_Rarely,12,11,10,5,7,0,4,3,3,2,2,3,0,0.45454545454545453,0.9090909090909091,0.36363636363636365,0.6363636363636364,2,Cluster 2,0.5055555555555555,Medium,0.8435353535353536,High,0.7114251511656355,High,Training / Skill Development
42,Male,Married,3,Medical,Research & Development,Laboratory Technician,1,Travel_Rarely,4,1,0,0,0,4,3,2,2,3,2,3,0,0.0,0.0,3.0,0.0,0,Cluster 0,0.0,Low,0.25,Low,0.10682979073982535,Low,Managerial / Team Review
37,Male,Married,3,Medical,Research & Development,Research Scientist,2,Travel_Rarely,10,10,8,3,7,1,2,4,3,1,1,3,0,0.3,0.8,0.2,0.7,1,Cluster 1,0.3761111111111111,Medium,0.7985555555555556,High,0.6777899434283516,High,Training / Skill Development
29,Female,Married,1,Other,Research & Development,Healthcare Representative,2,Travel_Rarely,9,7,7,0,7,3,3,1,1,3,3,3,0,0.0,1.0,0.42857142857142855,1.0,1,Cluster 1,0.2472222222222222,Low,0.8137301587301586,High,0.5548944479752685,Medium,Training / Skill Development
33,Male,Single,3,Life Sciences,Research & Development,Manufacturing Director,2,Travel_Rarely,5,5,3,0,2,1,2,2,2,4,4,3,0,0.0,0.6,0.4,0.4,1,Cluster 1,0.13166666666666665,Low,0.673,High,0.4042857966716098,Medium,Training / Skill Development
45,Male,Married,3,Technical Degree,Research & Development,Research Scientist,1,Travel_Rarely,8,5,4,0,3,4,3,4,3,4,4,3,0,0.0,0.8,0.6,0.6,1,Cluster 1,0.17555555555555555,Low,0.725111111111111,High,0.5958242434228593,Medium,Training / Skill Development
42,Male,Married,3,Life Sciences,Research & Development,Healthcare Representative,3,Travel_Frequently,24,20,8,13,9,2,3,4,3,4,3,1,0,0.65,0.4,0.15,0.45,3,Cluster 3,0.6369444444444445,Medium,0.7348888888888888,High,0.6208117344977206,Medium,Training / Skill Development
40,Male,Married,2,Medical,Sales,Sales Executive,2,Travel_Rarely,9,8,4,7,1,0,5,1,3,1,4,4,0,0.875,0.5,0.625,0.125,2,Cluster 2,0.5126388888888889,Medium,0.7004444444444444,High,0.47048648184764097,Medium,Training / Skill Development
33,Male,Married,4,Life Sciences,Research & Development,Laboratory Technician,2,Travel_Rarely,15,15,14,5,7,1,3,3,3,2,2,3,0,0.3333333333333333,0.9333333333333333,0.2,0.4666666666666667,3,Cluster 3,0.5344444444444444,Medium,0.8702222222222222,High,0.7134700389959905,High,Training / Skill Development
40,Male,Single,2,Medical,Human Resources,Manager,4,Travel_Rarely,21,21,7,7,7,1,2,4,3,3,4,3,0,0.3333333333333333,0.3333333333333333,0.09523809523809523,0.3333333333333333,3,Cluster 3,0.39388888888888884,Medium,0.6708412698412698,High,0.5092723246161209,Medium,Training / Skill Development
24,Male,Divorced,2,Technical Degree,Research & Development,Laboratory Technician,1,Travel_Rarely,2,1,1,0,0,0,3,1,2,3,2,3,0,0.0,1.0,3.0,0.0,0,Cluster 0,0.1638888888888889,Low,0.5827777777777778,Medium,0.4261247047838743,Medium,Career Rotation
40,Male,Divorced,2,Life Sciences,Research & Development,Healthcare Representative,2,Non-Travel,8,2,2,2,2,3,2,4,3,4,3,3,0,1.0,1.0,1.0,1.0,2,Cluster 2,0.47444444444444445,Medium,0.8115555555555556,High,0.7893784258801559,High,Training / Skill Development
45,Male,Divorced,4,Technical Degree,Research & Development,Healthcare Representative,3,Travel_Rarely,10,10,8,7,7,1,4,2,3,1,1,3,0,0.7,0.8,0.4,0.7,2,Cluster 2,0.5694444444444444,Medium,0.8205555555555556,High,0.6726576316801229,High,Training / Skill Development
35,Female,Married,4,Life Sciences,Sales,Sales Representative,1,Travel_Rarely,6,5,3,4,2,0,5,3,2,2,1,3,0,0.8,0.6,1.0,0.4,2,Cluster 2,0.42499999999999993,Medium,0.6816666666666666,High,0.5270114516394793,Medium,Training / Skill Development
32,Female,Married,2,Life Sciences,Research & Development,Research Scientist,2,Travel_Rarely,12,7,1,2,5,3,2,2,2,4,1,3,0,0.2857142857142857,0.14285714285714285,0.2857142857142857,0.7142857142857143,1,Cluster 1,0.15341269841269842,Low,0.5497301587301586,Medium,0.3081488556206796,Low,Career Development Discussion
36,Male,Single,4,Life Sciences,Sales,Sales Representative,1,Travel_Rarely,7,3,2,1,2,3,3,4,3,3,4,2,0,0.3333333333333333,0.6666666666666666,1.0,0.6666666666666666,1,Cluster 1,0.2344444444444444,Low,0.6635555555555556,High,0.5769351897621794,Medium,Training / Skill Development
48,Female,Divorced,4,Life Sciences,Sales,Sales Executive,2,Travel_Rarely,18,8,7,7,7,8,2,3,3,3,3,3,0,0.875,0.875,0.25,0.875,2,Cluster 2,0.6105555555555555,Medium,0.8637777777777778,High,0.7615180562421047,High,Training / Skill Development
29,Male,Married,3,Life Sciences,Research & Development,Research Scientist,1,Travel_Rarely,5,1,0,0,0,6,2,3,4,3,1,2,0,0.0,0.0,2.0,0.0,0,Cluster 0,0.0,Low,0.33333333333333337,Medium,0.2202174987642116,Low,Managerial / Team Review
33,Male,Married,4,Life Sciences,Sales,Sales Executive,2,Travel_Rarely,8,2,2,2,2,2,6,1,3,1,4,1,0,1.0,1.0,3.0,1.0,2,Cluster 2,0.47444444444444445,Medium,0.644888888888889,Medium,0.6626030098313835,High,Career Rotation
30,Male,Married,3,Life Sciences,Sales,Sales Executive,2,Travel_Rarely,10,10,8,6,7,1,4,1,2,2,4,3,1,0.6,0.8,0.4,0.7,2,Cluster 2,0.5211111111111111,Medium,0.8108888888888889,High,0.5899379908826275,Medium,Training / Skill Development
38,Male,Married,4,Human Resources,Human Resources,Human Resources,2,Travel_Frequently,10,6,3,1,2,3,2,3,3,3,3,3,0,0.16666666666666666,0.5,0.3333333333333333,0.3333333333333333,1,Cluster 1,0.18166666666666664,Low,0.6585555555555556,Medium,0.4519652606140495,Medium,Career Development Discussion
35,Male,Single,3,Medical,Research & Development,Laboratory Technician,1,Travel_Rarely,3,3,0,1,2,1,3,1,2,4,2,3,0,0.3333333333333333,0.0,1.0,0.6666666666666666,1,Cluster 1,0.10666666666666666,Low,0.438,Medium,0.202365793376174,Low,Career Development Discussion
30,Male,Married,4,Technical Degree,Sales,Sales Executive,3,Travel_Rarely,9,4,2,1,3,3,3,2,3,3,2,3,0,0.25,0.5,0.75,0.75,1,Cluster 1,0.18861111111111112,Low,0.6252222222222222,Medium,0.4570268440709617,Medium,Career Development Discussion
35,Female,Divorced,3,Life Sciences,Research & Development,Laboratory Technician,1,Travel_Rarely,1,1,0,0,0,1,2,1,3,1,4,3,1,0.0,0.0,2.0,0.0,0,Cluster 0,0.0,Low,0.33333333333333337,Medium,0.12021749876421159,Low,Managerial / Team Review
53,Female,Married,5,Technical Degree,Research & Development,Manufacturing Director,3,Travel_Rarely,34,33,7,1,9,0,4,4,2,3,2,3,1,0.030303030303030304,0.21212121212121213,0.12121212121212122,0.2727272727272727,3,Cluster 3,0.15994949494949495,Low,0.5855252525252526,Medium,0.35568730558176925,Medium,Managerial / Team Review
38,Male,Married,3,Medical,Research & Development,Manufacturing Director,2,Travel_Rarely,7,5,2,1,4,4,2,2,3,3,1,3,1,0.2,0.4,0.4,0.8,1,Cluster 1,0.1611111111111111,Low,0.6188888888888889,Medium,0.4277593782611083,Medium,Career Development Discussion
32,Male,Married,4,Technical Degree,Research & Development,Research Scientist,2,Non-Travel,9,6,5,1,2,4,3,1,3,4,2,2,0,0.16666666666666666,0.8333333333333334,0.5,0.3333333333333333,1,Cluster 1,0.2594444444444445,Low,0.7602222222222221,High,0.5082982644038008,Medium,Training / Skill Development
48,Female,Married,4,Other,Research & Development,Research Scientist,1,Travel_Rarely,10,8,2,7,6,8,3,1,3,3,4,2,0,0.875,0.25,0.375,0.75,2,Cluster 2,0.4473611111111111,Medium,0.6332222222222221,Medium,0.4401037307079695,Medium,Career Development Discussion
34,Male,Single,4,Medical,Research & Development,Research Scientist,1,Travel_Rarely,1,1,0,0,0,1,4,4,3,1,3,1,0,0.0,0.0,4.0,0.0,0,Cluster 0,0.0,Low,0.16666666666666669,Low,0.19344208271543914,Low,Managerial / Team Review
55,Male,Married,5,Marketing,Sales,Manager,5,Travel_Rarely,36,36,6,2,13,1,3,4,2,3,3,3,0,0.05555555555555555,0.16666666666666666,0.08333333333333333,0.3611111111111111,3,Cluster 3,0.1688888888888889,Low,0.5768333333333334,Medium,0.35444749272257925,Medium,Career Development Discussion
34,Male,Married,4,Life Sciences,Research & Development,Research Scientist,2,Travel_Rarely,9,2,2,2,1,9,3,4,3,2,2,2,0,1.0,1.0,1.5,0.5,2,Cluster 2,0.47444444444444445,Medium,0.769888888888889,High,0.7326845718679629,High,Training / Skill Development
26,Female,Married,3,Life Sciences,Research & Development,Research Scientist,1,Travel_Rarely,1,1,0,0,0,1,5,4,3,1,1,3,0,0.0,0.0,5.0,0.0,0,Cluster 0,0.0,Low,0.08333333333333337,Low,0.1800543746910529,Low,Managerial / Team Review
38,Male,Married,3,Life Sciences,Sales,Sales Executive,2,Travel_Rarely,10,9,8,7,7,0,3,2,3,3,4,3,0,0.7777777777777778,0.8888888888888888,0.3333333333333333,0.7777777777777778,2,Cluster 2,0.6022222222222222,Medium,0.8593333333333334,High,0.7187207118141373,High,Training / Skill Development
38,Female,Single,3,Life Sciences,Sales,Sales Executive,2,Travel_Rarely,8,3,2,1,2,2,5,2,3,2,2,4,0,0.3333333333333333,0.6666666666666666,1.6666666666666667,0.6666666666666666,1,Cluster 1,0.2344444444444444,Low,0.608,Medium,0.5013433844125885,Medium,Career Rotation
36,Female,Single,4,Life Sciences,Sales,Sales Executive,2,Travel_Rarely,15,1,0,0,0,6,5,3,3,2,1,3,0,0.0,0.0,5.0,0.0,0,Cluster 0,0.0,Low,0.08333333333333337,Low,0.14672104135771957,Low,Managerial / Team Review
29,Male,Single,1,Medical,Research & Development,Laboratory Technician,1,Travel_Rarely,10,10,9,1,5,1,3,1,3,2,4,3,0,0.1,0.9,0.3,0.5,1,Cluster 1,0.30833333333333335,Low,0.8066666666666666,High,0.5637596803427254,Medium,Training / Skill Development
35,Female,Single,4,Medical,Research & Development,Healthcare Representative,2,Travel_Rarely,10,5,2,0,4,3,4,3,3,1,3,3,0,0.0,0.4,0.8,0.8,1,Cluster 1,0.08777777777777777,Low,0.5708888888888889,Medium,0.4313813917723952,Medium,Career Development Discussion
39,Male,Married,3,Medical,Sales,Sales Executive,3,Travel_Rarely,11,7,6,7,6,2,3,3,4,4,1,3,0,1.0,0.8571428571428571,0.42857142857142855,0.8571428571428571,2,Cluster 2,0.6252380952380951,Medium,0.8464761904761905,High,0.7902266082903748,High,Training / Skill Development
29,Male,Divorced,1,Life Sciences,Research & Development,Healthcare Representative,2,Travel_Frequently,6,6,4,1,3,1,0,4,3,1,4,4,0,0.16666666666666666,0.6666666666666666,0.0,0.5,1,Cluster 1,0.22055555555555556,Low,0.7441111111111111,High,0.569043307519086,Medium,Training / Skill Development
50,Male,Married,3,Marketing,Sales,Manager,5,Travel_Rarely,27,1,0,0,0,4,2,3,3,3,3,3,0,0.0,0.0,2.0,0.0,0,Cluster 0,0.0,Low,0.33333333333333337,Medium,0.18688416543087827,Low,Managerial / Team Review
23,Male,Married,3,Technical Degree,Research & Development,Research Scientist,1,Travel_Rarely,4,2,2,2,2,2,2,3,4,4,4,3,0,1.0,1.0,1.0,1.0,2,Cluster 2,0.47444444444444445,Medium,0.8115555555555556,High,0.7893784258801559,High,Training / Skill Development
36,Male,Married,4,Life Sciences,Research & Development,Laboratory Technician,2,Travel_Frequently,9,3,2,0,2,3,3,1,4,1,4,3,0,0.0,0.6666666666666666,1.0,0.6666666666666666,1,Cluster 1,0.12777777777777777,Low,0.6422222222222222,Medium,0.47484126984126984,Medium,Career Rotation
42,Male,Single,2,Other,Research & Development,Manager,5,Travel_Rarely,24,1,0,0,1,8,2,4,2,4,4,3,0,0.0,0.0,2.0,1.0,1,Cluster 1,0.0,Low,0.33333333333333337,Medium,0.28688416543087825,Low,Career Development Discussion
35,Male,Married,3,Life Sciences,Research & Development,Laboratory Technician,2,Travel_Rarely,10,10,9,6,8,1,3,3,4,2,4,2,0,0.6,0.9,0.3,0.8,2,Cluster 2,0.55,Medium,0.855,High,0.7740245509968694,High,Training / Skill Development
34,Male,Married,4,Technical Degree,Research & Development,Healthcare Representative,2,Travel_Frequently,8,8,2,7,7,1,3,3,2,4,2,2,0,0.875,0.25,0.375,0.875,2,Cluster 2,0.4473611111111111,Medium,0.6332222222222221,Medium,0.48593706404130277,Medium,Career Development Discussion
40,Female,Married,2,Life Sciences,Sales,Sales Executive,2,Travel_Rarely,5,5,4,1,2,1,2,1,3,4,3,3,0,0.2,0.8,0.4,0.4,1,Cluster 1,0.24888888888888888,Low,0.7564444444444445,High,0.5028580216400286,Medium,Training / Skill Development
43,Male,Divorced,3,Technical Degree,Research & Development,Laboratory Technician,1,Travel_Rarely,8,6,4,0,2,5,0,2,4,4,3,3,0,0.0,0.6666666666666666,0.0,0.3333333333333333,1,Cluster 1,0.15555555555555556,Low,0.731111111111111,High,0.4974548250672818,Medium,Training / Skill Development
35,Male,Married,2,Life Sciences,Research & Development,Laboratory Technician,1,Travel_Rarely,1,1,0,0,1,1,5,4,2,3,4,2,0,0.0,0.0,5.0,1.0,0,Cluster 0,0.0,Low,0.08333333333333337,Low,0.24672104135771955,Low,Career Development Discussion
46,Male,Single,4,Life Sciences,Sales,Manager,4,Travel_Rarely,27,26,0,0,12,1,5,1,4,4,2,1,0,0.0,0.0,0.19230769230769232,0.46153846153846156,3,Cluster 3,0.0,Low,0.483974358974359,Medium,0.22390553506470462,Low,Career Development Discussion
28,Male,Married,3,Medical,Research & Development,Laboratory Technician,1,Travel_Rarely,1,1,1,0,0,1,3,2,3,3,3,3,1,0.0,1.0,3.0,0.0,0,Cluster 0,0.1638888888888889,Low,0.5827777777777778,Medium,0.49279137145054097,Medium,Career Rotation
22,Female,Married,2,Other,Research & Development,Research Scientist,1,Non-Travel,4,4,2,1,3,1,2,3,2,2,2,2,0,0.25,0.5,0.5,0.75,1,Cluster 1,0.18861111111111112,Low,0.6460555555555555,Medium,0.46037377107705824,Medium,Career Development Discussion
50,Male,Married,5,Medical,Research & Development,Healthcare Representative,4,Travel_Frequently,32,30,8,12,13,2,3,3,3,2,3,3,0,0.4,0.26666666666666666,0.1,0.43333333333333335,3,Cluster 3,0.5311111111111111,Medium,0.6778888888888889,High,0.5115712088757071,Medium,Training / Skill Development
32,Female,Married,4,Other,Research & Development,Research Scientist,1,Travel_Rarely,6,3,2,0,2,3,3,4,4,2,4,3,0,0.0,0.6666666666666666,1.0,0.6666666666666666,1,Cluster 1,0.12777777777777777,Low,0.6422222222222222,Medium,0.5748412698412698,Medium,Career Rotation
44,Female,Divorced,3,Medical,Research & Development,Research Director,5,Travel_Rarely,23,22,7,1,10,0,4,4,3,2,4,2,0,0.045454545454545456,0.3181818181818182,0.18181818181818182,0.45454545454545453,3,Cluster 3,0.17964646464646464,Low,0.6162323232323232,Medium,0.44455986708408857,Medium,Career Development Discussion
30,Male,Married,3,Medical,Research & Development,Research Scientist,1,Travel_Rarely,6,6,4,1,1,1,3,2,2,2,2,2,0,0.16666666666666666,0.6666666666666666,0.5,0.16666666666666666,1,Cluster 1,0.22055555555555556,Low,0.7024444444444444,High,0.42901612017355956,Medium,Training / Skill Development
45,Female,Single,5,Medical,Research & Development,Laboratory Technician,2,Travel_Rarely,10,10,7,1,4,1,3,1,1,3,1,3,0,0.1,0.7,0.3,0.4,1,Cluster 1,0.25055555555555553,Low,0.735111111111111,High,0.408264101719119,Medium,Training / Skill Development
45,Male,Married,3,Marketing,Sales,Sales Executive,2,Non-Travel,10,10,7,4,5,1,2,1,2,1,1,3,0,0.4,0.7,0.2,0.5,1,Cluster 1,0.39555555555555555,Medium,0.7724444444444445,High,0.5010951282473773,Medium,Training / Skill Development
31,Male,Single,4,Other,Sales,Sales Executive,2,Travel_Frequently,10,5,2,0,3,7,3,1,3,4,4,3,0,0.0,0.4,0.6,0.6,1,Cluster 1,0.08777777777777777,Low,0.5875555555555556,Medium,0.34739226671060586,Medium,Career Development Discussion
36,Female,Married,4,Life Sciences,Research & Development,Manufacturing Director,2,Travel_Rarely,7,3,2,1,1,9,2,3,3,3,2,3,0,0.3333333333333333,0.6666666666666666,0.6666666666666666,0.3333333333333333,1,Cluster 1,0.2344444444444444,Low,0.6913333333333332,High,0.5147310924369748,Medium,Training / Skill Development
34,Male,Divorced,4,Life Sciences,Research & Development,Manufacturing Director,2,Travel_Frequently,9,9,7,7,2,1,3,4,4,3,1,3,0,0.7777777777777778,0.7777777777777778,0.3333333333333333,0.2222222222222222,2,Cluster 2,0.5716666666666667,Medium,0.8198888888888889,High,0.7198838633492612,High,Training / Skill Development
49,Female,Married,4,Life Sciences,Research & Development,Laboratory Technician,1,Travel_Rarely,10,9,6,1,4,1,3,1,3,3,4,2,0,0.1111111111111111,0.6666666666666666,0.3333333333333333,0.4444444444444444,1,Cluster 1,0.2344444444444444,Low,0.719111111111111,High,0.46363810622288126,Medium,Training / Skill Development
39,Male,Married,5,Medical,Research & Development,Manufacturing Director,2,Travel_Rarely,10,7,7,7,7,2,3,1,3,2,4,3,0,1.0,1.0,0.42857142857142855,1.0,2,Cluster 2,0.6605555555555556,High,0.8963968253968253,High,0.7588417210021262,High,Training + Promotion Review
27,Male,Divorced,3,Other,Research & Development,Laboratory Technician,1,Travel_Rarely,7,7,7,0,7,1,3,1,2,4,1,3,0,0.0,1.0,0.42857142857142855,1.0,1,Cluster 1,0.2472222222222222,Low,0.8137301587301586,High,0.5882277813086019,Medium,Training / Skill Development
35,Male,Married,5,Life Sciences,Research & Development,Research Scientist,2,Travel_Rarely,16,16,15,1,10,1,2,1,4,2,4,3,0,0.0625,0.9375,0.125,0.625,3,Cluster 3,0.38791666666666663,Medium,0.8484166666666666,High,0.6495502553962761,Medium,Training / Skill Development
28,Female,Divorced,3,Medical,Research & Development,Manufacturing Director,2,Travel_Rarely,6,5,3,0,0,0,5,1,1,2,2,2,0,0.0,0.6,1.0,0.0,1,Cluster 1,0.13166666666666665,Low,0.623,Medium,0.2895865051903114,Low,Career Rotation
21,Male,Single,1,Medical,Research & Development,Research Scientist,1,Travel_Rarely,3,2,2,2,2,1,2,4,3,3,3,3,0,1.0,1.0,1.0,1.0,2,Cluster 2,0.47444444444444445,Medium,0.8115555555555556,High,0.7893784258801559,High,Training / Skill Development
18,Female,Single,2,Medical,Sales,Sales Representative,1,Travel_Frequently,0,0,0,0,0,1,2,4,3,2,3,4,1,0.0,0.0,2.0,0.0,0,Cluster 0,0.0,Low,0.33333333333333337,Medium,0.2202174987642116,Low,Managerial / Team Review
47,Female,Married,4,Life Sciences,Human Resources,Manager,5,Travel_Rarely,27,5,2,1,0,3,2,3,3,4,3,3,0,0.2,0.4,0.4,0.0,1,Cluster 1,0.1611111111111111,Low,0.6188888888888889,Medium,0.3810927115944417,Medium,Managerial / Team Review
39,Male,Divorced,2,Medical,Research & Development,Laboratory Technician,2,Travel_Rarely,11,10,8,0,7,0,3,3,2,3,4,3,0,0.0,0.8,0.3,0.7,1,Cluster 1,0.2311111111111111,Low,0.7612222222222222,High,0.5616255835667601,Medium,Training / Skill Development
40,Female,Married,3,Life Sciences,Research & Development,Manufacturing Director,3,Travel_Rarely,18,18,15,14,12,1,2,3,2,1,4,3,0,0.7777777777777778,0.8333333333333334,0.1111111111111111,0.6666666666666666,3,Cluster 3,0.8544444444444443,High,0.9116296296296296,High,0.7777889090276633,High,Training + Promotion Review
35,Female,Married,4,Life Sciences,Research & Development,Healthcare Representative,2,Non-Travel,15,14,11,2,9,1,5,3,3,3,4,3,0,0.14285714285714285,0.7857142857142857,0.35714285714285715,0.6428571428571429,3,Cluster 3,0.353015873015873,Medium,0.7765555555555554,High,0.6247079694622947,Medium,Training / Skill Development
37,Male,Married,3,Life Sciences,Research & Development,Manufacturing Director,2,Travel_Rarely,9,4,3,0,2,3,2,3,3,3,1,2,0,0.0,0.75,0.5,0.5,1,Cluster 1,0.15416666666666665,Low,0.7141666666666667,High,0.5318159911023232,Medium,Training / Skill Development
39,Female,Single,3,Medical,Research & Development,Manufacturing Director,2,Travel_Frequently,10,9,2,3,8,0,2,3,3,1,4,1,0,0.3333333333333333,0.2222222222222222,0.2222222222222222,0.8888888888888888,1,Cluster 1,0.21444444444444444,Low,0.591037037037037,Medium,0.43706268651251345,Medium,Career Development Discussion
45,Female,Divorced,2,Other,Research & Development,Manufacturing Director,2,Travel_Rarely,10,10,7,3,9,1,3,4,2,4,1,3,0,0.3,0.7,0.3,0.9,1,Cluster 1,0.3472222222222222,Medium,0.7544444444444444,High,0.62370338331411,Medium,Training / Skill Development
38,Female,Married,2,Medical,Research & Development,Manufacturing Director,3,Travel_Rarely,10,5,4,0,2,3,6,3,2,4,4,4,0,0.0,0.8,1.2,0.4,1,Cluster 1,0.17555555555555555,Low,0.6751111111111111,High,0.5011249519415609,Medium,Training / Skill Development
35,Male,Married,3,Medical,Sales,Sales Executive,3,Travel_Rarely,15,13,12,6,0,9,3,1,2,4,3,3,1,0.46153846153846156,0.9230769230769231,0.23076923076923078,0.0,3,Cluster 3,0.5605128205128205,Medium,0.8697948717948718,High,0.5719911276727886,Medium,Training / Skill Development
37,Female,Married,3,Medical,Research & Development,Research Scientist,1,Travel_Rarely,8,8,4,7,7,1,2,2,3,2,1,1,0,0.875,0.5,0.25,0.875,2,Cluster 2,0.5126388888888889,Medium,0.7316944444444444,High,0.5838402056901192,Medium,Training / Skill Development
40,Female,Single,3,Life Sciences,Research & Development,Manufacturing Director,3,Travel_Rarely,18,4,2,3,3,6,2,4,3,3,4,2,0,0.75,0.5,0.5,0.75,2,Cluster 2,0.36027777777777775,Medium,0.6803888888888888,High,0.584056173449772,Medium,Training / Skill Development
44,Male,Married,5,Human Resources,Human Resources,Human Resources,2,Travel_Frequently,14,10,7,0,2,4,3,4,3,1,3,3,0,0.0,0.7,0.3,0.2,1,Cluster 1,0.2022222222222222,Low,0.7254444444444443,High,0.5388777942549569,Medium,Training / Skill Development
48,Male,Married,5,Medical,Research & Development,Manager,4,Travel_Frequently,23,2,2,2,2,2,3,4,2,3,2,3,0,1.0,1.0,1.5,1.0,2,Cluster 2,0.47444444444444445,Medium,0.769888888888889,High,0.7493512385346295,High,Training / Skill Development
35,Male,Divorced,2,Medical,Sales,Sales Executive,2,Travel_Rarely,7,2,2,2,2,6,2,4,1,1,4,2,1,1.0,1.0,1.0,1.0,2,Cluster 2,0.47444444444444445,Medium,0.8115555555555556,High,0.7227117592134893,High,Training / Skill Development
24,Female,Single,1,Technical Degree,Research & Development,Research Scientist,1,Travel_Frequently,6,6,3,1,3,1,2,4,3,1,3,3,0,0.16666666666666666,0.5,0.3333333333333333,0.5,1,Cluster 1,0.18166666666666664,Low,0.6585555555555556,Medium,0.5019652606140496,Medium,Career Development Discussion
27,Female,Married,3,Medical,Research & Development,Research Scientist,1,Travel_Rarely,5,3,2,0,2,7,0,3,4,2,1,3,0,0.0,0.6666666666666666,0.0,0.6666666666666666,1,Cluster 1,0.12777777777777777,Low,0.7255555555555555,High,0.5548956445323227,Medium,Training / Skill Development
27,Male,Single,3,Medical,Research & Development,Research Scientist,1,Travel_Frequently,6,4,2,1,2,2,0,4,3,4,3,2,0,0.25,0.5,0.0,0.5,1,Cluster 1,0.18861111111111112,Low,0.6877222222222222,High,0.508734291755918,Medium,Training / Skill Development
40,Male,Single,3,Life Sciences,Research & Development,Laboratory Technician,1,Travel_Rarely,10,4,2,0,3,3,3,1,3,1,2,1,1,0.0,0.5,0.75,0.75,1,Cluster 1,0.10277777777777777,Low,0.6080555555555556,Medium,0.3951856428846048,Medium,Career Development Discussion
29,Male,Single,3,Medical,Sales,Sales Executive,2,Travel_Rarely,8,5,2,1,4,9,2,3,2,3,3,3,0,0.2,0.4,0.4,0.8,1,Cluster 1,0.1611111111111111,Low,0.6188888888888889,Medium,0.4277593782611083,Medium,Career Development Discussion
36,Female,Married,4,Life Sciences,Research & Development,Healthcare Representative,3,Travel_Rarely,9,3,2,0,2,4,6,1,3,2,3,3,0,0.0,0.6666666666666666,2.0,0.6666666666666666,1,Cluster 1,0.12777777777777777,Low,0.5588888888888889,Medium,0.42812022848355025,Medium,Career Rotation
25,Male,Divorced,1,Life Sciences,Research & Development,Manufacturing Director,2,Travel_Frequently,7,7,7,0,7,1,6,3,4,4,3,3,0,0.0,1.0,0.8571428571428571,1.0,1,Cluster 1,0.2472222222222222,Low,0.778015873015873,High,0.7158235254886267,High,Training / Skill Development
39,Male,Married,3,Medical,Research & Development,Manufacturing Director,2,Travel_Rarely,7,5,4,1,0,4,3,2,3,4,3,3,0,0.2,0.8,0.6,0.0,1,Cluster 1,0.24888888888888888,Low,0.7397777777777778,High,0.49351381336848466,Medium,Training / Skill Development
49,Female,Married,4,Other,Research & Development,Research Director,4,Travel_Rarely,27,4,2,1,2,3,2,2,3,1,2,3,0,0.25,0.5,0.5,0.5,1,Cluster 1,0.18861111111111112,Low,0.6460555555555555,Medium,0.4353737710770582,Medium,Career Development Discussion
50,Female,Divorced,5,Life Sciences,Research & Development,Research Director,3,Travel_Rarely,19,14,11,1,11,5,3,1,2,4,3,3,0,0.07142857142857142,0.7857142857142857,0.21428571428571427,0.7857142857142857,3,Cluster 3,0.3118253968253968,Low,0.7802222222222223,High,0.5272256000439391,Medium,Training / Skill Development
20,Female,Single,3,Medical,Sales,Sales Representative,1,Travel_Rarely,2,2,2,2,2,1,3,3,3,3,1,3,0,1.0,1.0,1.5,1.0,2,Cluster 2,0.47444444444444445,Medium,0.769888888888889,High,0.7493512385346295,High,Training / Skill Development
34,Female,Divorced,3,Life Sciences,Research & Development,Research Scientist,2,Travel_Rarely,11,11,8,7,9,1,2,2,3,4,3,3,0,0.6363636363636364,0.7272727272727273,0.18181818181818182,0.8181818181818182,2,Cluster 2,0.5426262626262627,Medium,0.8115555555555556,High,0.6568026683043984,Medium,Training / Skill Development
36,Male,Single,3,Life Sciences,Research & Development,Laboratory Technician,1,Travel_Rarely,15,4,3,1,3,2,4,2,3,1,3,3,0,0.25,0.75,1.0,0.75,1,Cluster 1,0.24,Low,0.6896666666666667,High,0.5452966716098204,Medium,Training / Skill Development
49,Female,Married,1,Life Sciences,Research & Development,Healthcare Representative,4,Travel_Rarely,30,15,11,2,12,2,3,3,2,3,2,3,0,0.13333333333333333,0.7333333333333333,0.2,0.8,3,Cluster 3,0.34277777777777774,Medium,0.771888888888889,High,0.5901725435272148,Medium,Training / Skill Development
36,Female,Married,4,Medical,Research & Development,Manufacturing Director,2,Non-Travel,4,3,2,1,2,0,6,3,2,4,3,3,0,0.3333333333333333,0.6666666666666666,2.0,0.6666666666666666,1,Cluster 1,0.2344444444444444,Low,0.5802222222222222,Medium,0.49688081507112647,Medium,Career Rotation
36,Male,Divorced,2,Life Sciences,Research & Development,Healthcare Representative,2,Travel_Rarely,13,5,4,0,4,6,3,1,4,4,1,3,0,0.0,0.8,0.6,0.8,1,Cluster 1,0.17555555555555555,Low,0.725111111111111,High,0.5491575767561927,Medium,Training / Skill Development
54,Female,Married,5,Medical,Research & Development,Manager,4,Travel_Rarely,36,10,8,4,7,3,6,3,3,2,3,3,0,0.4,0.8,0.6,0.7,3,Cluster 3,0.4244444444444444,Medium,0.7748888888888888,High,0.6551545010160926,Medium,Training / Skill Development
43,Male,Married,2,Life Sciences,Research & Development,Research Director,4,Travel_Rarely,14,14,10,6,11,1,3,3,2,3,1,3,0,0.42857142857142855,0.7142857142857143,0.21428571428571427,0.7857142857142857,3,Cluster 3,0.49317460317460315,Medium,0.795063492063492,High,0.6328241728063774,Medium,Training / Skill Development
35,Male,Single,4,Other,Sales,Sales Executive,2,Travel_Frequently,13,11,9,6,7,3,2,4,3,4,1,4,1,0.5454545454545454,0.8181818181818182,0.18181818181818182,0.6363636363636364,2,Cluster 2,0.524090909090909,Medium,0.8351212121212122,High,0.7262400650099611,High,Training / Skill Development
38,Male,Married,3,Life Sciences,Research & Development,Research Scientist,2,Travel_Frequently,19,13,11,2,9,7,4,4,3,4,4,4,0,0.15384615384615385,0.8461538461538461,0.3076923076923077,0.6923076923076923,3,Cluster 3,0.3648290598290598,Medium,0.8011709401709401,High,0.685594726880194,High,Training / Skill Development
29,Male,Divorced,3,Medical,Sales,Sales Executive,2,Travel_Rarely,10,10,0,0,9,1,3,2,2,1,2,2,0,0.0,0.0,0.3,0.9,1,Cluster 1,0.0,Low,0.475,Medium,0.23297660240566814,Low,Career Development Discussion
33,Male,Divorced,4,Medical,Sales,Sales Executive,2,Travel_Rarely,6,6,2,0,4,1,5,4,3,4,3,3,0,0.0,0.3333333333333333,0.8333333333333334,0.6666666666666666,1,Cluster 1,0.07777777777777778,Low,0.5461111111111111,Medium,0.42773411325314437,Medium,Career Development Discussion
32,Male,Divorced,3,Medical,Research & Development,Research Scientist,2,Travel_Rarely,10,9,5,1,6,0,4,2,3,4,3,2,0,0.1111111111111111,0.5555555555555556,0.4444444444444444,0.6666666666666666,1,Cluster 1,0.2038888888888889,Low,0.6704074074074075,High,0.47442484575529553,Medium,Training / Skill Development
31,Female,Married,4,Life Sciences,Sales,Sales Executive,2,Travel_Rarely,10,10,0,0,2,1,2,4,3,1,1,3,0,0.0,0.0,0.2,0.2,1,Cluster 1,0.0,Low,0.48333333333333334,Medium,0.26431537320810683,Low,Managerial / Team Review
49,Female,Divorced,3,Medical,Research & Development,Laboratory Technician,1,Travel_Rarely,17,2,2,2,2,4,2,1,3,4,2,2,0,1.0,1.0,1.0,1.0,2,Cluster 2,0.47444444444444445,Medium,0.8115555555555556,High,0.689378425880156,High,Training / Skill Development
38,Female,Single,3,Medical,Research & Development,Laboratory Technician,1,Travel_Frequently,4,4,3,3,3,1,3,2,2,4,2,3,0,0.75,0.75,0.75,0.75,2,Cluster 2,0.4116666666666667,Medium,0.7448333333333333,High,0.5723260009886307,Medium,Training / Skill Development
47,Female,Divorced,4,Life Sciences,Sales,Manager,4,Travel_Rarely,29,3,2,1,2,6,2,2,4,2,3,3,0,0.3333333333333333,0.6666666666666666,0.6666666666666666,0.6666666666666666,1,Cluster 1,0.2344444444444444,Low,0.6913333333333332,High,0.5480644257703081,Medium,Training / Skill Development
49,Male,Single,3,Life Sciences,Research & Development,Manager,4,Travel_Rarely,23,8,7,0,0,4,2,3,3,3,1,3,0,0.0,0.875,0.25,0.0,1,Cluster 1,0.22847222222222222,Low,0.7873611111111112,High,0.5471165279837426,Medium,Training / Skill Development
41,Male,Single,2,Life Sciences,Sales,Sales Executive,3,Travel_Rarely,21,2,0,0,2,3,2,3,3,4,4,3,0,0.0,0.0,1.0,1.0,1,Cluster 1,0.0,Low,0.4166666666666667,Medium,0.3002718734552645,Low,Career Development Discussion
20,Male,Single,1,Life Sciences,Sales,Sales Representative,1,Travel_Rarely,2,2,2,0,2,1,3,1,3,4,1,3,0,0.0,1.0,1.5,1.0,1,Cluster 1,0.17777777777777776,Low,0.7105555555555556,High,0.5841525237545999,Medium,Training / Skill Development
33,Female,Divorced,3,Life Sciences,Sales,Sales Executive,2,Non-Travel,7,6,5,1,2,1,2,4,3,3,3,3,0,0.16666666666666666,0.8333333333333334,0.3333333333333333,0.3333333333333333,1,Cluster 1,0.2594444444444445,Low,0.7741111111111111,High,0.6105295490745317,Medium,Training / Skill Development
36,Male,Married,4,Life Sciences,Research & Development,Healthcare Representative,2,Travel_Rarely,10,3,2,0,2,6,2,3,3,1,2,2,0,0.0,0.6666666666666666,0.6666666666666666,0.6666666666666666,1,Cluster 1,0.12777777777777777,Low,0.6699999999999999,High,0.5126371725160652,Medium,Training / Skill Development
44,Female,Divorced,3,Life Sciences,Human Resources,Human Resources,1,Travel_Rarely,8,2,2,2,2,4,2,4,3,3,1,3,0,1.0,1.0,1.0,1.0,2,Cluster 2,0.47444444444444445,Medium,0.8115555555555556,High,0.7893784258801559,High,Training / Skill Development
23,Male,Single,1,Medical,Research & Development,Laboratory Technician,1,Travel_Rarely,5,5,4,1,2,1,2,3,2,4,1,3,1,0.2,0.8,0.4,0.4,1,Cluster 1,0.24888888888888888,Low,0.7564444444444445,High,0.5361913549733619,Medium,Training / Skill Development
38,Female,Married,2,Medical,Research & Development,Laboratory Technician,1,Travel_Rarely,7,0,0,0,0,7,5,3,3,4,4,2,0,0.0,0.0,5.0,0.0,0,Cluster 0,0.0,Low,0.08333333333333337,Low,0.14672104135771957,Low,Managerial / Team Review
53,Male,Married,4,Medical,Research & Development,Healthcare Representative,3,Travel_Rarely,11,4,3,1,2,3,2,4,4,2,3,3,0,0.25,0.75,0.5,0.5,1,Cluster 1,0.24,Low,0.7313333333333334,High,0.6269905256220135,Medium,Training / Skill Development
48,Female,Married,2,Medical,Sales,Sales Representative,1,Travel_Frequently,19,9,7,7,7,2,3,3,3,4,3,3,1,0.7777777777777778,0.7777777777777778,0.3333333333333333,0.7777777777777778,2,Cluster 2,0.5716666666666667,Medium,0.8198888888888889,High,0.7087727522381502,High,Training / Skill Development
32,Male,Single,4,Life Sciences,Research & Development,Laboratory Technician,1,Travel_Rarely,1,1,0,0,0,1,2,2,3,4,1,3,1,0.0,0.0,2.0,0.0,0,Cluster 0,0.0,Low,0.33333333333333337,Medium,0.15355083209754491,Low,Managerial / Team Review
26,Male,Single,3,Medical,Research & Development,Laboratory Technician,1,Non-Travel,7,7,7,5,7,1,5,4,3,4,3,3,0,0.7142857142857143,1.0,0.7142857142857143,1.0,2,Cluster 2,0.5424603174603174,Medium,0.848968253968254,High,0.8157936311779613,High,Training / Skill Development
55,Male,Divorced,3,Technical Degree,Research & Development,Research Scientist,1,Travel_Rarely,8,4,2,1,2,5,1,2,2,1,4,3,0,0.25,0.5,0.25,0.5,1,Cluster 1,0.18861111111111112,Low,0.6668888888888889,High,0.40538736474982145,Medium,Training / Skill Development
34,Male,Married,2,Medical,Research & Development,Laboratory Technician,2,Travel_Rarely,15,15,10,4,13,1,3,4,2,2,3,4,0,0.26666666666666666,0.6666666666666666,0.2,0.8666666666666667,3,Cluster 3,0.39888888888888885,Medium,0.7631111111111111,High,0.6289290382819794,Medium,Training / Skill Development
60,Male,Divorced,4,Medical,Research & Development,Healthcare Representative,3,Travel_Rarely,19,1,0,0,0,3,2,4,1,3,3,4,0,0.0,0.0,2.0,0.0,0,Cluster 0,0.0,Low,0.33333333333333337,Medium,0.15355083209754491,Low,Managerial / Team Review
33,Male,Married,3,Medical,Research & Development,Laboratory Technician,1,Travel_Rarely,14,14,11,2,13,1,6,2,4,2,4,3,0,0.14285714285714285,0.7857142857142857,0.42857142857142855,0.9285714285714286,3,Cluster 3,0.353015873015873,Medium,0.7706031746031745,High,0.6523231331748385,Medium,Training / Skill Development
37,Male,Divorced,4,Medical,Sales,Sales Executive,2,Travel_Frequently,6,6,3,1,3,1,2,4,1,3,3,2,0,0.16666666666666666,0.5,0.3333333333333333,0.5,1,Cluster 1,0.18166666666666664,Low,0.6585555555555556,Medium,0.4352985939473829,Medium,Career Development Discussion
34,Female,Married,3,Life Sciences,Research & Development,Research Scientist,1,Travel_Rarely,10,10,9,8,7,1,3,4,2,2,2,3,0,0.8,0.9,0.3,0.7,2,Cluster 2,0.6466666666666667,Medium,0.8743333333333334,High,0.7627971659251935,High,Training / Skill Development
23,Male,Divorced,3,Life Sciences,Sales,Sales Representative,1,Travel_Rarely,3,3,2,0,2,1,2,4,3,3,2,3,1,0.0,0.6666666666666666,0.6666666666666666,0.6666666666666666,1,Cluster 1,0.12777777777777777,Low,0.6699999999999999,High,0.5459705058493985,Medium,Training / Skill Development
44,Female,Married,3,Life Sciences,Research & Development,Healthcare Representative,3,Travel_Rarely,9,8,7,6,7,1,2,4,4,3,2,3,0,0.75,0.875,0.25,0.875,2,Cluster 2,0.5559722222222222,Medium,0.8528611111111112,High,0.8100559331575767,High,Training / Skill Development
35,Male,Single,4,Medical,Research & Development,Research Scientist,1,Travel_Frequently,6,5,4,1,4,0,2,4,2,1,3,4,0,0.2,0.8,0.4,0.8,1,Cluster 1,0.24888888888888888,Low,0.7564444444444445,High,0.6095246883066953,Medium,Training / Skill Development
43,Male,Married,3,Medical,Sales,Sales Executive,2,Travel_Rarely,10,10,9,8,8,1,3,4,3,4,1,3,0,0.8,0.9,0.3,0.8,2,Cluster 2,0.6466666666666667,Medium,0.8743333333333334,High,0.8061304992585269,High,Training / Skill Development
24,Male,Married,3,Medical,Research & Development,Research Scientist,1,Travel_Rarely,5,5,3,0,4,1,1,3,4,3,4,3,0,0.0,0.6,0.2,0.8,1,Cluster 1,0.13166666666666665,Low,0.6896666666666667,High,0.546963338276487,Medium,Training / Skill Development
41,Male,Single,3,Marketing,Sales,Sales Executive,3,Travel_Rarely,10,10,8,8,7,1,3,3,3,4,2,3,0,0.8,0.8,0.3,0.7,2,Cluster 2,0.6177777777777778,Medium,0.8385555555555555,High,0.7233827099467237,High,Training / Skill Development
29,Female,Married,4,Medical,Research & Development,Laboratory Technician,1,Travel_Rarely,9,5,3,1,2,9,2,3,3,4,3,3,0,0.2,0.6,0.4,0.4,1,Cluster 1,0.20500000000000002,Low,0.6876666666666668,High,0.4953086999505685,Medium,Training / Skill Development
36,Female,Single,4,Life Sciences,Sales,Sales Representative,2,Travel_Rarely,17,13,7,6,7,3,2,4,3,3,3,2,0,0.46153846153846156,0.5384615384615384,0.15384615384615385,0.5384615384615384,3,Cluster 3,0.43337606837606835,Medium,0.7353931623931623,High,0.603283772936022,Medium,Training / Skill Development
45,Male,Married,1,Life Sciences,Research & Development,Healthcare Representative,3,Non-Travel,25,23,15,14,4,3,3,3,2,3,4,2,0,0.6086956521739131,0.6521739130434783,0.13043478260869565,0.17391304347826086,3,Cluster 3,0.7849999999999999,High,0.8417826086956522,High,0.6511692600313783,Medium,Training + Promotion Review
24,Male,Married,1,Human Resources,Human Resources,Human Resources,1,Travel_Rarely,1,1,0,0,0,1,2,3,1,4,3,3,1,0.0,0.0,2.0,0.0,0,Cluster 0,0.0,Low,0.33333333333333337,Medium,0.12021749876421159,Low,Managerial / Team Review
47,Male,Married,3,Life Sciences,Sales,Sales Executive,4,Travel_Frequently,25,23,5,14,10,7,3,3,1,3,3,1,1,0.6086956521739131,0.21739130434782608,0.13043478260869565,0.43478260869565216,3,Cluster 3,0.5808937198067633,Medium,0.6705265700483092,High,0.44648263687401646,Medium,Training / Skill Development
26,Male,Married,4,Medical,Research & Development,Laboratory Technician,1,Travel_Rarely,3,3,2,0,2,1,3,3,1,4,3,4,0,0.0,0.6666666666666666,1.0,0.6666666666666666,1,Cluster 1,0.12777777777777777,Low,0.6422222222222222,Medium,0.4415079365079365,Medium,Career Rotation
45,Female,Single,2,Technical Degree,Research & Development,Research Director,4,Travel_Rarely,21,21,6,8,6,1,2,2,2,4,3,3,0,0.38095238095238093,0.2857142857142857,0.09523809523809523,0.2857142857142857,3,Cluster 3,0.40809523809523807,Medium,0.6593968253968254,Medium,0.3950289841426767,Medium,Managerial / Team Review
32,Male,Married,3,Life Sciences,Research & Development,Research Scientist,1,Travel_Frequently,10,5,2,1,3,6,3,3,3,1,1,2,0,0.2,0.4,0.6,0.6,1,Cluster 1,0.1611111111111111,Low,0.6022222222222223,Medium,0.4384151699895644,Medium,Career Development Discussion
31,Male,Married,4,Life Sciences,Research & Development,Laboratory Technician,1,Travel_Rarely,6,5,2,0,3,1,2,3,3,2,4,4,0,0.0,0.4,0.4,0.6,1,Cluster 1,0.08777777777777777,Low,0.6042222222222222,Medium,0.4167364749821497,Medium,Career Development Discussion
41,Male,Married,3,Human Resources,Human Resources,Human Resources,2,Non-Travel,10,3,2,1,2,6,4,2,1,3,2,3,0,0.3333333333333333,0.6666666666666666,1.3333333333333333,0.6666666666666666,1,Cluster 1,0.2344444444444444,Low,0.6357777777777778,Medium,0.4391392870873839,Medium,Career Rotation
40,Female,Married,2,Life Sciences,Research & Development,Manufacturing Director,2,Travel_Rarely,18,1,0,0,0,2,3,1,3,2,2,3,0,0.0,0.0,3.0,0.0,0,Cluster 0,0.0,Low,0.25,Low,0.10682979073982535,Low,Managerial / Team Review
24,Male,Divorced,1,Medical,Research & Development,Laboratory Technician,1,Travel_Rarely,6,6,2,1,2,1,2,1,3,2,2,4,0,0.16666666666666666,0.3333333333333333,0.3333333333333333,0.3333333333333333,1,Cluster 1,0.14277777777777775,Low,0.6007777777777777,Medium,0.3226831163838084,Low,Career Development Discussion
46,Male,Single,4,Life Sciences,Research & Development,Healthcare Representative,2,Travel_Rarely,19,10,7,0,9,6,3,2,3,3,4,3,0,0.0,0.7,0.3,0.9,1,Cluster 1,0.2022222222222222,Low,0.7254444444444443,High,0.5422111275882902,Medium,Training / Skill Development
35,Male,Married,4,Life Sciences,Research & Development,Manufacturing Director,2,Travel_Rarely,17,7,7,0,7,2,3,3,3,4,2,3,0,0.0,1.0,0.42857142857142855,1.0,1,Cluster 1,0.2472222222222222,Low,0.8137301587301586,High,0.6882277813086018,High,Training / Skill Development
30,Male,Married,1,Life Sciences,Research & Development,Research Scientist,1,Travel_Rarely,10,10,0,0,8,1,2,4,3,2,2,2,0,0.0,0.0,0.2,0.8,1,Cluster 1,0.0,Low,0.48333333333333334,Medium,0.32431537320810677,Low,Career Development Discussion
47,Male,Married,4,Marketing,Sales,Sales Executive,2,Non-Travel,4,1,0,0,0,7,3,2,3,3,4,1,0,0.0,0.0,3.0,0.0,0,Cluster 0,0.0,Low,0.25,Low,0.14016312407315867,Low,Managerial / Team Review
46,Male,Divorced,3,Life Sciences,Sales,Sales Executive,3,Travel_Rarely,13,10,6,0,3,4,5,4,3,3,2,2,0,0.0,0.6,0.5,0.3,1,Cluster 1,0.17333333333333334,Low,0.6729999999999999,High,0.5067857966716097,Medium,Training / Skill Development
36,Male,Divorced,5,Marketing,Sales,Sales Executive,2,Travel_Rarely,16,2,2,2,2,5,3,1,2,2,2,3,1,1.0,1.0,1.5,1.0,2,Cluster 2,0.47444444444444445,Medium,0.769888888888889,High,0.6493512385346295,Medium,Training / Skill Development
32,Male,Single,2,Life Sciences,Sales,Sales Executive,2,Travel_Rarely,10,0,0,0,0,6,2,2,1,1,2,3,1,0.0,0.0,2.0,0.0,0,Cluster 0,0.0,Low,0.33333333333333337,Medium,0.08688416543087824,Low,Managerial / Team Review
23,Female,Single,1,Medical,Research & Development,Laboratory Technician,1,Travel_Rarely,3,3,2,1,2,1,3,2,3,3,3,1,0,0.3333333333333333,0.6666666666666666,1.0,0.6666666666666666,1,Cluster 1,0.2344444444444444,Low,0.6635555555555556,High,0.5102685230955127,Medium,Training / Skill Development
31,Female,Single,1,Technical Degree,Research & Development,Manufacturing Director,2,Travel_Frequently,9,5,4,1,4,2,3,4,3,4,4,2,0,0.2,0.8,0.6,0.8,1,Cluster 1,0.24888888888888888,Low,0.7397777777777778,High,0.6401804800351513,Medium,Training / Skill Development
39,Male,Married,3,Life Sciences,Research & Development,Laboratory Technician,2,Non-Travel,9,9,8,5,8,1,2,4,3,4,4,3,0,0.5555555555555556,0.8888888888888888,0.2222222222222222,0.8888888888888888,2,Cluster 2,0.5,Medium,0.8481481481481482,High,0.7640348950037531,High,Training / Skill Development
32,Male,Married,3,Life Sciences,Sales,Sales Executive,3,Travel_Rarely,10,4,3,0,2,3,2,3,1,4,3,1,0,0.0,0.75,0.5,0.5,1,Cluster 1,0.15416666666666665,Low,0.7141666666666667,High,0.4651493244356566,Medium,Training / Skill Development
40,Male,Single,4,Medical,Sales,Manager,5,Travel_Rarely,21,21,8,12,8,1,3,2,3,2,2,2,0,0.5714285714285714,0.38095238095238093,0.14285714285714285,0.38095238095238093,3,Cluster 3,0.5911111111111111,Medium,0.7206031746031746,High,0.526433365503064,Medium,Training / Skill Development
45,Female,Married,3,Life Sciences,Human Resources,Human Resources,3,Travel_Rarely,9,5,0,0,3,4,2,3,1,3,3,4,0,0.0,0.0,0.4,0.6,1,Cluster 1,0.0,Low,0.4666666666666667,Medium,0.20163783160322954,Low,Career Development Discussion
30,Female,Single,4,Technical Degree,Research & Development,Research Scientist,1,Travel_Frequently,10,9,7,0,7,0,2,1,2,4,4,3,0,0.0,0.7777777777777778,0.2222222222222222,0.7777777777777778,1,Cluster 1,0.21388888888888888,Low,0.7575925925925926,High,0.4914313633950312,Medium,Training / Skill Development
24,Male,Married,3,Medical,Human Resources,Human Resources,1,Travel_Frequently,3,2,2,2,1,0,2,4,3,1,4,3,0,1.0,1.0,1.0,0.5,2,Cluster 2,0.47444444444444445,Medium,0.8115555555555556,High,0.739378425880156,High,Training / Skill Development
30,Female,Divorced,3,Human Resources,Human Resources,Human Resources,1,Travel_Frequently,6,4,2,1,2,6,0,4,2,3,3,2,1,0.25,0.5,0.0,0.5,1,Cluster 1,0.18861111111111112,Low,0.6877222222222222,High,0.4754009584225847,Medium,Training / Skill Development
31,Male,Married,3,Technical Degree,Sales,Sales Executive,2,Travel_Rarely,6,5,2,0,2,1,3,3,3,1,3,3,0,0.0,0.4,0.6,0.4,1,Cluster 1,0.08777777777777777,Low,0.5875555555555556,Medium,0.3940589333772725,Medium,Career Development Discussion
27,Female,Single,3,Medical,Research & Development,Research Scientist,1,Travel_Rarely,6,6,2,1,4,1,5,4,3,3,3,2,0,0.16666666666666666,0.3333333333333333,0.8333333333333334,0.6666666666666666,1,Cluster 1,0.14277777777777775,Low,0.5591111111111111,Medium,0.4493225957049486,Medium,Career Development Discussion
29,Female,Single,3,Marketing,Sales,Sales Representative,1,Travel_Rarely,2,2,2,2,2,1,3,2,1,2,3,3,1,1.0,1.0,1.5,1.0,2,Cluster 2,0.47444444444444445,Medium,0.769888888888889,High,0.6493512385346295,Medium,Training / Skill Development
29,Male,Single,3,Life Sciences,Research & Development,Healthcare Representative,2,Travel_Frequently,10,3,2,0,2,8,5,3,4,4,4,4,0,0.0,0.6666666666666666,1.6666666666666667,0.6666666666666666,1,Cluster 1,0.12777777777777777,Low,0.5866666666666667,Medium,0.5325827978250123,Medium,Career Rotation
30,Male,Divorced,2,Marketing,Sales,Sales Executive,3,Travel_Rarely,12,7,7,1,7,2,2,1,2,3,1,3,0,0.14285714285714285,1.0,0.2857142857142857,1.0,1,Cluster 1,0.30626984126984125,Low,0.8374444444444443,High,0.6097518262206844,Medium,Training / Skill Development
34,Male,Married,4,Medical,Research & Development,Research Scientist,1,Travel_Rarely,6,5,0,1,2,0,3,4,4,4,1,3,0,0.2,0.0,0.6,0.4,1,Cluster 1,0.07333333333333333,Low,0.4646666666666667,Medium,0.3366498599439776,Medium,Career Development Discussion
33,Female,Single,3,Marketing,Sales,Sales Executive,2,Non-Travel,13,11,7,1,7,8,2,2,3,4,4,2,0,0.09090909090909091,0.6363636363636364,0.18181818181818182,0.6363636363636364,1,Cluster 1,0.2387373737373737,Low,0.7235050505050505,High,0.51058137729245,Medium,Training / Skill Development
49,Female,Single,4,Marketing,Sales,Sales Executive,2,Travel_Rarely,8,5,1,0,4,3,1,4,3,4,3,4,0,0.0,0.2,0.2,0.8,1,Cluster 1,0.04388888888888889,Low,0.5521111111111111,Medium,0.3985313615642335,Medium,Career Development Discussion
33,Female,Single,3,Life Sciences,Sales,Sales Executive,3,Travel_Rarely,11,0,0,0,0,2,2,1,3,1,3,2,1,0.0,0.0,2.0,0.0,0,Cluster 0,0.0,Low,0.33333333333333337,Medium,0.12021749876421159,Low,Managerial / Team Review
38,Female,Married,2,Medical,Research & Development,Laboratory Technician,1,Travel_Frequently,9,6,1,0,5,4,4,2,2,3,2,2,0,0.0,0.16666666666666666,0.6666666666666666,0.8333333333333334,1,Cluster 1,0.03888888888888889,Low,0.5022222222222222,Medium,0.28401658702696764,Low,Career Development Discussion
31,Male,Married,4,Marketing,Sales,Sales Executive,3,Travel_Rarely,10,1,0,0,0,2,2,3,3,1,1,3,1,0.0,0.0,2.0,0.0,0,Cluster 0,0.0,Low,0.33333333333333337,Medium,0.18688416543087827,Low,Managerial / Team Review
29,Female,Divorced,3,Technical Degree,Research & Development,Research Scientist,1,Travel_Rarely,1,1,0,0,0,1,2,1,2,4,3,3,0,0.0,0.0,2.0,0.0,0,Cluster 0,0.0,Low,0.33333333333333337,Medium,0.08688416543087824,Low,Managerial / Team Review
30,Male,Married,3,Life Sciences,Research & Development,Healthcare Representative,2,Travel_Rarely,10,7,0,1,7,3,3,3,4,3,3,3,0,0.14285714285714285,0.0,0.42857142857142855,1.0,1,Cluster 1,0.05904761904761904,Low,0.4760952380952381,Medium,0.3608668408539887,Medium,Career Development Discussion
32,Male,Single,4,Technical Degree,Research & Development,Research Scientist,1,Non-Travel,12,7,7,0,7,2,3,2,3,2,2,3,0,0.0,1.0,0.42857142857142855,1.0,1,Cluster 1,0.2472222222222222,Low,0.8137301587301586,High,0.6548944479752685,Medium,Training / Skill Development
38,Male,Married,3,Medical,Research & Development,Healthcare Representative,2,Travel_Rarely,15,1,0,1,0,3,2,4,1,2,3,3,0,1.0,0.0,2.0,0.0,0,Cluster 0,0.2733333333333333,Low,0.388,Medium,0.24433316856154227,Low,Managerial / Team Review
43,Male,Married,3,Technical Degree,Research & Development,Research Scientist,1,Travel_Frequently,6,1,0,0,0,9,4,3,2,3,4,3,1,0.0,0.0,4.0,0.0,0,Cluster 0,0.0,Low,0.16666666666666669,Low,0.12677541604877246,Low,Managerial / Team Review
42,Male,Divorced,3,Medical,Research & Development,Laboratory Technician,1,Travel_Rarely,7,5,3,0,4,8,6,2,3,2,2,2,0,0.0,0.6,1.2,0.8,1,Cluster 1,0.13166666666666665,Low,0.6063333333333334,Medium,0.4669089635854342,Medium,Career Rotation
55,Male,Married,3,Medical,Research & Development,Research Director,5,Travel_Rarely,34,1,0,0,0,8,2,1,2,3,2,3,0,0.0,0.0,2.0,0.0,0,Cluster 0,0.0,Low,0.33333333333333337,Medium,0.08688416543087824,Low,Managerial / Team Review
33,Male,Divorced,3,Technical Degree,Research & Development,Research Scientist,2,Non-Travel,11,9,8,1,7,5,2,2,3,4,4,2,0,0.1111111111111111,0.8888888888888888,0.2222222222222222,0.7777777777777778,1,Cluster 1,0.29555555555555557,Low,0.8072592592592593,High,0.6183548818220098,Medium,Training / Skill Development
41,Male,Divorced,4,Life Sciences,Research & Development,Laboratory Technician,1,Travel_Rarely,5,5,3,0,4,1,2,1,3,3,2,3,0,0.0,0.6,0.4,0.8,1,Cluster 1,0.13166666666666665,Low,0.673,High,0.44428579667160983,Medium,Training / Skill Development
34,Male,Divorced,3,Life Sciences,Sales,Sales Executive,2,Non-Travel,15,15,14,0,7,1,3,3,3,4,3,3,0,0.0,0.9333333333333333,0.2,0.4666666666666667,3,Cluster 3,0.33444444444444443,Medium,0.8302222222222222,High,0.647043939144285,Medium,Training / Skill Development
53,Female,Married,4,Medical,Research & Development,Manufacturing Director,4,Non-Travel,27,3,2,0,2,4,2,3,2,1,4,2,0,0.0,0.6666666666666666,0.6666666666666666,0.6666666666666666,1,Cluster 1,0.12777777777777777,Low,0.6699999999999999,High,0.4793038391827319,Medium,Training / Skill Development
43,Male,Single,3,Life Sciences,Human Resources,Human Resources,1,Travel_Rarely,10,9,7,1,8,0,5,4,3,2,2,3,0,0.1111111111111111,0.7777777777777778,0.5555555555555556,0.8888888888888888,1,Cluster 1,0.265,Low,0.7400370370370372,High,0.648388797349005,Medium,Training / Skill Development
34,Female,Single,2,Life Sciences,Sales,Sales Executive,2,Travel_Rarely,6,2,2,2,2,5,3,4,1,4,1,3,0,1.0,1.0,1.5,1.0,2,Cluster 2,0.47444444444444445,Medium,0.769888888888889,High,0.7160179052012962,High,Training / Skill Development
21,Male,Single,1,Marketing,Sales,Sales Representative,1,Travel_Rarely,1,1,0,1,0,1,3,2,3,2,2,3,1,1.0,0.0,3.0,0.0,0,Cluster 0,0.2733333333333333,Low,0.30466666666666664,Low,0.23094546053715603,Low,Managerial / Team Review
38,Female,Married,2,Other,Research & Development,Laboratory Technician,1,Travel_Rarely,5,5,4,0,4,1,3,3,2,4,2,3,0,0.0,0.8,0.6,0.8,1,Cluster 1,0.17555555555555555,Low,0.725111111111111,High,0.5491575767561927,Medium,Training / Skill Development
22,Female,Married,1,Medical,Research & Development,Laboratory Technician,1,Travel_Rarely,1,1,0,0,0,1,6,1,3,3,3,3,1,0.0,0.0,6.0,0.0,0,Cluster 0,0.0,Low,0.0,Low,0.06666666666666668,Low,Managerial / Team Review
31,Female,Married,4,Marketing,Sales,Sales Executive,2,Travel_Rarely,13,12,7,5,7,1,3,4,2,1,1,3,0,0.4166666666666667,0.5833333333333334,0.25,0.5833333333333334,3,Cluster 3,0.40555555555555556,Medium,0.7352777777777778,High,0.5772908771351678,Medium,Training / Skill Development
51,Female,Married,3,Technical Degree,Research & Development,Manager,3,Travel_Rarely,15,2,2,2,2,2,2,3,3,1,4,3,0,1.0,1.0,1.0,1.0,2,Cluster 2,0.47444444444444445,Medium,0.8115555555555556,High,0.7560450925468226,High,Training / Skill Development
37,Male,Married,2,Marketing,Sales,Sales Executive,2,Travel_Rarely,5,5,2,0,3,1,2,2,2,2,1,3,0,0.0,0.4,0.4,0.6,1,Cluster 1,0.08777777777777777,Low,0.6042222222222222,Medium,0.350069808315483,Medium,Career Development Discussion
46,Male,Divorced,4,Medical,Research & Development,Research Director,5,Travel_Rarely,24,2,1,2,2,7,3,4,3,3,3,3,0,1.0,0.5,1.5,1.0,2,Cluster 2,0.38555555555555554,Medium,0.6021111111111112,Medium,0.6040639863788652,Medium,Career Development Discussion
36,Male,Married,3,Life Sciences,Research & Development,Healthcare Representative,3,Travel_Rarely,15,12,8,5,7,7,1,1,3,4,4,3,0,0.4166666666666667,0.6666666666666666,0.08333333333333333,0.5833333333333334,3,Cluster 3,0.4319444444444444,Medium,0.7794444444444444,High,0.5464696957214258,Medium,Training / Skill Development
44,Male,Divorced,2,Medical,Research & Development,Research Scientist,1,Travel_Frequently,6,5,3,2,3,1,2,2,3,3,3,2,1,0.4,0.6,0.4,0.6,1,Cluster 1,0.2783333333333333,Low,0.7023333333333334,High,0.5063316032295271,Medium,Training / Skill Development
37,Male,Divorced,2,Other,Human Resources,Human Resources,2,Travel_Rarely,19,10,0,4,7,2,4,2,3,3,3,2,0,0.4,0.0,0.4,0.7,1,Cluster 1,0.19333333333333333,Low,0.5053333333333333,Medium,0.30918306145987806,Low,Career Development Discussion
35,Male,Single,3,Life Sciences,Sales,Sales Executive,2,Travel_Rarely,10,10,7,7,7,1,2,4,3,3,4,3,1,0.7,0.7,0.2,0.7,2,Cluster 2,0.5405555555555556,Medium,0.8014444444444445,High,0.702587383973197,High,Training / Skill Development
33,Male,Married,4,Life Sciences,Research & Development,Research Scientist,1,Travel_Rarely,14,10,8,7,6,6,1,1,4,4,2,3,0,0.7,0.8,0.1,0.6,2,Cluster 2,0.5694444444444444,Medium,0.8455555555555556,High,0.6666739440874389,High,Training / Skill Development
28,Male,Married,3,Life Sciences,Research & Development,Research Scientist,1,Travel_Rarely,5,5,3,0,3,1,6,4,3,3,3,4,0,0.0,0.6,1.2,0.6,1,Cluster 1,0.13166666666666665,Low,0.6063333333333334,Medium,0.5135756302521008,Medium,Career Rotation
39,Male,Single,1,Medical,Research & Development,Research Director,3,Travel_Rarely,9,4,3,2,2,7,3,3,3,3,3,3,0,0.5,0.75,0.75,0.5,1,Cluster 1,0.3258333333333333,Low,0.7276666666666667,High,0.5854847998022739,Medium,Training / Skill Development
46,Male,Single,2,Life Sciences,Sales,Sales Executive,2,Non-Travel,6,2,2,2,2,8,3,2,2,2,3,3,0,1.0,1.0,1.5,1.0,2,Cluster 2,0.47444444444444445,Medium,0.769888888888889,High,0.6826845718679628,High,Training / Skill Development
40,Female,Married,2,Life Sciences,Research & Development,Laboratory Technician,1,Travel_Rarely,7,4,3,0,2,4,5,1,3,3,4,2,0,0.0,0.75,1.25,0.5,1,Cluster 1,0.15416666666666665,Low,0.6516666666666667,Medium,0.45510854341736695,Medium,Career Rotation
42,Male,Married,3,Medical,Research & Development,Healthcare Representative,2,Travel_Rarely,10,0,0,0,0,5,2,1,4,2,3,2,0,0.0,0.0,2.0,0.0,0,Cluster 0,0.0,Low,0.33333333333333337,Medium,0.15355083209754491,Low,Managerial / Team Review
35,Male,Divorced,2,Medical,Research & Development,Manufacturing Director,2,Non-Travel,15,7,7,1,7,2,6,4,3,2,3,3,0,0.14285714285714285,1.0,0.8571428571428571,1.0,1,Cluster 1,0.30626984126984125,Low,0.7898253968253969,High,0.7354350406829399,High,Training / Skill Development
38,Male,Divorced,3,Human Resources,Human Resources,Human Resources,1,Non-Travel,13,11,10,3,8,5,3,2,3,1,4,3,0,0.2727272727272727,0.9090909090909091,0.2727272727272727,0.7272727272727273,1,Cluster 1,0.41343434343434343,Medium,0.8326868686868687,High,0.6578035271149457,Medium,Training / Skill Development
34,Male,Married,4,Life Sciences,Research & Development,Laboratory Technician,2,Travel_Frequently,11,7,1,0,7,4,3,1,3,4,3,2,1,0.0,0.14285714285714285,0.42857142857142855,1.0,1,Cluster 1,0.03531746031746032,Low,0.5142063492063492,Medium,0.29558472408571274,Low,Career Development Discussion
37,Male,Single,4,Medical,Research & Development,Manufacturing Director,2,Travel_Rarely,10,10,3,0,8,1,4,1,3,4,2,1,1,0.0,0.3,0.4,0.8,1,Cluster 1,0.08666666666666667,Low,0.574,Medium,0.33988119953863893,Medium,Career Development Discussion
39,Male,Divorced,3,Life Sciences,Sales,Sales Executive,2,Travel_Frequently,7,2,1,2,2,2,6,4,3,3,4,3,0,1.0,0.5,3.0,1.0,2,Cluster 2,0.38555555555555554,Medium,0.47711111111111115,Medium,0.5839824243422859,Medium,Career Development Discussion
43,Male,Single,3,Life Sciences,Research & Development,Research Scientist,1,Non-Travel,7,3,2,1,2,4,2,3,3,1,3,2,0,0.3333333333333333,0.6666666666666666,0.6666666666666666,0.6666666666666666,1,Cluster 1,0.2344444444444444,Low,0.6913333333333332,High,0.5480644257703081,Medium,Training / Skill Development
41,Male,Single,3,Life Sciences,Research & Development,Healthcare Representative,2,Travel_Rarely,11,3,2,1,2,3,3,2,4,2,1,1,0,0.3333333333333333,0.6666666666666666,1.0,0.6666666666666666,1,Cluster 1,0.2344444444444444,Low,0.6635555555555556,High,0.5436018564288461,Medium,Training / Skill Development
41,Female,Divorced,1,Marketing,Sales,Sales Executive,3,Travel_Rarely,23,22,14,13,5,0,3,3,3,3,4,4,0,0.5909090909090909,0.6363636363636364,0.13636363636363635,0.22727272727272727,3,Cluster 3,0.7409595959595959,High,0.8277373737373738,High,0.6704174693050124,High,Training + Promotion Review
30,Female,Single,3,Medical,Research & Development,Manufacturing Director,3,Travel_Rarely,9,7,7,0,2,9,3,3,3,1,2,3,0,0.0,1.0,0.42857142857142855,0.2857142857142857,1,Cluster 1,0.2472222222222222,Low,0.8137301587301586,High,0.6167992098800305,Medium,Training / Skill Development
26,Female,Married,2,Medical,Human Resources,Human Resources,1,Travel_Rarely,6,5,1,1,4,0,3,2,3,4,3,3,1,0.2,0.2,0.6,0.8,1,Cluster 1,0.11722222222222223,Low,0.5334444444444445,Medium,0.35086584830010437,Medium,Career Development Discussion
46,Female,Married,2,Medical,Research & Development,Healthcare Representative,2,Travel_Rarely,13,9,7,3,7,4,2,2,3,4,4,4,1,0.3333333333333333,0.7777777777777778,0.2222222222222222,0.7777777777777778,1,Cluster 1,0.3672222222222222,Medium,0.7882592592592592,High,0.609024706614672,Medium,Training / Skill Development
40,Female,Divorced,3,Life Sciences,Research & Development,Healthcare Representative,2,Travel_Rarely,12,5,3,0,3,4,3,4,3,3,4,3,0,0.0,0.6,0.6,0.6,1,Cluster 1,0.13166666666666665,Low,0.6563333333333333,Medium,0.5216082550667326,Medium,Career Rotation
34,Male,Married,2,Technical Degree,Sales,Sales Executive,2,Travel_Rarely,10,10,8,4,8,1,5,3,4,2,3,3,0,0.4,0.8,0.5,0.8,2,Cluster 2,0.4244444444444444,Medium,0.7832222222222222,High,0.6998266051518646,High,Training / Skill Development
58,Male,Divorced,3,Medical,Sales,Manager,4,Non-Travel,37,16,9,14,14,4,0,2,3,2,4,2,0,0.875,0.5625,0.0,0.875,3,Cluster 3,0.7547916666666666,High,0.8197083333333333,High,0.686250689981875,High,Training + Promotion Review
35,Male,Married,4,Medical,Research & Development,Laboratory Technician,1,Travel_Rarely,6,5,4,0,3,0,2,3,1,2,2,4,0,0.0,0.8,0.4,0.6,1,Cluster 1,0.17555555555555555,Low,0.7417777777777778,High,0.49850178502773657,Medium,Training / Skill Development
47,Female,Divorced,3,Life Sciences,Research & Development,Manufacturing Director,3,Travel_Rarely,28,22,11,14,10,8,4,2,2,3,3,3,0,0.6363636363636364,0.5,0.18181818181818182,0.45454545454545453,3,Cluster 3,0.7135353535353535,High,0.7775555555555556,High,0.5760980591880246,Medium,Training + Promotion Review
40,Female,Divorced,3,Life Sciences,Research & Development,Healthcare Representative,2,Travel_Rarely,15,7,4,7,7,2,3,1,3,2,2,3,0,1.0,0.5714285714285714,0.42857142857142855,1.0,2,Cluster 2,0.5546031746031747,Medium,0.7466349206349207,High,0.5958535257240151,Medium,Training / Skill Development
54,Female,Married,4,Medical,Research & Development,Research Scientist,2,Travel_Rarely,14,7,1,1,7,4,2,4,3,4,2,2,0,0.14285714285714285,0.14285714285714285,0.2857142857142857,1.0,1,Cluster 1,0.09436507936507936,Low,0.5379206349206349,Medium,0.41710876899779514,Medium,Career Development Discussion
31,Female,Married,4,Marketing,Sales,Sales Executive,3,Travel_Frequently,9,3,2,2,2,2,3,1,3,1,4,3,0,0.6666666666666666,0.6666666666666666,1.0,0.6666666666666666,2,Cluster 2,0.3411111111111111,Medium,0.6848888888888889,High,0.5123624430164222,Medium,Training / Skill Development
28,Female,Married,3,Medical,Research & Development,Research Scientist,1,Travel_Rarely,3,3,2,1,2,1,3,1,3,3,3,3,0,0.3333333333333333,0.6666666666666666,1.0,0.6666666666666666,1,Cluster 1,0.2344444444444444,Low,0.6635555555555556,High,0.4769351897621794,Medium,Training / Skill Development
38,Female,Married,4,Marketing,Sales,Sales Representative,2,Travel_Rarely,20,4,2,0,3,2,4,4,1,2,1,2,0,0.0,0.5,1.0,0.75,1,Cluster 1,0.10277777777777777,Low,0.5872222222222222,Medium,0.4251720492118416,Medium,Career Development Discussion
26,Male,Single,3,Medical,Sales,Sales Executive,2,Travel_Rarely,5,5,3,1,2,1,4,4,3,3,1,3,0,0.2,0.6,0.8,0.4,1,Cluster 1,0.20500000000000002,Low,0.6543333333333333,Medium,0.5232869500741473,Medium,Career Rotation
58,Male,Married,4,Life Sciences,Research & Development,Research Director,4,Travel_Frequently,23,2,2,2,2,2,3,3,3,1,2,3,0,1.0,1.0,1.5,1.0,2,Cluster 2,0.47444444444444445,Medium,0.769888888888889,High,0.7493512385346295,High,Training / Skill Development
18,Female,Single,3,Medical,Research & Development,Research Scientist,1,Non-Travel,0,0,0,0,0,1,4,3,3,2,3,1,0,0.0,0.0,4.0,0.0,0,Cluster 0,0.0,Low,0.16666666666666669,Low,0.1601087493821058,Low,Managerial / Team Review
31,Male,Married,5,Human Resources,Human Resources,Human Resources,1,Travel_Rarely,2,1,0,0,0,0,4,1,4,4,3,3,1,0.0,0.0,4.0,0.0,0,Cluster 0,0.0,Low,0.16666666666666669,Low,0.12677541604877246,Low,Managerial / Team Review
29,Male,Divorced,3,Human Resources,Human Resources,Human Resources,1,Travel_Rarely,4,2,2,2,0,4,3,1,2,1,4,3,1,1.0,1.0,1.5,0.0,2,Cluster 2,0.47444444444444445,Medium,0.769888888888889,High,0.5493512385346295,Medium,Training / Skill Development
45,Female,Married,4,Life Sciences,Sales,Sales Executive,2,Non-Travel,10,8,7,5,7,4,3,3,3,3,2,4,0,0.625,0.875,0.375,0.875,2,Cluster 2,0.5013888888888889,Medium,0.8315277777777778,High,0.7235870132366672,High,Training / Skill Development
36,Female,Married,4,Other,Research & Development,Research Scientist,2,Travel_Rarely,15,1,0,0,0,4,2,2,3,4,4,3,0,0.0,0.0,2.0,0.0,0,Cluster 0,0.0,Low,0.33333333333333337,Medium,0.15355083209754491,Low,Managerial / Team Review
43,Male,Married,4,Life Sciences,Sales,Sales Executive,2,Travel_Frequently,7,7,7,7,7,1,5,4,3,1,3,3,0,1.0,1.0,0.7142857142857143,1.0,2,Cluster 2,0.6605555555555556,High,0.8725873015873016,High,0.8550166615665873,High,Training + Promotion Review
27,Female,Single,2,Life Sciences,Research & Development,Laboratory Technician,1,Travel_Frequently,6,5,4,0,2,0,3,4,3,4,3,2,0,0.0,0.8,0.6,0.4,1,Cluster 1,0.17555555555555555,Low,0.725111111111111,High,0.5758242434228593,Medium,Training / Skill Development
29,Male,Married,1,Medical,Research & Development,Laboratory Technician,1,Travel_Frequently,11,11,8,3,10,1,3,4,3,4,2,4,0,0.2727272727272727,0.7272727272727273,0.2727272727272727,0.9090909090909091,1,Cluster 1,0.35838383838383836,Medium,0.7671313131313131,High,0.6701506513478831,High,Training / Skill Development
32,Male,Single,4,Marketing,Sales,Sales Executive,2,Travel_Frequently,4,0,0,0,0,8,2,4,3,4,3,4,0,0.0,0.0,2.0,0.0,0,Cluster 0,0.0,Low,0.33333333333333337,Medium,0.2202174987642116,Low,Managerial / Team Review
42,Male,Married,4,Technical Degree,Research & Development,Research Scientist,1,Non-Travel,10,6,3,3,3,3,1,3,3,3,2,2,0,0.5,0.5,0.16666666666666666,0.5,1,Cluster 1,0.31166666666666665,Low,0.6984444444444444,High,0.5140401768550557,Medium,Training / Skill Development
47,Female,Single,4,Life Sciences,Research & Development,Laboratory Technician,1,Travel_Rarely,7,2,2,2,0,4,2,3,3,2,3,3,0,1.0,1.0,1.0,0.0,2,Cluster 2,0.47444444444444445,Medium,0.8115555555555556,High,0.6560450925468226,Medium,Training / Skill Development
46,Male,Divorced,2,Life Sciences,Research & Development,Manufacturing Director,3,Travel_Rarely,12,9,8,4,7,3,4,4,3,4,3,2,0,0.4444444444444444,0.8888888888888888,0.4444444444444444,0.7777777777777778,2,Cluster 2,0.4488888888888889,Medium,0.8194074074074074,High,0.7329731788140091,High,Training / Skill Development
28,Male,Divorced,2,Life Sciences,Human Resources,Human Resources,1,Non-Travel,3,3,2,2,2,1,2,4,3,3,2,3,0,0.6666666666666666,0.6666666666666666,0.6666666666666666,0.6666666666666666,2,Cluster 2,0.3411111111111111,Medium,0.7126666666666666,High,0.6168250123578842,Medium,Training / Skill Development
29,Male,Divorced,1,Life Sciences,Research & Development,Healthcare Representative,2,Travel_Rarely,11,7,0,1,6,8,3,3,1,4,4,3,0,0.14285714285714285,0.0,0.42857142857142855,0.8571428571428571,1,Cluster 1,0.05904761904761904,Low,0.4760952380952381,Medium,0.24658112656827438,Low,Career Development Discussion
42,Male,Single,3,Life Sciences,Research & Development,Laboratory Technician,1,Travel_Rarely,8,0,0,0,0,4,3,3,3,4,4,3,0,0.0,0.0,3.0,0.0,0,Cluster 0,0.0,Low,0.25,Low,0.17349645740649203,Low,Managerial / Team Review
32,Male,Single,4,Marketing,Sales,Sales Executive,2,Travel_Rarely,7,2,2,2,2,7,3,2,2,3,3,2,1,1.0,1.0,1.5,1.0,2,Cluster 2,0.47444444444444445,Medium,0.769888888888889,High,0.6826845718679628,High,Training / Skill Development
46,Female,Divorced,3,Technical Degree,Sales,Sales Executive,4,Travel_Rarely,25,19,17,2,8,2,5,1,4,1,4,3,0,0.10526315789473684,0.8947368421052632,0.2631578947368421,0.42105263157894735,3,Cluster 3,0.4433040935672514,Medium,0.8351520467836258,High,0.6329499628540787,Medium,Training / Skill Development
27,Female,Married,1,Medical,Sales,Sales Representative,2,Travel_Rarely,9,9,8,5,8,1,5,3,2,2,4,3,0,0.5555555555555556,0.8888888888888888,0.5555555555555556,0.8888888888888888,2,Cluster 2,0.5,Medium,0.8203703703703703,High,0.6929056589956244,High,Training / Skill Development
29,Male,Married,1,Medical,Human Resources,Human Resources,1,Travel_Rarely,1,1,0,0,0,1,3,2,2,4,4,3,0,0.0,0.0,3.0,0.0,0,Cluster 0,0.0,Low,0.25,Low,0.10682979073982535,Low,Managerial / Team Review
43,Female,Married,3,Medical,Research & Development,Manager,5,Travel_Rarely,21,16,12,6,14,7,2,3,2,1,4,3,0,0.375,0.75,0.125,0.875,3,Cluster 3,0.5129166666666667,Medium,0.8171666666666667,High,0.6601548648871313,High,Training / Skill Development
48,Male,Married,3,Life Sciences,Research & Development,Research Director,5,Travel_Rarely,29,22,10,12,9,4,3,2,2,4,4,3,0,0.5454545454545454,0.45454545454545453,0.13636363636363635,0.4090909090909091,3,Cluster 3,0.6234343434343435,Medium,0.7496868686868687,High,0.5286814911347782,Medium,Training / Skill Development
29,Male,Single,2,Life Sciences,Research & Development,Research Scientist,1,Travel_Frequently,1,1,0,1,0,1,3,4,2,4,2,2,1,1.0,0.0,3.0,0.0,0,Cluster 0,0.2733333333333333,Low,0.30466666666666664,Low,0.26427879387048936,Low,Managerial / Team Review
46,Female,Married,3,Life Sciences,Sales,Sales Executive,3,Travel_Rarely,14,8,7,0,7,5,2,2,3,3,3,3,1,0.0,0.875,0.25,0.875,1,Cluster 1,0.22847222222222222,Low,0.7873611111111112,High,0.6012831946504091,Medium,Training / Skill Development
27,Female,Married,3,Life Sciences,Research & Development,Research Scientist,1,Travel_Frequently,8,7,6,7,3,0,2,1,2,4,4,2,0,1.0,0.8571428571428571,0.2857142857142857,0.42857142857142855,2,Cluster 2,0.6252380952380951,Medium,0.8583809523809524,High,0.6159486618176682,Medium,Training / Skill Development
39,Male,Divorced,4,Other,Research & Development,Research Scientist,2,Travel_Rarely,7,2,2,2,2,8,2,4,3,4,2,3,0,1.0,1.0,1.0,1.0,2,Cluster 2,0.47444444444444445,Medium,0.8115555555555556,High,0.7893784258801559,High,Training / Skill Development
55,Male,Married,4,Technical Degree,Research & Development,Research Scientist,1,Travel_Rarely,19,5,2,0,4,8,2,4,2,2,2,4,0,0.0,0.4,0.4,0.8,1,Cluster 1,0.08777777777777777,Low,0.6042222222222222,Medium,0.43673647498214974,Medium,Career Development Discussion
28,Female,Married,3,Medical,Sales,Sales Representative,1,Travel_Rarely,1,1,0,0,0,1,3,2,3,2,4,3,0,0.0,0.0,3.0,0.0,0,Cluster 0,0.0,Low,0.25,Low,0.14016312407315867,Low,Managerial / Team Review
30,Male,Single,3,Medical,Sales,Sales Representative,1,Travel_Rarely,1,1,0,0,0,1,3,4,3,2,3,2,1,0.0,0.0,3.0,0.0,0,Cluster 0,0.0,Low,0.25,Low,0.20682979073982535,Low,Managerial / Team Review
22,Male,Single,1,Life Sciences,Research & Development,Research Scientist,1,Travel_Rarely,1,1,0,0,0,1,2,2,3,4,1,3,1,0.0,0.0,2.0,0.0,0,Cluster 0,0.0,Low,0.33333333333333337,Medium,0.15355083209754491,Low,Managerial / Team Review
36,Female,Married,4,Technical Degree,Sales,Sales Executive,2,Travel_Rarely,10,10,9,1,7,1,4,3,2,2,1,3,0,0.1,0.9,0.4,0.7,1,Cluster 1,0.30833333333333335,Low,0.7983333333333333,High,0.61575424287362,Medium,Training / Skill Development
31,Male,Divorced,3,Life Sciences,Research & Development,Laboratory Technician,2,Travel_Rarely,10,10,8,0,2,1,2,3,3,2,1,3,0,0.0,0.8,0.2,0.2,1,Cluster 1,0.2311111111111111,Low,0.7695555555555555,High,0.546297687702532,Medium,Training / Skill Development
34,Male,Married,3,Life Sciences,Sales,Sales Executive,3,Travel_Rarely,9,5,3,1,0,2,3,4,3,3,4,3,0,0.2,0.6,0.6,0.0,1,Cluster 1,0.20500000000000002,Low,0.671,High,0.48596449167902456,Medium,Training / Skill Development
29,Male,Single,3,Life Sciences,Research & Development,Laboratory Technician,1,Travel_Rarely,11,3,2,1,2,3,2,1,3,4,2,3,0,0.3333333333333333,0.6666666666666666,0.6666666666666666,0.6666666666666666,1,Cluster 1,0.2344444444444444,Low,0.6913333333333332,High,0.48139775910364146,Medium,Training / Skill Development
37,Male,Married,4,Medical,Research & Development,Research Scientist,2,Travel_Rarely,16,5,3,0,4,5,2,1,3,4,3,3,0,0.0,0.6,0.4,0.8,1,Cluster 1,0.13166666666666665,Low,0.673,High,0.44428579667160983,Medium,Training / Skill Development
35,Female,Married,2,Other,Research & Development,Manufacturing Director,2,Travel_Rarely,4,3,2,0,2,0,2,2,2,4,4,3,0,0.0,0.6666666666666666,0.6666666666666666,0.6666666666666666,1,Cluster 1,0.12777777777777777,Low,0.6699999999999999,High,0.4459705058493985,Medium,Training / Skill Development
45,Female,Married,2,Life Sciences,Research & Development,Manufacturing Director,2,Travel_Rarely,10,9,8,3,8,0,2,4,2,2,4,2,0,0.3333333333333333,0.8888888888888888,0.2222222222222222,0.8888888888888888,2,Cluster 2,0.3977777777777778,Medium,0.8277037037037038,High,0.696750443968437,High,Training / Skill Development
36,Male,Single,1,Human Resources,Human Resources,Human Resources,2,Travel_Frequently,10,10,1,0,8,1,2,4,2,2,4,2,0,0.0,0.1,0.2,0.8,1,Cluster 1,0.028888888888888888,Low,0.5191111111111111,Medium,0.33039649585324327,Medium,Career Development Discussion
40,Male,Divorced,4,Life Sciences,Research & Development,Manager,4,Travel_Rarely,22,19,7,11,16,2,3,1,3,1,1,3,0,0.5789473684210527,0.3684210526315789,0.15789473684210525,0.8421052631578947,3,Cluster 3,0.5538888888888889,Medium,0.7081461988304093,High,0.5229145773892632,Medium,Training / Skill Development
26,Female,Married,2,Life Sciences,Research & Development,Research Scientist,1,Travel_Rarely,1,1,0,1,0,1,3,3,2,2,3,2,0,1.0,0.0,3.0,0.0,0,Cluster 0,0.2733333333333333,Low,0.30466666666666664,Low,0.23094546053715603,Low,Managerial / Team Review
27,Female,Single,2,Medical,Sales,Sales Executive,2,Travel_Rarely,9,8,7,0,7,0,5,3,4,1,2,2,0,0.0,0.875,0.625,0.875,1,Cluster 1,0.22847222222222222,Low,0.7561111111111112,High,0.6629294708079311,High,Training / Skill Development
48,Female,Divorced,3,Medical,Research & Development,Manager,4,Travel_Frequently,24,22,17,4,7,3,3,4,3,4,2,3,0,0.18181818181818182,0.7727272727272727,0.13636363636363635,0.3181818181818182,3,Cluster 3,0.4908080808080808,Medium,0.8186161616161616,High,0.6704218207782221,High,Training / Skill Development
44,Male,Married,4,Life Sciences,Research & Development,Healthcare Representative,2,Travel_Rarely,10,2,0,2,2,2,5,1,4,2,4,3,0,1.0,0.0,2.5,1.0,2,Cluster 2,0.29666666666666663,Low,0.35100000000000003,Medium,0.3453890261987148,Medium,Career Development Discussion
34,Male,Married,4,Technical Degree,Research & Development,Research Scientist,1,Non-Travel,5,5,2,3,0,1,2,1,1,4,2,3,1,0.6,0.4,0.4,0.0,1,Cluster 1,0.30777777777777776,Low,0.6482222222222223,Medium,0.29647185148569233,Low,Managerial / Team Review
56,Male,Single,2,Life Sciences,Research & Development,Laboratory Technician,1,Travel_Rarely,5,4,2,1,0,1,3,4,3,1,4,3,1,0.25,0.5,0.75,0.0,1,Cluster 1,0.18861111111111112,Low,0.6252222222222222,Medium,0.4486935107376283,Medium,Managerial / Team Review
36,Male,Married,2,Marketing,Sales,Sales Executive,2,Travel_Rarely,12,4,2,1,3,2,1,2,2,3,3,1,0,0.25,0.5,0.25,0.75,1,Cluster 1,0.18861111111111112,Low,0.6668888888888889,High,0.4303873647498215,Medium,Training / Skill Development
41,Female,Married,3,Marketing,Sales,Sales Executive,2,Travel_Rarely,14,5,4,1,4,5,3,2,3,3,3,3,0,0.2,0.8,0.6,0.8,1,Cluster 1,0.24888888888888888,Low,0.7397777777777778,High,0.5735138133684846,Medium,Training / Skill Development
42,Male,Married,3,Medical,Research & Development,Research Director,3,Travel_Rarely,18,13,7,5,7,9,3,1,3,3,2,4,0,0.38461538461538464,0.5384615384615384,0.23076923076923078,0.5384615384615384,3,Cluster 3,0.39081196581196576,Medium,0.7204700854700854,High,0.48811711260673196,Medium,Training / Skill Development
31,Female,Divorced,2,Medical,Sales,Sales Executive,2,Travel_Rarely,8,5,2,1,4,2,2,4,3,3,4,3,0,0.2,0.4,0.4,0.8,1,Cluster 1,0.1611111111111111,Low,0.6188888888888889,Medium,0.494426044927775,Medium,Career Development Discussion
34,Female,Married,1,Medical,Sales,Sales Executive,2,Travel_Rarely,9,4,2,0,1,3,3,4,2,4,3,2,0,0.0,0.5,0.75,0.25,1,Cluster 1,0.10277777777777777,Low,0.6080555555555556,Medium,0.4118523095512715,Medium,Managerial / Team Review
31,Female,Divorced,3,Medical,Research & Development,Laboratory Technician,1,Travel_Rarely,4,2,2,2,2,8,0,3,4,1,2,2,0,1.0,1.0,0.0,1.0,2,Cluster 2,0.47444444444444445,Medium,0.894888888888889,High,0.8027661339045421,High,Training / Skill Development
26,Male,Married,3,Other,Research & Development,Laboratory Technician,1,Travel_Frequently,8,7,7,7,7,0,3,4,4,3,1,3,0,1.0,1.0,0.42857142857142855,1.0,2,Cluster 2,0.6605555555555556,High,0.8963968253968253,High,0.8921750543354595,High,Training + Promotion Review
45,Male,Single,4,Medical,Research & Development,Healthcare Representative,2,Travel_Frequently,12,4,2,0,3,4,3,3,3,2,3,3,0,0.0,0.5,0.75,0.75,1,Cluster 1,0.10277777777777777,Low,0.6080555555555556,Medium,0.46185230955127143,Medium,Career Development Discussion
33,Male,Single,4,Marketing,Sales,Sales Executive,2,Travel_Rarely,10,10,4,0,9,1,2,3,3,2,2,2,0,0.0,0.4,0.2,0.9,1,Cluster 1,0.11555555555555555,Low,0.6264444444444444,Medium,0.45863986378865274,Medium,Career Development Discussion
28,Male,Married,2,Life Sciences,Sales,Sales Executive,2,Travel_Frequently,7,7,7,0,7,1,2,4,2,3,3,3,0,0.0,1.0,0.2857142857142857,1.0,1,Cluster 1,0.2472222222222222,Low,0.8256349206349205,High,0.6901403110263713,High,Training / Skill Development
29,Male,Single,3,Technical Degree,Sales,Sales Representative,1,Travel_Frequently,1,1,0,0,0,1,3,1,4,3,4,3,1,0.0,0.0,3.0,0.0,0,Cluster 0,0.0,Low,0.25,Low,0.14016312407315867,Low,Managerial / Team Review
39,Female,Married,4,Life Sciences,Sales,Sales Executive,2,Non-Travel,10,3,2,1,2,6,1,3,1,1,3,3,0,0.3333333333333333,0.6666666666666666,0.3333333333333333,0.6666666666666666,1,Cluster 1,0.2344444444444444,Low,0.719111111111111,High,0.4858603284451035,Medium,Training / Skill Development
27,Male,Married,4,Technical Degree,Research & Development,Research Scientist,1,Travel_Rarely,6,5,3,1,2,1,3,2,3,2,3,2,0,0.2,0.6,0.6,0.4,1,Cluster 1,0.20500000000000002,Low,0.671,High,0.45929782501235783,Medium,Training / Skill Development
34,Male,Married,4,Other,Research & Development,Research Scientist,2,Travel_Frequently,16,15,10,6,11,1,3,4,2,3,2,3,0,0.4,0.6666666666666666,0.2,0.7333333333333333,3,Cluster 3,0.4788888888888888,Medium,0.7791111111111111,High,0.6421661448893282,Medium,Training / Skill Development
28,Female,Single,2,Marketing,Sales,Sales Executive,2,Travel_Rarely,6,2,0,2,2,3,0,3,3,4,4,3,1,1.0,0.0,0.0,1.0,2,Cluster 2,0.29666666666666663,Low,0.5593333333333333,Medium,0.4121916295930136,Medium,Career Development Discussion
47,Male,Married,4,Technical Degree,Research & Development,Research Scientist,2,Non-Travel,16,8,7,1,7,8,4,2,3,3,3,4,0,0.125,0.875,0.5,0.875,1,Cluster 1,0.2830555555555555,Low,0.7774444444444444,High,0.6160650573955071,Medium,Training / Skill Development
56,Female,Married,5,Marketing,Sales,Sales Executive,2,Travel_Rarely,6,0,0,0,0,4,3,1,2,4,3,3,0,0.0,0.0,3.0,0.0,0,Cluster 0,0.0,Low,0.25,Low,0.07349645740649201,Low,Managerial / Team Review
39,Male,Married,2,Medical,Research & Development,Manufacturing Director,2,Travel_Rarely,10,10,0,7,9,1,3,1,3,1,4,3,0,0.7,0.0,0.3,0.9,2,Cluster 2,0.3383333333333333,Medium,0.5426666666666666,Medium,0.3453474213214698,Medium,Career Development Discussion
38,Female,Divorced,3,Medical,Research & Development,Research Scientist,2,Travel_Frequently,20,20,11,0,7,1,3,2,2,4,3,3,0,0.0,0.55,0.15,0.35,3,Cluster 3,0.23527777777777775,Low,0.6995555555555555,High,0.42213534629538085,Medium,Training / Skill Development
58,Female,Married,3,Life Sciences,Sales,Manager,4,Travel_Rarely,29,1,0,0,0,4,2,4,3,4,3,2,0,0.0,0.0,2.0,0.0,0,Cluster 0,0.0,Low,0.33333333333333337,Medium,0.2202174987642116,Low,Managerial / Team Review
32,Female,Single,2,Life Sciences,Research & Development,Research Scientist,1,Travel_Frequently,8,4,1,0,3,3,2,3,4,1,1,3,1,0.0,0.25,0.5,0.75,1,Cluster 1,0.05138888888888889,Low,0.5436111111111112,Medium,0.40691581534574617,Medium,Career Development Discussion
38,Male,Divorced,2,Life Sciences,Research & Development,Research Scientist,1,Travel_Rarely,10,5,2,0,3,2,0,4,3,2,4,4,0,0.0,0.4,0.0,0.6,1,Cluster 1,0.08777777777777777,Low,0.6375555555555555,Medium,0.45542489152523746,Medium,Career Development Discussion
49,Male,Married,1,Life Sciences,Research & Development,Research Director,5,Travel_Frequently,28,5,4,4,3,3,3,4,3,2,4,3,0,0.8,0.8,0.6,0.6,2,Cluster 2,0.4688888888888889,Medium,0.7837777777777777,High,0.6932491898720271,High,Training / Skill Development
42,Male,Divorced,4,Marketing,Sales,Sales Executive,2,Travel_Rarely,14,0,0,0,0,3,4,4,3,2,3,3,0,0.0,0.0,4.0,0.0,0,Cluster 0,0.0,Low,0.16666666666666669,Low,0.19344208271543914,Low,Managerial / Team Review
27,Female,Married,3,Human Resources,Human Resources,Human Resources,1,Travel_Frequently,1,1,0,0,0,1,2,2,2,1,1,3,1,0.0,0.0,2.0,0.0,0,Cluster 0,0.0,Low,0.33333333333333337,Medium,0.12021749876421156,Low,Managerial / Team Review
35,Male,Married,4,Medical,Sales,Sales Executive,2,Travel_Rarely,6,5,3,0,4,0,2,1,3,2,4,1,0,0.0,0.6,0.4,0.8,1,Cluster 1,0.13166666666666665,Low,0.673,High,0.44428579667160983,Medium,Training / Skill Development
28,Male,Single,3,Medical,Research & Development,Research Scientist,1,Non-Travel,5,5,3,1,4,1,3,3,3,3,3,2,0,0.2,0.6,0.6,0.8,1,Cluster 1,0.20500000000000002,Low,0.671,High,0.5326311583456912,Medium,Training / Skill Development
31,Male,Divorced,2,Medical,Research & Development,Research Scientist,1,Non-Travel,4,4,2,2,3,1,3,1,3,3,4,4,0,0.5,0.5,0.75,0.75,1,Cluster 1,0.27444444444444444,Low,0.6423888888888889,Medium,0.4522013785906519,Medium,Career Development Discussion
36,Male,Married,4,Life Sciences,Research & Development,Laboratory Technician,1,Non-Travel,5,5,4,0,2,1,3,2,4,1,2,3,0,0.0,0.8,0.6,0.4,1,Cluster 1,0.17555555555555555,Low,0.725111111111111,High,0.542490910089526,Medium,Training / Skill Development
34,Male,Single,3,Marketing,Sales,Sales Executive,3,Travel_Rarely,14,14,8,2,1,1,3,4,3,1,1,2,0,0.14285714285714285,0.5714285714285714,0.21428571428571427,0.07142857142857142,1,Cluster 1,0.2792063492063492,Low,0.7094126984126984,High,0.5143974923302653,Medium,Training / Skill Development
34,Male,Divorced,4,Medical,Sales,Sales Executive,3,Travel_Rarely,9,8,7,1,1,1,2,3,3,4,3,2,0,0.125,0.875,0.25,0.125,1,Cluster 1,0.2830555555555555,Low,0.7982777777777778,High,0.5777453177349371,Medium,Training / Skill Development
26,Male,Single,3,Medical,Research & Development,Laboratory Technician,1,Travel_Rarely,8,7,7,7,6,0,6,1,3,3,4,2,0,1.0,1.0,0.8571428571428571,0.8571428571428571,2,Cluster 2,0.6605555555555556,High,0.8606825396825397,High,0.7388184175631037,High,Training + Promotion Review
29,Male,Married,3,Life Sciences,Research & Development,Healthcare Representative,2,Travel_Rarely,6,5,3,0,2,0,5,1,3,1,1,2,0,0.0,0.6,1.0,0.4,1,Cluster 1,0.13166666666666665,Low,0.623,Medium,0.39625317185697806,Medium,Career Rotation
32,Female,Divorced,4,Medical,Research & Development,Healthcare Representative,2,Non-Travel,9,5,1,1,2,5,6,4,3,3,2,3,0,0.2,0.2,1.2,0.4,1,Cluster 1,0.11722222222222223,Low,0.48344444444444445,Medium,0.36949989015213935,Medium,Career Development Discussion
31,Male,Married,3,Life Sciences,Research & Development,Research Scientist,2,Travel_Frequently,10,10,8,8,7,1,6,1,1,4,2,3,0,0.8,0.8,0.6,0.7,2,Cluster 2,0.6177777777777778,Medium,0.8135555555555555,High,0.5860330642060745,Medium,Training / Skill Development
28,Male,Divorced,3,Technical Degree,Research & Development,Laboratory Technician,1,Travel_Rarely,6,4,1,0,3,5,2,4,2,3,1,2,1,0.0,0.25,0.5,0.75,1,Cluster 1,0.05138888888888889,Low,0.5436111111111112,Medium,0.37358248201241284,Medium,Career Development Discussion
38,Male,Single,3,Life Sciences,Sales,Sales Representative,1,Travel_Rarely,20,1,0,0,0,4,3,1,2,1,1,2,0,0.0,0.0,3.0,0.0,0,Cluster 0,0.0,Low,0.25,Low,0.07349645740649201,Low,Managerial / Team Review
35,Female,Married,4,Life Sciences,Sales,Sales Executive,2,Travel_Rarely,10,10,8,0,9,1,2,4,3,3,4,3,0,0.0,0.8,0.2,0.9,1,Cluster 1,0.2311111111111111,Low,0.7695555555555555,High,0.6496310210358653,Medium,Training / Skill Development
27,Male,Single,3,Marketing,Sales,Sales Executive,2,Travel_Rarely,7,7,7,0,7,1,5,4,3,4,1,3,0,0.0,1.0,0.7142857142857143,1.0,1,Cluster 1,0.2472222222222222,Low,0.7899206349206349,High,0.7177360552063963,High,Training / Skill Development
32,Male,Single,4,Life Sciences,Research & Development,Manufacturing Director,2,Travel_Rarely,8,1,0,0,0,8,1,4,2,4,2,3,0,0.0,0.0,1.0,0.0,0,Cluster 0,0.0,Low,0.4166666666666667,Medium,0.20027187345526445,Low,Managerial / Team Review
31,Male,Married,4,Marketing,Sales,Sales Executive,2,Travel_Frequently,10,10,7,0,8,1,4,4,3,1,3,3,1,0.0,0.7,0.4,0.8,1,Cluster 1,0.2022222222222222,Low,0.717111111111111,High,0.5975390234525182,Medium,Training / Skill Development
53,Male,Single,4,Life Sciences,Sales,Sales Executive,3,Travel_Rarely,15,2,2,2,2,6,2,1,3,1,2,2,1,1.0,1.0,1.0,1.0,2,Cluster 2,0.47444444444444445,Medium,0.8115555555555556,High,0.689378425880156,High,Training / Skill Development
54,Female,Married,2,Life Sciences,Research & Development,Research Scientist,2,Travel_Rarely,9,4,3,2,3,3,6,3,3,1,3,2,0,0.5,0.75,1.5,0.75,2,Cluster 2,0.3258333333333333,Low,0.6651666666666667,High,0.6004440187839842,Medium,Training / Skill Development
33,Male,Divorced,2,Life Sciences,Research & Development,Healthcare Representative,2,Travel_Frequently,9,9,7,2,8,1,2,3,3,4,3,3,0,0.2222222222222222,0.7777777777777778,0.2222222222222222,0.8888888888888888,1,Cluster 1,0.3161111111111111,Low,0.778037037037037,High,0.6364935922081251,Medium,Training / Skill Development
43,Male,Married,3,Life Sciences,Research & Development,Healthcare Representative,3,Travel_Rarely,10,10,9,0,9,1,1,3,3,1,2,3,0,0.0,0.9,0.1,0.9,1,Cluster 1,0.26,Low,0.8136666666666668,High,0.6570509144834403,Medium,Training / Skill Development
38,Male,Married,4,Other,Human Resources,Human Resources,1,Travel_Frequently,7,6,2,1,2,0,2,2,3,4,2,3,0,0.16666666666666666,0.3333333333333333,0.3333333333333333,0.3333333333333333,1,Cluster 1,0.14277777777777775,Low,0.6007777777777777,Medium,0.35601644971714175,Medium,Career Development Discussion
55,Male,Married,4,Human Resources,Human Resources,Manager,5,Travel_Rarely,35,10,9,1,4,4,0,2,4,3,1,3,0,0.1,0.9,0.0,0.4,3,Cluster 3,0.30833333333333335,Low,0.8316666666666667,High,0.6244426594167078,Medium,Training / Skill Development
31,Female,Divorced,1,Medical,Research & Development,Laboratory Technician,1,Travel_Rarely,1,1,0,0,0,1,4,4,1,4,3,3,0,0.0,0.0,4.0,0.0,0,Cluster 0,0.0,Low,0.16666666666666669,Low,0.12677541604877246,Low,Managerial / Team Review
39,Male,Single,4,Marketing,Sales,Sales Executive,4,Travel_Rarely,21,20,8,11,10,0,3,1,3,2,1,3,0,0.55,0.4,0.15,0.5,3,Cluster 3,0.5652777777777778,Medium,0.7205555555555555,High,0.5020090487175263,Medium,Training / Skill Development
42,Male,Single,2,Life Sciences,Research & Development,Research Scientist,2,Non-Travel,20,20,9,3,7,1,2,3,2,4,4,3,0,0.15,0.45,0.1,0.35,3,Cluster 3,0.30000000000000004,Low,0.6866666666666668,High,0.44781471412094254,Medium,Training / Skill Development
31,Female,Married,3,Medical,Research & Development,Research Director,3,Non-Travel,13,11,7,4,8,4,2,3,3,3,3,4,0,0.36363636363636365,0.6363636363636364,0.18181818181818182,0.7272727272727273,3,Cluster 3,0.3769191919191919,Medium,0.7511414141414141,High,0.5989000159778707,Medium,Training / Skill Development
54,Female,Single,3,Medical,Research & Development,Manufacturing Director,2,Travel_Rarely,9,5,2,1,4,6,3,1,3,3,4,3,0,0.2,0.4,0.6,0.8,1,Cluster 1,0.1611111111111111,Low,0.6022222222222223,Medium,0.3917485033228978,Medium,Career Development Discussion
24,Male,Single,2,Life Sciences,Research & Development,Healthcare Representative,2,Travel_Rarely,4,4,3,1,2,1,2,3,2,2,2,2,0,0.25,0.75,0.5,0.5,1,Cluster 1,0.24,Low,0.7313333333333334,High,0.5269905256220135,Medium,Training / Skill Development
23,Male,Single,2,Other,Research & Development,Laboratory Technician,1,Travel_Rarely,5,5,2,1,4,1,6,4,3,4,3,4,0,0.2,0.4,1.2,0.8,1,Cluster 1,0.1611111111111111,Low,0.5522222222222223,Medium,0.48371587850826603,Medium,Career Development Discussion
40,Female,Married,3,Technical Degree,Research & Development,Laboratory Technician,2,Travel_Frequently,10,10,9,9,4,1,2,3,3,4,1,4,0,0.9,0.9,0.2,0.4,2,Cluster 2,0.695,High,0.8923333333333334,High,0.7501889108584611,High,Training + Promotion Review
40,Female,Married,2,Marketing,Sales,Sales Executive,2,Travel_Rarely,15,11,8,5,10,3,4,2,3,2,3,3,0,0.45454545454545453,0.7272727272727273,0.36363636363636365,0.9090909090909091,3,Cluster 3,0.45050505050505046,Medium,0.777979797979798,High,0.6328631844894821,Medium,Training / Skill Development
25,Female,Married,3,Human Resources,Human Resources,Human Resources,1,Travel_Rarely,6,2,0,1,2,4,3,2,3,3,3,3,0,0.5,0.0,1.5,1.0,1,Cluster 1,0.14833333333333332,Low,0.4046666666666667,Medium,0.3095107101664195,Low,Career Development Discussion
30,Male,Married,2,Medical,Research & Development,Laboratory Technician,1,Travel_Rarely,12,12,8,1,7,1,6,2,3,4,3,2,0,0.08333333333333333,0.6666666666666666,0.5,0.5833333333333334,1,Cluster 1,0.25527777777777777,Low,0.7093888888888888,High,0.5155484291755917,Medium,Training / Skill Development
25,Male,Divorced,1,Other,Research & Development,Laboratory Technician,1,Travel_Rarely,7,2,2,0,2,6,2,3,3,4,3,2,0,0.0,1.0,1.0,1.0,1,Cluster 1,0.17777777777777776,Low,0.7522222222222222,High,0.6575130444334596,Medium,Training / Skill Development
47,Male,Single,3,Medical,Research & Development,Healthcare Representative,3,Travel_Rarely,25,17,14,12,11,2,3,3,3,1,2,3,0,0.7058823529411765,0.8235294117647058,0.17647058823529413,0.6470588235294118,3,Cluster 3,0.7744444444444444,High,0.8872418300653594,High,0.7787925167760299,High,Training + Promotion Review
33,Male,Divorced,2,Medical,Research & Development,Laboratory Technician,1,Non-Travel,1,1,1,0,0,1,2,3,2,2,3,2,0,0.0,1.0,2.0,0.0,0,Cluster 0,0.1638888888888889,Low,0.6661111111111111,High,0.5061790794749272,Medium,Training / Skill Development
38,Male,Married,4,Life Sciences,Sales,Sales Executive,2,Travel_Rarely,16,15,13,5,8,0,3,2,3,4,1,3,0,0.3333333333333333,0.8666666666666667,0.2,0.5333333333333333,3,Cluster 3,0.5105555555555555,Medium,0.8454444444444446,High,0.6589894271434064,Medium,Training / Skill Development
31,Male,Married,2,Life Sciences,Sales,Sales Representative,1,Travel_Rarely,3,2,2,1,2,0,1,3,3,1,3,3,0,0.5,1.0,0.5,1.0,2,Cluster 2,0.32611111111111113,Low,0.8235555555555555,High,0.7134729225023342,High,Training / Skill Development
38,Male,Married,4,Life Sciences,Research & Development,Manufacturing Director,2,Travel_Frequently,10,8,3,7,7,2,1,3,2,1,4,3,0,0.875,0.375,0.125,0.875,2,Cluster 2,0.48,Medium,0.6980833333333333,High,0.5373988301202834,Medium,Training / Skill Development
42,Male,Divorced,4,Life Sciences,Research & Development,Research Scientist,2,Travel_Rarely,9,4,3,1,2,6,3,1,3,4,3,2,0,0.25,0.75,0.75,0.5,1,Cluster 1,0.24,Low,0.7105,High,0.4903102652825836,Medium,Training / Skill Development
41,Male,Married,3,Life Sciences,Research & Development,Research Scientist,1,Travel_Rarely,12,5,3,1,0,3,3,4,3,4,1,3,0,0.2,0.6,0.6,0.0,1,Cluster 1,0.20500000000000002,Low,0.671,High,0.48596449167902456,Medium,Training / Skill Development
47,Female,Married,1,Medical,Research & Development,Research Director,3,Non-Travel,14,13,8,5,12,0,3,2,3,3,1,1,0,0.38461538461538464,0.6153846153846154,0.23076923076923078,0.9230769230769231,3,Cluster 3,0.4162393162393162,Medium,0.7486324786324787,High,0.5912953175236912,Medium,Training / Skill Development
35,Male,Married,4,Medical,Research & Development,Laboratory Technician,1,Travel_Rarely,5,2,2,2,2,7,3,3,3,4,3,3,0,1.0,1.0,1.5,1.0,2,Cluster 2,0.47444444444444445,Medium,0.769888888888889,High,0.7493512385346295,High,Training / Skill Development
22,Male,Single,2,Life Sciences,Research & Development,Research Scientist,1,Travel_Rarely,4,3,2,1,2,0,2,3,3,4,4,4,0,0.3333333333333333,0.6666666666666666,0.6666666666666666,0.6666666666666666,1,Cluster 1,0.2344444444444444,Low,0.6913333333333332,High,0.5480644257703081,Medium,Training / Skill Development
35,Male,Single,4,Medical,Research & Development,Research Scientist,2,Travel_Rarely,10,10,7,0,8,1,5,3,3,2,2,3,0,0.0,0.7,0.5,0.8,1,Cluster 1,0.2022222222222222,Low,0.7087777777777777,High,0.5628669193167463,Medium,Training / Skill Development
33,Female,Married,2,Medical,Research & Development,Healthcare Representative,2,Travel_Rarely,10,9,7,8,1,0,6,4,3,2,1,3,0,0.8888888888888888,0.7777777777777778,0.6666666666666666,0.1111111111111111,2,Cluster 2,0.6227777777777778,Medium,0.8023333333333333,High,0.687952408414346,High,Training / Skill Development
32,Female,Single,4,Life Sciences,Research & Development,Laboratory Technician,1,Travel_Rarely,6,6,2,4,1,1,3,2,2,3,3,3,0,0.6666666666666666,0.3333333333333333,0.5,0.16666666666666666,2,Cluster 2,0.33777777777777773,Medium,0.6258888888888889,Medium,0.36855061240182346,Medium,Managerial / Team Review
40,Male,Married,4,Life Sciences,Research & Development,Laboratory Technician,1,Travel_Rarely,8,1,0,0,0,8,3,4,3,1,3,2,0,0.0,0.0,3.0,0.0,0,Cluster 0,0.0,Low,0.25,Low,0.20682979073982535,Low,Managerial / Team Review
32,Male,Married,4,Medical,Sales,Sales Representative,1,Travel_Rarely,3,2,2,2,2,0,2,2,2,2,2,3,0,1.0,1.0,1.0,1.0,2,Cluster 2,0.47444444444444445,Medium,0.8115555555555556,High,0.689378425880156,High,Training / Skill Development
39,Male,Single,1,Life Sciences,Research & Development,Research Scientist,2,Travel_Rarely,18,7,7,1,7,7,2,4,3,1,1,3,0,0.14285714285714285,1.0,0.2857142857142857,1.0,1,Cluster 1,0.30626984126984125,Low,0.8374444444444443,High,0.7430851595540177,High,Training / Skill Development
38,Female,Married,3,Medical,Research & Development,Research Director,3,Travel_Rarely,20,18,16,1,11,3,3,3,1,2,1,3,0,0.05555555555555555,0.8888888888888888,0.16666666666666666,0.6111111111111112,3,Cluster 3,0.3927777777777778,Medium,0.8313333333333334,High,0.6013891085846104,Medium,Training / Skill Development
32,Female,Married,4,Marketing,Sales,Sales Executive,3,Travel_Rarely,14,14,10,5,7,1,3,4,3,3,3,3,0,0.35714285714285715,0.7142857142857143,0.21428571428571427,0.5,3,Cluster 3,0.451984126984127,Medium,0.7868253968253968,High,0.6572387974797762,Medium,Training / Skill Development
37,Female,Married,3,Life Sciences,Research & Development,Research Director,3,Travel_Rarely,16,16,11,6,8,1,2,4,4,3,1,3,0,0.375,0.6875,0.125,0.5,3,Cluster 3,0.4896527777777777,Medium,0.7937638888888888,High,0.6962909835502828,High,Training / Skill Development
25,Female,Divorced,2,Other,Sales,Sales Executive,2,Travel_Rarely,6,5,3,0,4,0,3,3,3,1,2,2,0,0.0,0.6,0.6,0.8,1,Cluster 1,0.13166666666666665,Low,0.6563333333333333,Medium,0.5082749217333993,Medium,Career Rotation
52,Male,Divorced,4,Life Sciences,Sales,Sales Representative,1,Non-Travel,16,9,8,0,0,2,3,4,3,1,2,2,0,0.0,0.8888888888888888,0.3333333333333333,0.0,1,Cluster 1,0.24444444444444444,Low,0.7877777777777778,High,0.5887806887460867,Medium,Training / Skill Development
44,Male,Single,3,Medical,Research & Development,Research Scientist,1,Travel_Rarely,6,4,3,1,2,6,2,4,3,2,3,3,0,0.25,0.75,0.5,0.5,1,Cluster 1,0.24,Low,0.7313333333333334,High,0.5936571922886802,Medium,Training / Skill Development
21,Male,Single,1,Medical,Sales,Sales Representative,1,Travel_Rarely,2,2,2,1,2,1,6,1,3,3,4,3,0,0.5,1.0,3.0,1.0,2,Cluster 2,0.32611111111111113,Low,0.6152222222222222,Medium,0.613336985774702,Medium,Career Rotation
39,Male,Single,3,Life Sciences,Research & Development,Manager,5,Non-Travel,21,6,0,1,3,2,3,4,3,4,3,2,0,0.16666666666666666,0.0,0.5,0.5,1,Cluster 1,0.065,Low,0.4713333333333333,Medium,0.31188754325259516,Low,Career Development Discussion
23,Male,Married,3,Marketing,Sales,Sales Representative,1,Travel_Frequently,1,1,0,1,0,1,3,1,3,4,1,2,1,1.0,0.0,3.0,0.0,0,Cluster 0,0.2733333333333333,Low,0.30466666666666664,Low,0.1976121272038227,Low,Managerial / Team Review
36,Female,Married,3,Medical,Sales,Sales Executive,3,Travel_Rarely,10,9,7,3,4,0,2,4,2,1,3,3,0,0.3333333333333333,0.7777777777777778,0.2222222222222222,0.4444444444444444,1,Cluster 1,0.3672222222222222,Medium,0.7882592592592592,High,0.609024706614672,Medium,Training / Skill Development
36,Female,Divorced,2,Life Sciences,Research & Development,Manufacturing Director,2,Travel_Frequently,18,4,2,0,2,7,3,2,3,4,2,3,0,0.0,0.5,0.75,0.5,1,Cluster 1,0.10277777777777777,Low,0.6080555555555556,Medium,0.4035189762179381,Medium,Career Development Discussion
56,Male,Divorced,4,Life Sciences,Research & Development,Healthcare Representative,2,Non-Travel,13,13,12,1,9,1,2,3,3,3,1,2,0,0.07692307692307693,0.9230769230769231,0.15384615384615385,0.6923076923076923,3,Cluster 3,0.3476923076923077,Medium,0.8336410256410256,High,0.6715675374222086,High,Training / Skill Development
29,Male,Married,4,Medical,Research & Development,Research Scientist,1,Travel_Rarely,4,2,2,2,2,9,3,4,3,1,2,4,1,1.0,1.0,1.5,1.0,2,Cluster 2,0.47444444444444445,Medium,0.769888888888889,High,0.7826845718679628,High,Training / Skill Development
42,Male,Married,3,Life Sciences,Research & Development,Manager,5,Travel_Rarely,24,22,6,4,14,5,2,3,3,1,1,2,0,0.18181818181818182,0.2727272727272727,0.09090909090909091,0.6363636363636364,3,Cluster 3,0.263030303030303,Low,0.6268484848484848,Medium,0.44476537994877097,Medium,Career Development Discussion
56,Male,Married,2,Technical Degree,Research & Development,Laboratory Technician,1,Travel_Rarely,14,10,9,9,8,8,4,3,3,4,4,1,1,0.9,0.9,0.4,0.8,2,Cluster 2,0.695,High,0.8756666666666667,High,0.7875113692535838,High,Training + Promotion Review
41,Female,Married,4,Life Sciences,Research & Development,Manufacturing Director,4,Travel_Rarely,21,20,7,0,10,0,3,2,2,1,3,3,0,0.0,0.35,0.15,0.5,3,Cluster 3,0.1497222222222222,Low,0.6224444444444445,Medium,0.34908058713681545,Medium,Career Development Discussion
34,Female,Married,3,Marketing,Sales,Sales Executive,2,Travel_Rarely,8,8,7,1,7,1,2,3,2,4,4,3,0,0.125,0.875,0.25,0.875,1,Cluster 1,0.2830555555555555,Low,0.7982777777777778,High,0.6194119844016037,Medium,Training / Skill Development
36,Male,Divorced,4,Marketing,Sales,Sales Executive,2,Non-Travel,15,15,12,11,11,1,4,4,1,4,1,2,0,0.7333333333333333,0.8,0.26666666666666666,0.7333333333333333,3,Cluster 3,0.7266666666666667,High,0.8631111111111112,High,0.729994287911243,High,Training + Promotion Review
41,Male,Divorced,3,Life Sciences,Sales,Sales Executive,2,Travel_Rarely,14,5,4,0,4,2,5,2,2,3,3,3,0,0.0,0.8,1.0,0.8,1,Cluster 1,0.17555555555555555,Low,0.6917777777777778,High,0.5104691602131048,Medium,Training / Skill Development
32,Male,Single,3,Technical Degree,Research & Development,Research Scientist,1,Travel_Rarely,4,4,2,1,2,1,4,1,3,4,4,3,0,0.25,0.5,1.0,0.5,1,Cluster 1,0.18861111111111112,Low,0.6043888888888889,Medium,0.39534658373153175,Medium,Career Development Discussion
35,Female,Single,4,Life Sciences,Human Resources,Human Resources,3,Travel_Rarely,9,9,0,1,7,1,2,4,3,3,3,3,0,0.1111111111111111,0.0,0.2222222222222222,0.7777777777777778,1,Cluster 1,0.05111111111111111,Low,0.49170370370370375,Medium,0.33877120521411175,Medium,Career Development Discussion
38,Female,Married,2,Life Sciences,Sales,Sales Executive,2,Travel_Rarely,10,10,7,1,9,1,1,4,3,1,3,3,0,0.1,0.7,0.1,0.9,1,Cluster 1,0.25055555555555553,Low,0.7517777777777778,High,0.627608309990663,Medium,Training / Skill Development
50,Male,Divorced,4,Life Sciences,Sales,Sales Executive,2,Travel_Frequently,12,6,3,0,1,7,3,3,3,2,4,3,1,0.0,0.5,0.5,0.16666666666666666,1,Cluster 1,0.11666666666666667,Low,0.6316666666666666,Medium,0.4114788268248476,Medium,Managerial / Team Review
36,Female,Married,4,Marketing,Sales,Sales Executive,2,Travel_Rarely,8,6,3,0,0,4,2,4,2,2,1,2,0,0.0,0.5,0.3333333333333333,0.0,1,Cluster 1,0.11666666666666667,Low,0.6455555555555555,Medium,0.39704344482891196,Medium,Managerial / Team Review
45,Female,Single,3,Life Sciences,Sales,Sales Executive,2,Travel_Rarely,8,5,3,0,1,8,3,3,3,4,3,3,0,0.0,0.6,0.6,0.2,1,Cluster 1,0.13166666666666665,Low,0.6563333333333333,Medium,0.4482749217333992,Medium,Career Rotation
40,Male,Single,4,Life Sciences,Research & Development,Research Scientist,1,Travel_Rarely,8,2,2,2,2,2,2,3,2,3,4,3,0,1.0,1.0,1.0,1.0,2,Cluster 2,0.47444444444444445,Medium,0.8115555555555556,High,0.7227117592134893,High,Training / Skill Development
35,Male,Married,4,Life Sciences,Research & Development,Healthcare Representative,2,Travel_Frequently,10,10,2,0,2,1,2,3,3,3,4,4,0,0.0,0.2,0.2,0.2,1,Cluster 1,0.057777777777777775,Low,0.5548888888888889,Medium,0.3098109518317131,Low,Managerial / Team Review
40,Female,Married,4,Medical,Research & Development,Research Scientist,1,Travel_Rarely,20,5,3,0,2,2,2,3,3,3,2,3,0,0.0,0.6,0.4,0.4,1,Cluster 1,0.13166666666666665,Low,0.673,High,0.47095246333827645,Medium,Training / Skill Development
35,Female,Married,4,Life Sciences,Research & Development,Research Scientist,1,Travel_Rarely,4,4,3,1,1,1,5,4,1,3,4,3,0,0.25,0.75,1.25,0.25,1,Cluster 1,0.24,Low,0.6688333333333334,High,0.49194974460372387,Medium,Training / Skill Development
29,Male,Married,2,Other,Research & Development,Laboratory Technician,2,Travel_Rarely,10,4,3,0,3,4,2,2,2,4,1,3,0,0.0,0.75,0.5,0.75,1,Cluster 1,0.15416666666666665,Low,0.7141666666666667,High,0.4901493244356566,Medium,Training / Skill Development
29,Female,Single,4,Medical,Research & Development,Research Scientist,1,Travel_Rarely,5,5,4,0,4,1,3,1,2,4,2,1,0,0.0,0.8,0.6,0.8,1,Cluster 1,0.17555555555555555,Low,0.725111111111111,High,0.482490910089526,Medium,Training / Skill Development
50,Male,Divorced,3,Marketing,Sales,Sales Executive,3,Travel_Rarely,20,3,2,2,0,4,3,1,2,4,2,3,1,0.6666666666666666,0.6666666666666666,1.0,0.0,1,Cluster 1,0.3411111111111111,Medium,0.6848888888888889,High,0.4123624430164222,Medium,Training / Skill Development
39,Female,Married,1,Marketing,Sales,Sales Executive,4,Travel_Rarely,21,20,9,9,6,0,2,4,2,2,1,2,0,0.45,0.45,0.1,0.3,3,Cluster 3,0.5149999999999999,Medium,0.7296666666666667,High,0.547556104794859,Medium,Training / Skill Development
31,Male,Single,3,Medical,Research & Development,Manufacturing Director,2,Non-Travel,10,9,4,1,7,0,2,1,3,2,2,3,0,0.1111111111111111,0.4444444444444444,0.2222222222222222,0.7777777777777778,1,Cluster 1,0.17333333333333334,Low,0.6494814814814814,Medium,0.41189637685139413,Medium,Career Development Discussion
26,Female,Single,3,Other,Sales,Sales Representative,1,Travel_Rarely,5,4,2,0,0,0,2,3,2,4,4,3,0,0.0,0.5,0.5,0.0,1,Cluster 1,0.10277777777777777,Low,0.6288888888888888,Medium,0.35686590322403466,Medium,Managerial / Team Review
36,Male,Married,2,Medical,Research & Development,Laboratory Technician,2,Travel_Frequently,17,5,2,0,3,4,3,4,4,3,3,3,0,0.0,0.4,0.6,0.6,1,Cluster 1,0.08777777777777777,Low,0.5875555555555556,Medium,0.48072560004393916,Medium,Career Development Discussion
39,Male,Married,1,Medical,Research & Development,Healthcare Representative,3,Travel_Rarely,9,7,7,1,7,4,5,1,2,4,1,3,0,0.14285714285714285,1.0,0.7142857142857143,1.0,1,Cluster 1,0.30626984126984125,Low,0.8017301587301587,High,0.604014237067376,Medium,Training / Skill Development
27,Male,Married,3,Life Sciences,Research & Development,Manufacturing Director,2,Travel_Rarely,6,6,2,0,3,1,0,2,4,2,2,3,0,0.0,0.3333333333333333,0.0,0.5,1,Cluster 1,0.07777777777777778,Low,0.6155555555555555,Medium,0.3888905366067995,Medium,Career Development Discussion
49,Male,Married,3,Medical,Sales,Sales Executive,2,Travel_Frequently,17,9,6,0,8,2,3,2,2,4,4,2,0,0.0,0.6666666666666666,0.3333333333333333,0.8888888888888888,1,Cluster 1,0.18333333333333332,Low,0.7088888888888888,High,0.4911069918163343,Medium,Training / Skill Development
34,Male,Married,3,Medical,Research & Development,Laboratory Technician,2,Travel_Rarely,6,4,3,1,2,2,3,3,4,2,1,4,0,0.25,0.75,0.75,0.5,1,Cluster 1,0.24,Low,0.7105,High,0.5903102652825836,Medium,Training / Skill Development
